,event_id,station,components,time,duration
0,20180202T000045Z,2A.BBS05.,"['HHE', 'HHN', 'HHZ']",2018-02-02T00:00:45.210000Z,8.961989
1,20180202T000045Z,2A.BBS06.,"['HHE', 'HHN', 'HHZ']",2018-02-02T00:00:45.210000Z,8.961989
2,20180202T000045Z,2A.BBS09.,"['HHE', 'HHN', 'HHZ']",2018-02-02T00:00:45.210000Z,8.961989
3,20180202T000634Z,2A.BBS05.,"['HHE', 'HHN', 'HHZ']",2018-02-02T00:06:34.860000Z,0.821989
4,20180202T000634Z,2A.BBS06.,"['HHE', 'HHN', 'HHZ']",2018-02-02T00:06:34.860000Z,0.821989
5,20180202T000711Z,2A.BBS05.,"['HHE', 'HHN', 'HHZ']",2018-02-02T00:07:11.440000Z,2.661988
6,20180202T000711Z,2A.BBS06.,"['HHE', 'HHN', 'HHZ']",2018-02-02T00:07:11.440000Z,2.661988
7,20180202T000711Z,2A.BBS09.,"['HHE', 'HHN', 'HHZ']",2018-02-02T00:07:11.440000Z,2.661988
8,20180202T000813Z,2A.BBS05.,"['HHE', 'HHN', 'HHZ']",2018-02-02T00:08:13.280000Z,8.961989
9,20180202T000813Z,2A.BBS06.,"['HHE', 'HHN', 'HHZ']",2018-02-02T00:08:13.280000Z,8.961989
10,20180202T000813Z,2A.BBS09.,"['HHE', 'HHN', 'HHZ']",2018-02-02T00:08:13.280000Z,8.961989
11,20180202T000938Z,2A.BBS05.,"['HHE', 'HHN', 'HHZ']",2018-02-02T00:09:38.900000Z,14.651988
12,20180202T000938Z,2A.BBS06.,"['HHE', 'HHN', 'HHZ']",2018-02-02T00:09:38.900000Z,14.651988
13,20180202T000938Z,2A.BBS09.,"['HHE', 'HHN', 'HHZ']",2018-02-02T00:09:38.900000Z,14.651988
14,20180202T001143Z,2A.BBS05.,"['HHE', 'HHN', 'HHZ']",2018-02-02T00:11:43.010000Z,0.891988
15,20180202T001143Z,2A.BBS06.,"['HHE', 'HHN', 'HHZ']",2018-02-02T00:11:43.010000Z,0.891988
16,20180202T001143Z,2A.BBS09.,"['HHE', 'HHN', 'HHZ']",2018-02-02T00:11:43.010000Z,0.891988
17,20180202T001328Z,2A.BBS05.,"['HHE', 'HHN', 'HHZ']",2018-02-02T00:13:28.910000Z,3.511988
18,20180202T001328Z,2A.BBS06.,"['HHE', 'HHN', 'HHZ']",2018-02-02T00:13:28.910000Z,3.511988
19,20180202T001328Z,2A.BBS09.,"['HHE', 'HHN', 'HHZ']",2018-02-02T00:13:28.910000Z,3.511988
20,20180202T001429Z,2A.BBS05.,"['HHE', 'HHN', 'HHZ']",2018-02-02T00:14:29.140000Z,2.031988
21,20180202T001429Z,2A.BBS06.,"['HHE', 'HHN', 'HHZ']",2018-02-02T00:14:29.140000Z,2.031988
22,20180202T001429Z,2A.BBS09.,"['HHE', 'HHN', 'HHZ']",2018-02-02T00:14:29.140000Z,2.031988
23,20180202T002047Z,2A.BBS05.,"['HHE', 'HHN', 'HHZ']",2018-02-02T00:20:47.500000Z,0.821989
24,20180202T002047Z,2A.BBS06.,"['HHE', 'HHN', 'HHZ']",2018-02-02T00:20:47.500000Z,0.821989
25,20180202T002219Z,2A.BBS05.,"['HHE', 'HHN', 'HHZ']",2018-02-02T00:22:19.160000Z,0.891988
26,20180202T002219Z,2A.BBS06.,"['HHE', 'HHN', 'HHZ']",2018-02-02T00:22:19.160000Z,0.891988
27,20180202T002219Z,2A.BBS09.,"['HHE', 'HHN', 'HHZ']",2018-02-02T00:22:19.160000Z,0.891988
28,20180202T002556Z,2A.BBS05.,"['HHE', 'HHN', 'HHZ']",2018-02-02T00:25:56.680000Z,6.471988
29,20180202T002556Z,2A.BBS06.,"['HHE', 'HHN', 'HHZ']",2018-02-02T00:25:56.680000Z,6.471988
30,20180202T002556Z,2A.BBS09.,"['HHE', 'HHN', 'HHZ']",2018-02-02T00:25:56.680000Z,6.471988
31,20180202T002713Z,2A.BBS05.,"['HHE', 'HHN', 'HHZ']",2018-02-02T00:27:13.890000Z,0.821989
32,20180202T002713Z,2A.BBS06.,"['HHE', 'HHN', 'HHZ']",2018-02-02T00:27:13.890000Z,0.821989
33,20180202T002726Z,2A.BBS05.,"['HHE', 'HHN', 'HHZ']",2018-02-02T00:27:26.220000Z,8.961989
34,20180202T002726Z,2A.BBS06.,"['HHE', 'HHN', 'HHZ']",2018-02-02T00:27:26.220000Z,8.961989
35,20180202T002726Z,2A.BBS09.,"['HHE', 'HHN', 'HHZ']",2018-02-02T00:27:26.220000Z,8.961989
36,20180202T003019Z,2A.BBS05.,"['HHE', 'HHN', 'HHZ']",2018-02-02T00:30:19.890000Z,0.821989
37,20180202T003019Z,2A.BBS06.,"['HHE', 'HHN', 'HHZ']",2018-02-02T00:30:19.890000Z,0.821989
38,20180202T003701Z,2A.BBS05.,"['HHE', 'HHN', 'HHZ']",2018-02-02T00:37:01.490000Z,0.821989
39,20180202T003701Z,2A.BBS06.,"['HHE', 'HHN', 'HHZ']",2018-02-02T00:37:01.490000Z,0.821989
40,20180202T003900Z,2A.BBS05.,"['HHE', 'HHN', 'HHZ']",2018-02-02T00:39:00.260000Z,8.961989
41,20180202T003900Z,2A.BBS06.,"['HHE', 'HHN', 'HHZ']",2018-02-02T00:39:00.260000Z,8.961989
42,20180202T003900Z,2A.BBS09.,"['HHE', 'HHN', 'HHZ']",2018-02-02T00:39:00.260000Z,8.961989
43,20180202T003935Z,2A.BBS05.,"['HHE', 'HHN', 'HHZ']",2018-02-02T00:39:35.360000Z,1.611988
44,20180202T003935Z,2A.BBS06.,"['HHE', 'HHN', 'HHZ']",2018-02-02T00:39:35.360000Z,1.611988
45,20180202T003935Z,2A.BBS09.,"['HHE', 'HHN', 'HHZ']",2018-02-02T00:39:35.360000Z,1.611988
46,20180202T003948Z,2A.BBS05.,"['HHE', 'HHN', 'HHZ']",2018-02-02T00:39:48.080000Z,0.821989
47,20180202T003948Z,2A.BBS06.,"['HHE', 'HHN', 'HHZ']",2018-02-02T00:39:48.080000Z,0.821989
48,20180202T004030Z,2A.BBS05.,"['HHE', 'HHN', 'HHZ']",2018-02-02T00:40:30.200000Z,0.821989
49,20180202T004030Z,2A.BBS06.,"['HHE', 'HHN', 'HHZ']",2018-02-02T00:40:30.200000Z,0.821989
50,20180202T004313Z,2A.BBS05.,"['HHE', 'HHN', 'HHZ']",2018-02-02T00:43:13.990000Z,5.901988
51,20180202T004313Z,2A.BBS06.,"['HHE', 'HHN', 'HHZ']",2018-02-02T00:43:13.990000Z,5.901988
52,20180202T004313Z,2A.BBS09.,"['HHE', 'HHN', 'HHZ']",2018-02-02T00:43:13.990000Z,5.901988
53,20180202T004446Z,2A.BBS05.,"['HHE', 'HHN', 'HHZ']",2018-02-02T00:44:46.810000Z,0.821989
54,20180202T004446Z,2A.BBS06.,"['HHE', 'HHN', 'HHZ']",2018-02-02T00:44:46.810000Z,0.821989
55,20180202T004741Z,2A.BBS05.,"['HHE', 'HHN', 'HHZ']",2018-02-02T00:47:41.940000Z,14.651988
56,20180202T004741Z,2A.BBS06.,"['HHE', 'HHN', 'HHZ']",2018-02-02T00:47:41.940000Z,14.651988
57,20180202T004741Z,2A.BBS09.,"['HHE', 'HHN', 'HHZ']",2018-02-02T00:47:41.940000Z,14.651988
58,20180202T004921Z,2A.BBS05.,"['HHE', 'HHN', 'HHZ']",2018-02-02T00:49:21.620000Z,3.511988
59,20180202T004921Z,2A.BBS06.,"['HHE', 'HHN', 'HHZ']",2018-02-02T00:49:21.620000Z,3.511988
60,20180202T004921Z,2A.BBS09.,"['HHE', 'HHN', 'HHZ']",2018-02-02T00:49:21.620000Z,3.511988
61,20180202T005155Z,2A.BBS05.,"['HHE', 'HHN', 'HHZ']",2018-02-02T00:51:55.650000Z,8.961989
62,20180202T005155Z,2A.BBS06.,"['HHE', 'HHN', 'HHZ']",2018-02-02T00:51:55.650000Z,8.961989
63,20180202T005155Z,2A.BBS09.,"['HHE', 'HHN', 'HHZ']",2018-02-02T00:51:55.650000Z,8.961989
64,20180202T005529Z,2A.BBS05.,"['HHE', 'HHN', 'HHZ']",2018-02-02T00:55:29.780000Z,0.891988
65,20180202T005529Z,2A.BBS06.,"['HHE', 'HHN', 'HHZ']",2018-02-02T00:55:29.780000Z,0.891988
66,20180202T005529Z,2A.BBS09.,"['HHE', 'HHN', 'HHZ']",2018-02-02T00:55:29.780000Z,0.891988
67,20180202T005608Z,2A.BBS05.,"['HHE', 'HHN', 'HHZ']",2018-02-02T00:56:08.790000Z,0.891988
68,20180202T005608Z,2A.BBS06.,"['HHE', 'HHN', 'HHZ']",2018-02-02T00:56:08.790000Z,0.891988
69,20180202T005608Z,2A.BBS09.,"['HHE', 'HHN', 'HHZ']",2018-02-02T00:56:08.790000Z,0.891988
70,20180202T005827Z,2A.BBS05.,"['HHE', 'HHN', 'HHZ']",2018-02-02T00:58:27.360000Z,8.961989
71,20180202T005827Z,2A.BBS06.,"['HHE', 'HHN', 'HHZ']",2018-02-02T00:58:27.360000Z,8.961989
72,20180202T005827Z,2A.BBS09.,"['HHE', 'HHN', 'HHZ']",2018-02-02T00:58:27.360000Z,8.961989
73,20180202T010144Z,2A.BBS05.,"['HHE', 'HHN', 'HHZ']",2018-02-02T01:01:44.510000Z,3.051989
74,20180202T010144Z,2A.BBS06.,"['HHE', 'HHN', 'HHZ']",2018-02-02T01:01:44.510000Z,3.051989
75,20180202T010144Z,2A.BBS09.,"['HHE', 'HHN', 'HHZ']",2018-02-02T01:01:44.510000Z,3.051989
76,20180202T010525Z,2A.BBS05.,"['HHE', 'HHN', 'HHZ']",2018-02-02T01:05:25.940000Z,4.501988
77,20180202T010525Z,2A.BBS06.,"['HHE', 'HHN', 'HHZ']",2018-02-02T01:05:25.940000Z,4.501988
78,20180202T010525Z,2A.BBS09.,"['HHE', 'HHN', 'HHZ']",2018-02-02T01:05:25.940000Z,4.501988
79,20180202T010545Z,2A.BBS05.,"['HHE', 'HHN', 'HHZ']",2018-02-02T01:05:45.450000Z,1.611988
80,20180202T010545Z,2A.BBS06.,"['HHE', 'HHN', 'HHZ']",2018-02-02T01:05:45.450000Z,1.611988
81,20180202T010545Z,2A.BBS09.,"['HHE', 'HHN', 'HHZ']",2018-02-02T01:05:45.450000Z,1.611988
82,20180202T010751Z,2A.BBS05.,"['HHE', 'HHN', 'HHZ']",2018-02-02T01:07:51.830000Z,3.521989
83,20180202T010751Z,2A.BBS06.,"['HHE', 'HHN', 'HHZ']",2018-02-02T01:07:51.830000Z,3.521989
84,20180202T010751Z,2A.BBS09.,"['HHE', 'HHN', 'HHZ']",2018-02-02T01:07:51.830000Z,3.521989
85,20180202T010841Z,2A.BBS05.,"['HHE', 'HHN', 'HHZ']",2018-02-02T01:08:41.250000Z,5.901988
86,20180202T010841Z,2A.BBS06.,"['HHE', 'HHN', 'HHZ']",2018-02-02T01:08:41.250000Z,5.901988
87,20180202T010841Z,2A.BBS09.,"['HHE', 'HHN', 'HHZ']",2018-02-02T01:08:41.250000Z,5.901988
88,20180202T010941Z,2A.BBS05.,"['HHE', 'HHN', 'HHZ']",2018-02-02T01:09:41.970000Z,0.891988
89,20180202T010941Z,2A.BBS06.,"['HHE', 'HHN', 'HHZ']",2018-02-02T01:09:41.970000Z,0.891988
90,20180202T010941Z,2A.BBS09.,"['HHE', 'HHN', 'HHZ']",2018-02-02T01:09:41.970000Z,0.891988
91,20180202T011059Z,2A.BBS05.,"['HHE', 'HHN', 'HHZ']",2018-02-02T01:10:59.520000Z,3.051989
92,20180202T011059Z,2A.BBS06.,"['HHE', 'HHN', 'HHZ']",2018-02-02T01:10:59.520000Z,3.051989
93,20180202T011059Z,2A.BBS09.,"['HHE', 'HHN', 'HHZ']",2018-02-02T01:10:59.520000Z,3.051989
94,20180202T011248Z,2A.BBS05.,"['HHE', 'HHN', 'HHZ']",2018-02-02T01:12:48.600000Z,0.821989
95,20180202T011248Z,2A.BBS06.,"['HHE', 'HHN', 'HHZ']",2018-02-02T01:12:48.600000Z,0.821989
96,20180202T011328Z,2A.BBS05.,"['HHE', 'HHN', 'HHZ']",2018-02-02T01:13:28.100000Z,8.961989
97,20180202T011328Z,2A.BBS06.,"['HHE', 'HHN', 'HHZ']",2018-02-02T01:13:28.100000Z,8.961989
98,20180202T011328Z,2A.BBS09.,"['HHE', 'HHN', 'HHZ']",2018-02-02T01:13:28.100000Z,8.961989
99,20180202T011352Z,2A.BBS05.,"['HHE', 'HHN', 'HHZ']",2018-02-02T01:13:52.560000Z,2.661988
100,20180202T011352Z,2A.BBS06.,"['HHE', 'HHN', 'HHZ']",2018-02-02T01:13:52.560000Z,2.661988
101,20180202T011352Z,2A.BBS09.,"['HHE', 'HHN', 'HHZ']",2018-02-02T01:13:52.560000Z,2.661988
102,20180202T011446Z,2A.BBS05.,"['HHE', 'HHN', 'HHZ']",2018-02-02T01:14:46.730000Z,7.541989
103,20180202T011446Z,2A.BBS06.,"['HHE', 'HHN', 'HHZ']",2018-02-02T01:14:46.730000Z,7.541989
104,20180202T011446Z,2A.BBS09.,"['HHE', 'HHN', 'HHZ']",2018-02-02T01:14:46.730000Z,7.541989
105,20180202T011547Z,2A.BBS05.,"['HHE', 'HHN', 'HHZ']",2018-02-02T01:15:47.930000Z,0.821989
106,20180202T011547Z,2A.BBS06.,"['HHE', 'HHN', 'HHZ']",2018-02-02T01:15:47.930000Z,0.821989
107,20180202T011559Z,2A.BBS05.,"['HHE', 'HHN', 'HHZ']",2018-02-02T01:15:59.770000Z,3.051989
108,20180202T011559Z,2A.BBS06.,"['HHE', 'HHN', 'HHZ']",2018-02-02T01:15:59.770000Z,3.051989
109,20180202T011559Z,2A.BBS09.,"['HHE', 'HHN', 'HHZ']",2018-02-02T01:15:59.770000Z,3.051989
110,20180202T011819Z,2A.BBS05.,"['HHE', 'HHN', 'HHZ']",2018-02-02T01:18:19.030000Z,1.611988
111,20180202T011819Z,2A.BBS06.,"['HHE', 'HHN', 'HHZ']",2018-02-02T01:18:19.030000Z,1.611988
112,20180202T011819Z,2A.BBS09.,"['HHE', 'HHN', 'HHZ']",2018-02-02T01:18:19.030000Z,1.611988
113,20180202T012217Z,2A.BBS05.,"['HHE', 'HHN', 'HHZ']",2018-02-02T01:22:17.930000Z,5.761988
114,20180202T012217Z,2A.BBS06.,"['HHE', 'HHN', 'HHZ']",2018-02-02T01:22:17.930000Z,5.761988
115,20180202T012217Z,2A.BBS09.,"['HHE', 'HHN', 'HHZ']",2018-02-02T01:22:17.930000Z,5.761988
116,20180202T012404Z,2A.BBS06.,"['HHE', 'HHN', 'HHZ']",2018-02-02T01:24:04.660000Z,1.051989
117,20180202T012404Z,2A.BBS09.,"['HHE', 'HHN', 'HHZ']",2018-02-02T01:24:04.660000Z,1.051989
118,20180202T012539Z,2A.BBS05.,"['HHE', 'HHN', 'HHZ']",2018-02-02T01:25:39.740000Z,6.471988
119,20180202T012539Z,2A.BBS06.,"['HHE', 'HHN', 'HHZ']",2018-02-02T01:25:39.740000Z,6.471988
120,20180202T012539Z,2A.BBS09.,"['HHE', 'HHN', 'HHZ']",2018-02-02T01:25:39.740000Z,6.471988
121,20180202T012710Z,2A.BBS05.,"['HHE', 'HHN', 'HHZ']",2018-02-02T01:27:10.860000Z,8.961989
122,20180202T012710Z,2A.BBS06.,"['HHE', 'HHN', 'HHZ']",2018-02-02T01:27:10.860000Z,8.961989
123,20180202T012710Z,2A.BBS09.,"['HHE', 'HHN', 'HHZ']",2018-02-02T01:27:10.860000Z,8.961989
124,20180202T012936Z,2A.BBS05.,"['HHE', 'HHN', 'HHZ']",2018-02-02T01:29:36.500000Z,6.471988
125,20180202T012936Z,2A.BBS06.,"['HHE', 'HHN', 'HHZ']",2018-02-02T01:29:36.500000Z,6.471988
126,20180202T012936Z,2A.BBS09.,"['HHE', 'HHN', 'HHZ']",2018-02-02T01:29:36.500000Z,6.471988
127,20180202T013131Z,2A.BBS05.,"['HHE', 'HHN', 'HHZ']",2018-02-02T01:31:31.890000Z,0.891988
128,20180202T013131Z,2A.BBS06.,"['HHE', 'HHN', 'HHZ']",2018-02-02T01:31:31.890000Z,0.891988
129,20180202T013131Z,2A.BBS09.,"['HHE', 'HHN', 'HHZ']",2018-02-02T01:31:31.890000Z,0.891988
130,20180202T013314Z,2A.BBS05.,"['HHE', 'HHN', 'HHZ']",2018-02-02T01:33:14.360000Z,0.891988
131,20180202T013314Z,2A.BBS06.,"['HHE', 'HHN', 'HHZ']",2018-02-02T01:33:14.360000Z,0.891988
132,20180202T013314Z,2A.BBS09.,"['HHE', 'HHN', 'HHZ']",2018-02-02T01:33:14.360000Z,0.891988
133,20180202T013806Z,2A.BBS05.,"['HHE', 'HHN', 'HHZ']",2018-02-02T01:38:06.940000Z,8.961989
134,20180202T013806Z,2A.BBS06.,"['HHE', 'HHN', 'HHZ']",2018-02-02T01:38:06.940000Z,8.961989
135,20180202T013806Z,2A.BBS09.,"['HHE', 'HHN', 'HHZ']",2018-02-02T01:38:06.940000Z,8.961989
136,20180202T014351Z,2A.BBS05.,"['HHE', 'HHN', 'HHZ']",2018-02-02T01:43:51.520000Z,0.891988
137,20180202T014351Z,2A.BBS06.,"['HHE', 'HHN', 'HHZ']",2018-02-02T01:43:51.520000Z,0.891988
138,20180202T014351Z,2A.BBS09.,"['HHE', 'HHN', 'HHZ']",2018-02-02T01:43:51.520000Z,0.891988
139,20180202T014418Z,2A.BBS05.,"['HHE', 'HHN', 'HHZ']",2018-02-02T01:44:18.820000Z,8.961989
140,20180202T014418Z,2A.BBS06.,"['HHE', 'HHN', 'HHZ']",2018-02-02T01:44:18.820000Z,8.961989
141,20180202T014418Z,2A.BBS09.,"['HHE', 'HHN', 'HHZ']",2018-02-02T01:44:18.820000Z,8.961989
142,20180202T014939Z,2A.BBS05.,"['HHE', 'HHN', 'HHZ']",2018-02-02T01:49:39.110000Z,6.471988
143,20180202T014939Z,2A.BBS06.,"['HHE', 'HHN', 'HHZ']",2018-02-02T01:49:39.110000Z,6.471988
144,20180202T014939Z,2A.BBS09.,"['HHE', 'HHN', 'HHZ']",2018-02-02T01:49:39.110000Z,6.471988
145,20180202T015440Z,2A.BBS05.,"['HHE', 'HHN', 'HHZ']",2018-02-02T01:54:40.430000Z,5.901988
146,20180202T015440Z,2A.BBS06.,"['HHE', 'HHN', 'HHZ']",2018-02-02T01:54:40.430000Z,5.901988
147,20180202T015440Z,2A.BBS09.,"['HHE', 'HHN', 'HHZ']",2018-02-02T01:54:40.430000Z,5.901988
148,20180202T015516Z,2A.BBS05.,"['HHE', 'HHN', 'HHZ']",2018-02-02T01:55:16.210000Z,8.961989
149,20180202T015516Z,2A.BBS06.,"['HHE', 'HHN', 'HHZ']",2018-02-02T01:55:16.210000Z,8.961989
150,20180202T015516Z,2A.BBS09.,"['HHE', 'HHN', 'HHZ']",2018-02-02T01:55:16.210000Z,8.961989
151,20180202T015623Z,2A.BBS05.,"['HHE', 'HHN', 'HHZ']",2018-02-02T01:56:23.320000Z,8.961989
152,20180202T015623Z,2A.BBS06.,"['HHE', 'HHN', 'HHZ']",2018-02-02T01:56:23.320000Z,8.961989
153,20180202T015623Z,2A.BBS09.,"['HHE', 'HHN', 'HHZ']",2018-02-02T01:56:23.320000Z,8.961989
154,20180202T020056Z,2A.BBS05.,"['HHE', 'HHN', 'HHZ']",2018-02-02T02:00:56.870000Z,8.961989
155,20180202T020056Z,2A.BBS06.,"['HHE', 'HHN', 'HHZ']",2018-02-02T02:00:56.870000Z,8.961989
156,20180202T020056Z,2A.BBS09.,"['HHE', 'HHN', 'HHZ']",2018-02-02T02:00:56.870000Z,8.961989
157,20180202T020825Z,2A.BBS05.,"['HHE', 'HHN', 'HHZ']",2018-02-02T02:08:25.520000Z,1.611988
158,20180202T020825Z,2A.BBS06.,"['HHE', 'HHN', 'HHZ']",2018-02-02T02:08:25.520000Z,1.611988
159,20180202T020825Z,2A.BBS09.,"['HHE', 'HHN', 'HHZ']",2018-02-02T02:08:25.520000Z,1.611988
160,20180202T021232Z,2A.BBS05.,"['HHE', 'HHN', 'HHZ']",2018-02-02T02:12:32.070000Z,5.901988
161,20180202T021232Z,2A.BBS06.,"['HHE', 'HHN', 'HHZ']",2018-02-02T02:12:32.070000Z,5.901988
162,20180202T021232Z,2A.BBS09.,"['HHE', 'HHN', 'HHZ']",2018-02-02T02:12:32.070000Z,5.901988
163,20180202T021722Z,2A.BBS05.,"['HHE', 'HHN', 'HHZ']",2018-02-02T02:17:22.160000Z,2.661988
164,20180202T021722Z,2A.BBS06.,"['HHE', 'HHN', 'HHZ']",2018-02-02T02:17:22.160000Z,2.661988
165,20180202T021722Z,2A.BBS09.,"['HHE', 'HHN', 'HHZ']",2018-02-02T02:17:22.160000Z,2.661988
166,20180202T021829Z,2A.BBS05.,"['HHE', 'HHN', 'HHZ']",2018-02-02T02:18:29.910000Z,8.961989
167,20180202T021829Z,2A.BBS06.,"['HHE', 'HHN', 'HHZ']",2018-02-02T02:18:29.910000Z,8.961989
168,20180202T021829Z,2A.BBS09.,"['HHE', 'HHN', 'HHZ']",2018-02-02T02:18:29.910000Z,8.961989
169,20180202T021913Z,2A.BBS05.,"['HHE', 'HHN', 'HHZ']",2018-02-02T02:19:13.150000Z,0.821989
170,20180202T021913Z,2A.BBS06.,"['HHE', 'HHN', 'HHZ']",2018-02-02T02:19:13.150000Z,0.821989
171,20180202T022404Z,2A.BBS05.,"['HHE', 'HHN', 'HHZ']",2018-02-02T02:24:04.460000Z,5.901988
172,20180202T022404Z,2A.BBS06.,"['HHE', 'HHN', 'HHZ']",2018-02-02T02:24:04.460000Z,5.901988
173,20180202T022404Z,2A.BBS09.,"['HHE', 'HHN', 'HHZ']",2018-02-02T02:24:04.460000Z,5.901988
174,20180202T022603Z,2A.BBS05.,"['HHE', 'HHN', 'HHZ']",2018-02-02T02:26:03.630000Z,2.661988
175,20180202T022603Z,2A.BBS06.,"['HHE', 'HHN', 'HHZ']",2018-02-02T02:26:03.630000Z,2.661988
176,20180202T022603Z,2A.BBS09.,"['HHE', 'HHN', 'HHZ']",2018-02-02T02:26:03.630000Z,2.661988
177,20180202T022640Z,2A.BBS05.,"['HHE', 'HHN', 'HHZ']",2018-02-02T02:26:40.030000Z,3.451988
178,20180202T022640Z,2A.BBS06.,"['HHE', 'HHN', 'HHZ']",2018-02-02T02:26:40.030000Z,3.451988
179,20180202T022640Z,2A.BBS09.,"['HHE', 'HHN', 'HHZ']",2018-02-02T02:26:40.030000Z,3.451988
180,20180202T022726Z,2A.BBS05.,"['HHE', 'HHN', 'HHZ']",2018-02-02T02:27:26.600000Z,2.031988
181,20180202T022726Z,2A.BBS06.,"['HHE', 'HHN', 'HHZ']",2018-02-02T02:27:26.600000Z,2.031988
182,20180202T022726Z,2A.BBS09.,"['HHE', 'HHN', 'HHZ']",2018-02-02T02:27:26.600000Z,2.031988
183,20180202T022753Z,2A.BBS05.,"['HHE', 'HHN', 'HHZ']",2018-02-02T02:27:53.280000Z,6.471988
184,20180202T022753Z,2A.BBS06.,"['HHE', 'HHN', 'HHZ']",2018-02-02T02:27:53.280000Z,6.471988
185,20180202T022753Z,2A.BBS09.,"['HHE', 'HHN', 'HHZ']",2018-02-02T02:27:53.280000Z,6.471988
186,20180202T022835Z,2A.BBS05.,"['HHE', 'HHN', 'HHZ']",2018-02-02T02:28:35.320000Z,3.051989
187,20180202T022835Z,2A.BBS06.,"['HHE', 'HHN', 'HHZ']",2018-02-02T02:28:35.320000Z,3.051989
188,20180202T022835Z,2A.BBS09.,"['HHE', 'HHN', 'HHZ']",2018-02-02T02:28:35.320000Z,3.051989
189,20180202T022916Z,2A.BBS05.,"['HHE', 'HHN', 'HHZ']",2018-02-02T02:29:16.680000Z,5.931988
190,20180202T022916Z,2A.BBS06.,"['HHE', 'HHN', 'HHZ']",2018-02-02T02:29:16.680000Z,5.931988
191,20180202T022916Z,2A.BBS09.,"['HHE', 'HHN', 'HHZ']",2018-02-02T02:29:16.680000Z,5.931988
192,20180202T023010Z,2A.BBS05.,"['HHE', 'HHN', 'HHZ']",2018-02-02T02:30:10.730000Z,6.471988
193,20180202T023010Z,2A.BBS06.,"['HHE', 'HHN', 'HHZ']",2018-02-02T02:30:10.730000Z,6.471988
194,20180202T023010Z,2A.BBS09.,"['HHE', 'HHN', 'HHZ']",2018-02-02T02:30:10.730000Z,6.471988
195,20180202T023103Z,2A.BBS05.,"['HHE', 'HHN', 'HHZ']",2018-02-02T02:31:03.490000Z,10.731988
196,20180202T023103Z,2A.BBS06.,"['HHE', 'HHN', 'HHZ']",2018-02-02T02:31:03.490000Z,10.731988
197,20180202T023103Z,2A.BBS09.,"['HHE', 'HHN', 'HHZ']",2018-02-02T02:31:03.490000Z,10.731988
198,20180202T024453Z,2A.BBS05.,"['HHE', 'HHN', 'HHZ']",2018-02-02T02:44:53.020000Z,2.661988
199,20180202T024453Z,2A.BBS06.,"['HHE', 'HHN', 'HHZ']",2018-02-02T02:44:53.020000Z,2.661988
200,20180202T024453Z,2A.BBS09.,"['HHE', 'HHN', 'HHZ']",2018-02-02T02:44:53.020000Z,2.661988
201,20180202T024747Z,2A.BBS05.,"['HHE', 'HHN', 'HHZ']",2018-02-02T02:47:47.360000Z,5.901988
202,20180202T024747Z,2A.BBS06.,"['HHE', 'HHN', 'HHZ']",2018-02-02T02:47:47.360000Z,5.901988
203,20180202T024747Z,2A.BBS09.,"['HHE', 'HHN', 'HHZ']",2018-02-02T02:47:47.360000Z,5.901988
204,20180202T025127Z,2A.BBS05.,"['HHE', 'HHN', 'HHZ']",2018-02-02T02:51:27.200000Z,0.891988
205,20180202T025127Z,2A.BBS06.,"['HHE', 'HHN', 'HHZ']",2018-02-02T02:51:27.200000Z,0.891988
206,20180202T025127Z,2A.BBS09.,"['HHE', 'HHN', 'HHZ']",2018-02-02T02:51:27.200000Z,0.891988
207,20180202T025314Z,2A.BBS05.,"['HHE', 'HHN', 'HHZ']",2018-02-02T02:53:14.040000Z,6.471988
208,20180202T025314Z,2A.BBS06.,"['HHE', 'HHN', 'HHZ']",2018-02-02T02:53:14.040000Z,6.471988
209,20180202T025314Z,2A.BBS09.,"['HHE', 'HHN', 'HHZ']",2018-02-02T02:53:14.040000Z,6.471988
210,20180202T025346Z,2A.BBS05.,"['HHE', 'HHN', 'HHZ']",2018-02-02T02:53:46.520000Z,3.051989
211,20180202T025346Z,2A.BBS06.,"['HHE', 'HHN', 'HHZ']",2018-02-02T02:53:46.520000Z,3.051989
212,20180202T025346Z,2A.BBS09.,"['HHE', 'HHN', 'HHZ']",2018-02-02T02:53:46.520000Z,3.051989
213,20180202T025445Z,2A.BBS05.,"['HHE', 'HHN', 'HHZ']",2018-02-02T02:54:45.380000Z,2.661988
214,20180202T025445Z,2A.BBS06.,"['HHE', 'HHN', 'HHZ']",2018-02-02T02:54:45.380000Z,2.661988
215,20180202T025445Z,2A.BBS09.,"['HHE', 'HHN', 'HHZ']",2018-02-02T02:54:45.380000Z,2.661988
216,20180202T025631Z,2A.BBS05.,"['HHE', 'HHN', 'HHZ']",2018-02-02T02:56:31.910000Z,5.901988
217,20180202T025631Z,2A.BBS06.,"['HHE', 'HHN', 'HHZ']",2018-02-02T02:56:31.910000Z,5.901988
218,20180202T025631Z,2A.BBS09.,"['HHE', 'HHN', 'HHZ']",2018-02-02T02:56:31.910000Z,5.901988
219,20180202T030006Z,2A.BBS05.,"['HHE', 'HHN', 'HHZ']",2018-02-02T03:00:06.050000Z,8.961989
220,20180202T030006Z,2A.BBS06.,"['HHE', 'HHN', 'HHZ']",2018-02-02T03:00:06.050000Z,8.961989
221,20180202T030006Z,2A.BBS09.,"['HHE', 'HHN', 'HHZ']",2018-02-02T03:00:06.050000Z,8.961989
222,20180202T030642Z,2A.BBS05.,"['HHE', 'HHN', 'HHZ']",2018-02-02T03:06:42.270000Z,2.661988
223,20180202T030642Z,2A.BBS06.,"['HHE', 'HHN', 'HHZ']",2018-02-02T03:06:42.270000Z,2.661988
224,20180202T030642Z,2A.BBS09.,"['HHE', 'HHN', 'HHZ']",2018-02-02T03:06:42.270000Z,2.661988
225,20180202T030850Z,2A.BBS05.,"['HHE', 'HHN', 'HHZ']",2018-02-02T03:08:50.490000Z,5.901988
226,20180202T030850Z,2A.BBS06.,"['HHE', 'HHN', 'HHZ']",2018-02-02T03:08:50.490000Z,5.901988
227,20180202T030850Z,2A.BBS09.,"['HHE', 'HHN', 'HHZ']",2018-02-02T03:08:50.490000Z,5.901988
228,20180202T031026Z,2A.BBS05.,"['HHE', 'HHN', 'HHZ']",2018-02-02T03:10:26.540000Z,2.661988
229,20180202T031026Z,2A.BBS06.,"['HHE', 'HHN', 'HHZ']",2018-02-02T03:10:26.540000Z,2.661988
230,20180202T031026Z,2A.BBS09.,"['HHE', 'HHN', 'HHZ']",2018-02-02T03:10:26.540000Z,2.661988
231,20180202T031107Z,2A.BBS05.,"['HHE', 'HHN', 'HHZ']",2018-02-02T03:11:07.930000Z,2.101988
232,20180202T031107Z,2A.BBS06.,"['HHE', 'HHN', 'HHZ']",2018-02-02T03:11:07.930000Z,2.101988
233,20180202T031107Z,2A.BBS09.,"['HHE', 'HHN', 'HHZ']",2018-02-02T03:11:07.930000Z,2.101988
234,20180202T031435Z,2A.BBS05.,"['HHE', 'HHN', 'HHZ']",2018-02-02T03:14:35.360000Z,6.471988
235,20180202T031435Z,2A.BBS06.,"['HHE', 'HHN', 'HHZ']",2018-02-02T03:14:35.360000Z,6.471988
236,20180202T031435Z,2A.BBS09.,"['HHE', 'HHN', 'HHZ']",2018-02-02T03:14:35.360000Z,6.471988
237,20180202T031635Z,2A.BBS05.,"['HHE', 'HHN', 'HHZ']",2018-02-02T03:16:35.880000Z,3.051989
238,20180202T031635Z,2A.BBS06.,"['HHE', 'HHN', 'HHZ']",2018-02-02T03:16:35.880000Z,3.051989
239,20180202T031635Z,2A.BBS09.,"['HHE', 'HHN', 'HHZ']",2018-02-02T03:16:35.880000Z,3.051989
240,20180202T031949Z,2A.BBS05.,"['HHE', 'HHN', 'HHZ']",2018-02-02T03:19:49.960000Z,2.101988
241,20180202T031949Z,2A.BBS06.,"['HHE', 'HHN', 'HHZ']",2018-02-02T03:19:49.960000Z,2.101988
242,20180202T031949Z,2A.BBS09.,"['HHE', 'HHN', 'HHZ']",2018-02-02T03:19:49.960000Z,2.101988
243,20180202T032504Z,2A.BBS05.,"['HHE', 'HHN', 'HHZ']",2018-02-02T03:25:04.630000Z,10.731988
244,20180202T032504Z,2A.BBS06.,"['HHE', 'HHN', 'HHZ']",2018-02-02T03:25:04.630000Z,10.731988
245,20180202T032504Z,2A.BBS09.,"['HHE', 'HHN', 'HHZ']",2018-02-02T03:25:04.630000Z,10.731988
246,20180202T032524Z,2A.BBS05.,"['HHE', 'HHN', 'HHZ']",2018-02-02T03:25:24.570000Z,5.901988
247,20180202T032524Z,2A.BBS06.,"['HHE', 'HHN', 'HHZ']",2018-02-02T03:25:24.570000Z,5.901988
248,20180202T032524Z,2A.BBS09.,"['HHE', 'HHN', 'HHZ']",2018-02-02T03:25:24.570000Z,5.901988
249,20180202T032645Z,2A.BBS05.,"['HHE', 'HHN', 'HHZ']",2018-02-02T03:26:45.200000Z,1.611988
250,20180202T032645Z,2A.BBS06.,"['HHE', 'HHN', 'HHZ']",2018-02-02T03:26:45.200000Z,1.611988
251,20180202T032645Z,2A.BBS09.,"['HHE', 'HHN', 'HHZ']",2018-02-02T03:26:45.200000Z,1.611988
252,20180202T032701Z,2A.BBS05.,"['HHE', 'HHN', 'HHZ']",2018-02-02T03:27:01.610000Z,3.051989
253,20180202T032701Z,2A.BBS06.,"['HHE', 'HHN', 'HHZ']",2018-02-02T03:27:01.610000Z,3.051989
254,20180202T032701Z,2A.BBS09.,"['HHE', 'HHN', 'HHZ']",2018-02-02T03:27:01.610000Z,3.051989
255,20180202T033424Z,2A.BBS05.,"['HHE', 'HHN', 'HHZ']",2018-02-02T03:34:24.120000Z,0.891988
256,20180202T033424Z,2A.BBS06.,"['HHE', 'HHN', 'HHZ']",2018-02-02T03:34:24.120000Z,0.891988
257,20180202T033424Z,2A.BBS09.,"['HHE', 'HHN', 'HHZ']",2018-02-02T03:34:24.120000Z,0.891988
258,20180202T033849Z,2A.BBS05.,"['HHE', 'HHN', 'HHZ']",2018-02-02T03:38:49.760000Z,2.571988
259,20180202T033849Z,2A.BBS06.,"['HHE', 'HHN', 'HHZ']",2018-02-02T03:38:49.760000Z,2.571988
260,20180202T033849Z,2A.BBS09.,"['HHE', 'HHN', 'HHZ']",2018-02-02T03:38:49.760000Z,2.571988
261,20180202T034106Z,2A.BBS05.,"['HHE', 'HHN', 'HHZ']",2018-02-02T03:41:06.380000Z,5.761988
262,20180202T034106Z,2A.BBS06.,"['HHE', 'HHN', 'HHZ']",2018-02-02T03:41:06.380000Z,5.761988
263,20180202T034106Z,2A.BBS09.,"['HHE', 'HHN', 'HHZ']",2018-02-02T03:41:06.380000Z,5.761988
264,20180202T034304Z,2A.BBS05.,"['HHE', 'HHN', 'HHZ']",2018-02-02T03:43:04.240000Z,7.541989
265,20180202T034304Z,2A.BBS06.,"['HHE', 'HHN', 'HHZ']",2018-02-02T03:43:04.240000Z,7.541989
266,20180202T034304Z,2A.BBS09.,"['HHE', 'HHN', 'HHZ']",2018-02-02T03:43:04.240000Z,7.541989
267,20180202T034601Z,2A.BBS05.,"['HHE', 'HHN', 'HHZ']",2018-02-02T03:46:01.770000Z,3.051989
268,20180202T034601Z,2A.BBS06.,"['HHE', 'HHN', 'HHZ']",2018-02-02T03:46:01.770000Z,3.051989
269,20180202T034601Z,2A.BBS09.,"['HHE', 'HHN', 'HHZ']",2018-02-02T03:46:01.770000Z,3.051989
270,20180202T035105Z,2A.BBS05.,"['HHE', 'HHN', 'HHZ']",2018-02-02T03:51:05.110000Z,3.051989
271,20180202T035105Z,2A.BBS06.,"['HHE', 'HHN', 'HHZ']",2018-02-02T03:51:05.110000Z,3.051989
272,20180202T035105Z,2A.BBS09.,"['HHE', 'HHN', 'HHZ']",2018-02-02T03:51:05.110000Z,3.051989
273,20180202T035306Z,2A.BBS05.,"['HHE', 'HHN', 'HHZ']",2018-02-02T03:53:06.940000Z,3.511988
274,20180202T035306Z,2A.BBS06.,"['HHE', 'HHN', 'HHZ']",2018-02-02T03:53:06.940000Z,3.511988
275,20180202T035306Z,2A.BBS09.,"['HHE', 'HHN', 'HHZ']",2018-02-02T03:53:06.940000Z,3.511988
276,20180202T035649Z,2A.BBS05.,"['HHE', 'HHN', 'HHZ']",2018-02-02T03:56:49.790000Z,12.931988
277,20180202T035649Z,2A.BBS06.,"['HHE', 'HHN', 'HHZ']",2018-02-02T03:56:49.790000Z,12.931988
278,20180202T035649Z,2A.BBS09.,"['HHE', 'HHN', 'HHZ']",2018-02-02T03:56:49.790000Z,12.931988
279,20180202T042612Z,2A.BBS05.,"['HHE', 'HHN', 'HHZ']",2018-02-02T04:26:12.580000Z,1.611988
280,20180202T042612Z,2A.BBS06.,"['HHE', 'HHN', 'HHZ']",2018-02-02T04:26:12.580000Z,1.611988
281,20180202T042612Z,2A.BBS09.,"['HHE', 'HHN', 'HHZ']",2018-02-02T04:26:12.580000Z,1.611988
282,20180202T043225Z,2A.BBS05.,"['HHE', 'HHN', 'HHZ']",2018-02-02T04:32:25.610000Z,1.611988
283,20180202T043225Z,2A.BBS06.,"['HHE', 'HHN', 'HHZ']",2018-02-02T04:32:25.610000Z,1.611988
284,20180202T043225Z,2A.BBS09.,"['HHE', 'HHN', 'HHZ']",2018-02-02T04:32:25.610000Z,1.611988
285,20180202T043546Z,2A.BBS05.,"['HHE', 'HHN', 'HHZ']",2018-02-02T04:35:46.260000Z,1.611988
286,20180202T043546Z,2A.BBS06.,"['HHE', 'HHN', 'HHZ']",2018-02-02T04:35:46.260000Z,1.611988
287,20180202T043546Z,2A.BBS09.,"['HHE', 'HHN', 'HHZ']",2018-02-02T04:35:46.260000Z,1.611988
288,20180202T043622Z,2A.BBS06.,"['HHE', 'HHN', 'HHZ']",2018-02-02T04:36:22.050000Z,1.051989
289,20180202T043622Z,2A.BBS09.,"['HHE', 'HHN', 'HHZ']",2018-02-02T04:36:22.050000Z,1.051989
290,20180202T043808Z,2A.BBS05.,"['HHE', 'HHN', 'HHZ']",2018-02-02T04:38:08.820000Z,5.901988
291,20180202T043808Z,2A.BBS06.,"['HHE', 'HHN', 'HHZ']",2018-02-02T04:38:08.820000Z,5.901988
292,20180202T043808Z,2A.BBS09.,"['HHE', 'HHN', 'HHZ']",2018-02-02T04:38:08.820000Z,5.901988
293,20180202T043900Z,2A.BBS05.,"['HHE', 'HHN', 'HHZ']",2018-02-02T04:39:00.700000Z,12.931988
294,20180202T043900Z,2A.BBS06.,"['HHE', 'HHN', 'HHZ']",2018-02-02T04:39:00.700000Z,12.931988
295,20180202T043900Z,2A.BBS09.,"['HHE', 'HHN', 'HHZ']",2018-02-02T04:39:00.700000Z,12.931988
296,20180202T043930Z,2A.BBS05.,"['HHE', 'HHN', 'HHZ']",2018-02-02T04:39:30.470000Z,2.571988
297,20180202T043930Z,2A.BBS06.,"['HHE', 'HHN', 'HHZ']",2018-02-02T04:39:30.470000Z,2.571988
298,20180202T043930Z,2A.BBS09.,"['HHE', 'HHN', 'HHZ']",2018-02-02T04:39:30.470000Z,2.571988
299,20180202T044027Z,2A.BBS05.,"['HHE', 'HHN', 'HHZ']",2018-02-02T04:40:27.610000Z,3.511988
300,20180202T044027Z,2A.BBS06.,"['HHE', 'HHN', 'HHZ']",2018-02-02T04:40:27.610000Z,3.511988
301,20180202T044027Z,2A.BBS09.,"['HHE', 'HHN', 'HHZ']",2018-02-02T04:40:27.610000Z,3.511988
302,20180202T044421Z,2A.BBS05.,"['HHE', 'HHN', 'HHZ']",2018-02-02T04:44:21.770000Z,8.961989
303,20180202T044421Z,2A.BBS06.,"['HHE', 'HHN', 'HHZ']",2018-02-02T04:44:21.770000Z,8.961989
304,20180202T044421Z,2A.BBS09.,"['HHE', 'HHN', 'HHZ']",2018-02-02T04:44:21.770000Z,8.961989
305,20180202T044436Z,2A.BBS05.,"['HHE', 'HHN', 'HHZ']",2018-02-02T04:44:36.700000Z,3.511988
306,20180202T044436Z,2A.BBS06.,"['HHE', 'HHN', 'HHZ']",2018-02-02T04:44:36.700000Z,3.511988
307,20180202T044436Z,2A.BBS09.,"['HHE', 'HHN', 'HHZ']",2018-02-02T04:44:36.700000Z,3.511988
308,20180202T044906Z,2A.BBS05.,"['HHE', 'HHN', 'HHZ']",2018-02-02T04:49:06.890000Z,3.511988
309,20180202T044906Z,2A.BBS06.,"['HHE', 'HHN', 'HHZ']",2018-02-02T04:49:06.890000Z,3.511988
310,20180202T044906Z,2A.BBS09.,"['HHE', 'HHN', 'HHZ']",2018-02-02T04:49:06.890000Z,3.511988
311,20180202T045321Z,2A.BBS05.,"['HHE', 'HHN', 'HHZ']",2018-02-02T04:53:21.710000Z,5.761988
312,20180202T045321Z,2A.BBS06.,"['HHE', 'HHN', 'HHZ']",2018-02-02T04:53:21.710000Z,5.761988
313,20180202T045321Z,2A.BBS09.,"['HHE', 'HHN', 'HHZ']",2018-02-02T04:53:21.710000Z,5.761988
314,20180202T045918Z,2A.BBS05.,"['HHE', 'HHN', 'HHZ']",2018-02-02T04:59:18.790000Z,0.891988
315,20180202T045918Z,2A.BBS06.,"['HHE', 'HHN', 'HHZ']",2018-02-02T04:59:18.790000Z,0.891988
316,20180202T045918Z,2A.BBS09.,"['HHE', 'HHN', 'HHZ']",2018-02-02T04:59:18.790000Z,0.891988
317,20180202T050216Z,2A.BBS05.,"['HHE', 'HHN', 'HHZ']",2018-02-02T05:02:16.140000Z,3.511988
318,20180202T050216Z,2A.BBS06.,"['HHE', 'HHN', 'HHZ']",2018-02-02T05:02:16.140000Z,3.511988
319,20180202T050216Z,2A.BBS09.,"['HHE', 'HHN', 'HHZ']",2018-02-02T05:02:16.140000Z,3.511988
320,20180202T050254Z,2A.BBS06.,"['HHE', 'HHN', 'HHZ']",2018-02-02T05:02:54.360000Z,1.051989
321,20180202T050254Z,2A.BBS09.,"['HHE', 'HHN', 'HHZ']",2018-02-02T05:02:54.360000Z,1.051989
322,20180202T050429Z,2A.BBS05.,"['HHE', 'HHN', 'HHZ']",2018-02-02T05:04:29.870000Z,8.961989
323,20180202T050429Z,2A.BBS06.,"['HHE', 'HHN', 'HHZ']",2018-02-02T05:04:29.870000Z,8.961989
324,20180202T050429Z,2A.BBS09.,"['HHE', 'HHN', 'HHZ']",2018-02-02T05:04:29.870000Z,8.961989
325,20180202T051334Z,2A.BBS05.,"['HHE', 'HHN', 'HHZ']",2018-02-02T05:13:34.790000Z,0.821989
326,20180202T051334Z,2A.BBS06.,"['HHE', 'HHN', 'HHZ']",2018-02-02T05:13:34.790000Z,0.821989
327,20180202T052609Z,2A.BBS05.,"['HHE', 'HHN', 'HHZ']",2018-02-02T05:26:09.980000Z,3.511988
328,20180202T052609Z,2A.BBS06.,"['HHE', 'HHN', 'HHZ']",2018-02-02T05:26:09.980000Z,3.511988
329,20180202T052609Z,2A.BBS09.,"['HHE', 'HHN', 'HHZ']",2018-02-02T05:26:09.980000Z,3.511988
330,20180202T052710Z,2A.BBS05.,"['HHE', 'HHN', 'HHZ']",2018-02-02T05:27:10.410000Z,3.451988
331,20180202T052710Z,2A.BBS06.,"['HHE', 'HHN', 'HHZ']",2018-02-02T05:27:10.410000Z,3.451988
332,20180202T052710Z,2A.BBS09.,"['HHE', 'HHN', 'HHZ']",2018-02-02T05:27:10.410000Z,3.451988
333,20180202T052734Z,2A.BBS05.,"['HHE', 'HHN', 'HHZ']",2018-02-02T05:27:34.630000Z,12.931988
334,20180202T052734Z,2A.BBS06.,"['HHE', 'HHN', 'HHZ']",2018-02-02T05:27:34.630000Z,12.931988
335,20180202T052734Z,2A.BBS09.,"['HHE', 'HHN', 'HHZ']",2018-02-02T05:27:34.630000Z,12.931988
336,20180202T052848Z,2A.BBS05.,"['HHE', 'HHN', 'HHZ']",2018-02-02T05:28:48.560000Z,10.731988
337,20180202T052848Z,2A.BBS06.,"['HHE', 'HHN', 'HHZ']",2018-02-02T05:28:48.560000Z,10.731988
338,20180202T052848Z,2A.BBS09.,"['HHE', 'HHN', 'HHZ']",2018-02-02T05:28:48.560000Z,10.731988
339,20180202T052945Z,2A.BBS05.,"['HHE', 'HHN', 'HHZ']",2018-02-02T05:29:45.800000Z,12.931988
340,20180202T052945Z,2A.BBS06.,"['HHE', 'HHN', 'HHZ']",2018-02-02T05:29:45.800000Z,12.931988
341,20180202T052945Z,2A.BBS09.,"['HHE', 'HHN', 'HHZ']",2018-02-02T05:29:45.800000Z,12.931988
342,20180202T054753Z,2A.BBS05.,"['HHE', 'HHN', 'HHZ']",2018-02-02T05:47:53.930000Z,8.961989
343,20180202T054753Z,2A.BBS06.,"['HHE', 'HHN', 'HHZ']",2018-02-02T05:47:53.930000Z,8.961989
344,20180202T054753Z,2A.BBS09.,"['HHE', 'HHN', 'HHZ']",2018-02-02T05:47:53.930000Z,8.961989
345,20180202T060516Z,2A.BBS05.,"['HHE', 'HHN', 'HHZ']",2018-02-02T06:05:16.090000Z,12.931988
346,20180202T060516Z,2A.BBS06.,"['HHE', 'HHN', 'HHZ']",2018-02-02T06:05:16.090000Z,12.931988
347,20180202T060516Z,2A.BBS09.,"['HHE', 'HHN', 'HHZ']",2018-02-02T06:05:16.090000Z,12.931988
348,20180202T062051Z,2A.BBS06.,"['HHE', 'HHN', 'HHZ']",2018-02-02T06:20:51.130000Z,1.051989
349,20180202T062051Z,2A.BBS09.,"['HHE', 'HHN', 'HHZ']",2018-02-02T06:20:51.130000Z,1.051989
350,20180202T062354Z,2A.BBS05.,"['HHE', 'HHN', 'HHZ']",2018-02-02T06:23:54.450000Z,3.511988
351,20180202T062354Z,2A.BBS06.,"['HHE', 'HHN', 'HHZ']",2018-02-02T06:23:54.450000Z,3.511988
352,20180202T062354Z,2A.BBS09.,"['HHE', 'HHN', 'HHZ']",2018-02-02T06:23:54.450000Z,3.511988
353,20180202T063401Z,2A.BBS05.,"['HHE', 'HHN', 'HHZ']",2018-02-02T06:34:01.740000Z,0.891988
354,20180202T063401Z,2A.BBS06.,"['HHE', 'HHN', 'HHZ']",2018-02-02T06:34:01.740000Z,0.891988
355,20180202T063401Z,2A.BBS09.,"['HHE', 'HHN', 'HHZ']",2018-02-02T06:34:01.740000Z,0.891988
356,20180202T063434Z,2A.BBS06.,"['HHE', 'HHN', 'HHZ']",2018-02-02T06:34:34.970000Z,1.051989
357,20180202T063434Z,2A.BBS09.,"['HHE', 'HHN', 'HHZ']",2018-02-02T06:34:34.970000Z,1.051989
358,20180202T064242Z,2A.BBS05.,"['HHE', 'HHN', 'HHZ']",2018-02-02T06:42:42.820000Z,2.921988
359,20180202T064242Z,2A.BBS06.,"['HHE', 'HHN', 'HHZ']",2018-02-02T06:42:42.820000Z,2.921988
360,20180202T064242Z,2A.BBS09.,"['HHE', 'HHN', 'HHZ']",2018-02-02T06:42:42.820000Z,2.921988
361,20180202T064351Z,2A.BBS05.,"['HHE', 'HHN', 'HHZ']",2018-02-02T06:43:51.690000Z,3.511988
362,20180202T064351Z,2A.BBS06.,"['HHE', 'HHN', 'HHZ']",2018-02-02T06:43:51.690000Z,3.511988
363,20180202T064351Z,2A.BBS09.,"['HHE', 'HHN', 'HHZ']",2018-02-02T06:43:51.690000Z,3.511988
364,20180202T064445Z,2A.BBS05.,"['HHE', 'HHN', 'HHZ']",2018-02-02T06:44:45.080000Z,14.651988
365,20180202T064445Z,2A.BBS06.,"['HHE', 'HHN', 'HHZ']",2018-02-02T06:44:45.080000Z,14.651988
366,20180202T064445Z,2A.BBS09.,"['HHE', 'HHN', 'HHZ']",2018-02-02T06:44:45.080000Z,14.651988
367,20180202T065520Z,2A.BBS05.,"['HHE', 'HHN', 'HHZ']",2018-02-02T06:55:20.440000Z,0.891988
368,20180202T065520Z,2A.BBS06.,"['HHE', 'HHN', 'HHZ']",2018-02-02T06:55:20.440000Z,0.891988
369,20180202T065520Z,2A.BBS09.,"['HHE', 'HHN', 'HHZ']",2018-02-02T06:55:20.440000Z,0.891988
370,20180202T070939Z,2A.BBS06.,"['HHE', 'HHN', 'HHZ']",2018-02-02T07:09:39.160000Z,1.051989
371,20180202T070939Z,2A.BBS09.,"['HHE', 'HHN', 'HHZ']",2018-02-02T07:09:39.160000Z,1.051989
372,20180202T071309Z,2A.BBS06.,"['HHE', 'HHN', 'HHZ']",2018-02-02T07:13:09.380000Z,1.051989
373,20180202T071309Z,2A.BBS09.,"['HHE', 'HHN', 'HHZ']",2018-02-02T07:13:09.380000Z,1.051989
374,20180202T071709Z,2A.BBS06.,"['HHE', 'HHN', 'HHZ']",2018-02-02T07:17:09.870000Z,1.051989
375,20180202T071709Z,2A.BBS09.,"['HHE', 'HHN', 'HHZ']",2018-02-02T07:17:09.870000Z,1.051989
376,20180202T072237Z,2A.BBS05.,"['HHE', 'HHN', 'HHZ']",2018-02-02T07:22:37.820000Z,1.611988
377,20180202T072237Z,2A.BBS06.,"['HHE', 'HHN', 'HHZ']",2018-02-02T07:22:37.820000Z,1.611988
378,20180202T072237Z,2A.BBS09.,"['HHE', 'HHN', 'HHZ']",2018-02-02T07:22:37.820000Z,1.611988
379,20180202T072356Z,2A.BBS06.,"['HHE', 'HHN', 'HHZ']",2018-02-02T07:23:56.040000Z,1.051989
380,20180202T072356Z,2A.BBS09.,"['HHE', 'HHN', 'HHZ']",2018-02-02T07:23:56.040000Z,1.051989
381,20180202T072534Z,2A.BBS05.,"['HHE', 'HHN', 'HHZ']",2018-02-02T07:25:34.070000Z,1.611988
382,20180202T072534Z,2A.BBS06.,"['HHE', 'HHN', 'HHZ']",2018-02-02T07:25:34.070000Z,1.611988
383,20180202T072534Z,2A.BBS09.,"['HHE', 'HHN', 'HHZ']",2018-02-02T07:25:34.070000Z,1.611988
384,20180202T073122Z,2A.BBS05.,"['HHE', 'HHN', 'HHZ']",2018-02-02T07:31:22.300000Z,0.821989
385,20180202T073122Z,2A.BBS06.,"['HHE', 'HHN', 'HHZ']",2018-02-02T07:31:22.300000Z,0.821989
386,20180202T073316Z,2A.BBS06.,"['HHE', 'HHN', 'HHZ']",2018-02-02T07:33:16.690000Z,1.051989
387,20180202T073316Z,2A.BBS09.,"['HHE', 'HHN', 'HHZ']",2018-02-02T07:33:16.690000Z,1.051989
388,20180202T073549Z,2A.BBS05.,"['HHE', 'HHN', 'HHZ']",2018-02-02T07:35:49.650000Z,0.891988
389,20180202T073549Z,2A.BBS06.,"['HHE', 'HHN', 'HHZ']",2018-02-02T07:35:49.650000Z,0.891988
390,20180202T073549Z,2A.BBS09.,"['HHE', 'HHN', 'HHZ']",2018-02-02T07:35:49.650000Z,0.891988
391,20180202T073629Z,2A.BBS06.,"['HHE', 'HHN', 'HHZ']",2018-02-02T07:36:29.980000Z,1.051989
392,20180202T073629Z,2A.BBS09.,"['HHE', 'HHN', 'HHZ']",2018-02-02T07:36:29.980000Z,1.051989
393,20180202T073752Z,2A.BBS05.,"['HHE', 'HHN', 'HHZ']",2018-02-02T07:37:52.900000Z,1.611988
394,20180202T073752Z,2A.BBS06.,"['HHE', 'HHN', 'HHZ']",2018-02-02T07:37:52.900000Z,1.611988
395,20180202T073752Z,2A.BBS09.,"['HHE', 'HHN', 'HHZ']",2018-02-02T07:37:52.900000Z,1.611988
396,20180202T074510Z,2A.BBS05.,"['HHE', 'HHN', 'HHZ']",2018-02-02T07:45:10.300000Z,2.031988
397,20180202T074510Z,2A.BBS06.,"['HHE', 'HHN', 'HHZ']",2018-02-02T07:45:10.300000Z,2.031988
398,20180202T074510Z,2A.BBS09.,"['HHE', 'HHN', 'HHZ']",2018-02-02T07:45:10.300000Z,2.031988
399,20180202T074710Z,2A.BBS05.,"['HHE', 'HHN', 'HHZ']",2018-02-02T07:47:10.900000Z,3.051989
400,20180202T074710Z,2A.BBS06.,"['HHE', 'HHN', 'HHZ']",2018-02-02T07:47:10.900000Z,3.051989
401,20180202T074710Z,2A.BBS09.,"['HHE', 'HHN', 'HHZ']",2018-02-02T07:47:10.900000Z,3.051989
402,20180202T074759Z,2A.BBS05.,"['HHE', 'HHN', 'HHZ']",2018-02-02T07:47:59.250000Z,0.891988
403,20180202T074759Z,2A.BBS06.,"['HHE', 'HHN', 'HHZ']",2018-02-02T07:47:59.250000Z,0.891988
404,20180202T074759Z,2A.BBS09.,"['HHE', 'HHN', 'HHZ']",2018-02-02T07:47:59.250000Z,0.891988
405,20180202T074923Z,2A.BBS06.,"['HHE', 'HHN', 'HHZ']",2018-02-02T07:49:23.230000Z,1.051989
406,20180202T074923Z,2A.BBS09.,"['HHE', 'HHN', 'HHZ']",2018-02-02T07:49:23.230000Z,1.051989
407,20180202T075249Z,2A.BBS05.,"['HHE', 'HHN', 'HHZ']",2018-02-02T07:52:49.670000Z,3.051989
408,20180202T075249Z,2A.BBS06.,"['HHE', 'HHN', 'HHZ']",2018-02-02T07:52:49.670000Z,3.051989
409,20180202T075249Z,2A.BBS09.,"['HHE', 'HHN', 'HHZ']",2018-02-02T07:52:49.670000Z,3.051989
410,20180202T075347Z,2A.BBS06.,"['HHE', 'HHN', 'HHZ']",2018-02-02T07:53:47.600000Z,1.051989
411,20180202T075347Z,2A.BBS09.,"['HHE', 'HHN', 'HHZ']",2018-02-02T07:53:47.600000Z,1.051989
412,20180202T075436Z,2A.BBS06.,"['HHE', 'HHN', 'HHZ']",2018-02-02T07:54:36.550000Z,1.051989
413,20180202T075436Z,2A.BBS09.,"['HHE', 'HHN', 'HHZ']",2018-02-02T07:54:36.550000Z,1.051989
414,20180202T075509Z,2A.BBS06.,"['HHE', 'HHN', 'HHZ']",2018-02-02T07:55:09.860000Z,1.051989
415,20180202T075509Z,2A.BBS09.,"['HHE', 'HHN', 'HHZ']",2018-02-02T07:55:09.860000Z,1.051989
416,20180202T075717Z,2A.BBS05.,"['HHE', 'HHN', 'HHZ']",2018-02-02T07:57:17.960000Z,1.611988
417,20180202T075717Z,2A.BBS06.,"['HHE', 'HHN', 'HHZ']",2018-02-02T07:57:17.960000Z,1.611988
418,20180202T075717Z,2A.BBS09.,"['HHE', 'HHN', 'HHZ']",2018-02-02T07:57:17.960000Z,1.611988
419,20180202T075844Z,2A.BBS06.,"['HHE', 'HHN', 'HHZ']",2018-02-02T07:58:44.010000Z,1.051989
420,20180202T075844Z,2A.BBS09.,"['HHE', 'HHN', 'HHZ']",2018-02-02T07:58:44.010000Z,1.051989
421,20180202T080854Z,2A.BBS06.,"['HHE', 'HHN', 'HHZ']",2018-02-02T08:08:54.400000Z,1.051989
422,20180202T080854Z,2A.BBS09.,"['HHE', 'HHN', 'HHZ']",2018-02-02T08:08:54.400000Z,1.051989
423,20180202T081059Z,2A.BBS06.,"['HHE', 'HHN', 'HHZ']",2018-02-02T08:10:59.380000Z,1.051989
424,20180202T081059Z,2A.BBS09.,"['HHE', 'HHN', 'HHZ']",2018-02-02T08:10:59.380000Z,1.051989
425,20180202T081215Z,2A.BBS05.,"['HHE', 'HHN', 'HHZ']",2018-02-02T08:12:15.650000Z,14.651988
426,20180202T081215Z,2A.BBS06.,"['HHE', 'HHN', 'HHZ']",2018-02-02T08:12:15.650000Z,14.651988
427,20180202T081215Z,2A.BBS09.,"['HHE', 'HHN', 'HHZ']",2018-02-02T08:12:15.650000Z,14.651988
428,20180202T081237Z,2A.BBS06.,"['HHE', 'HHN', 'HHZ']",2018-02-02T08:12:37.460000Z,1.051989
429,20180202T081237Z,2A.BBS09.,"['HHE', 'HHN', 'HHZ']",2018-02-02T08:12:37.460000Z,1.051989
430,20180202T082004Z,2A.BBS05.,"['HHE', 'HHN', 'HHZ']",2018-02-02T08:20:04.890000Z,8.961989
431,20180202T082004Z,2A.BBS06.,"['HHE', 'HHN', 'HHZ']",2018-02-02T08:20:04.890000Z,8.961989
432,20180202T082004Z,2A.BBS09.,"['HHE', 'HHN', 'HHZ']",2018-02-02T08:20:04.890000Z,8.961989
433,20180202T082527Z,2A.BBS06.,"['HHE', 'HHN', 'HHZ']",2018-02-02T08:25:27.560000Z,1.051989
434,20180202T082527Z,2A.BBS09.,"['HHE', 'HHN', 'HHZ']",2018-02-02T08:25:27.560000Z,1.051989
435,20180202T082906Z,2A.BBS05.,"['HHE', 'HHN', 'HHZ']",2018-02-02T08:29:06.840000Z,2.571988
436,20180202T082906Z,2A.BBS06.,"['HHE', 'HHN', 'HHZ']",2018-02-02T08:29:06.840000Z,2.571988
437,20180202T082906Z,2A.BBS09.,"['HHE', 'HHN', 'HHZ']",2018-02-02T08:29:06.840000Z,2.571988
438,20180202T083016Z,2A.BBS06.,"['HHE', 'HHN', 'HHZ']",2018-02-02T08:30:16.680000Z,1.051989
439,20180202T083016Z,2A.BBS09.,"['HHE', 'HHN', 'HHZ']",2018-02-02T08:30:16.680000Z,1.051989
440,20180202T083059Z,2A.BBS06.,"['HHE', 'HHN', 'HHZ']",2018-02-02T08:30:59.020000Z,1.051989
441,20180202T083059Z,2A.BBS09.,"['HHE', 'HHN', 'HHZ']",2018-02-02T08:30:59.020000Z,1.051989
442,20180202T083400Z,2A.BBS06.,"['HHE', 'HHN', 'HHZ']",2018-02-02T08:34:00.300000Z,1.051989
443,20180202T083400Z,2A.BBS09.,"['HHE', 'HHN', 'HHZ']",2018-02-02T08:34:00.300000Z,1.051989
444,20180202T084054Z,2A.BBS05.,"['HHE', 'HHN', 'HHZ']",2018-02-02T08:40:54.170000Z,18.921988
445,20180202T084054Z,2A.BBS06.,"['HHE', 'HHN', 'HHZ']",2018-02-02T08:40:54.170000Z,18.921988
446,20180202T084054Z,2A.BBS09.,"['HHE', 'HHN', 'HHZ']",2018-02-02T08:40:54.170000Z,18.921988
447,20180202T084217Z,2A.BBS06.,"['HHE', 'HHN', 'HHZ']",2018-02-02T08:42:17.170000Z,1.051989
448,20180202T084217Z,2A.BBS09.,"['HHE', 'HHN', 'HHZ']",2018-02-02T08:42:17.170000Z,1.051989
449,20180202T084352Z,2A.BBS05.,"['HHE', 'HHN', 'HHZ']",2018-02-02T08:43:52.370000Z,8.961989
450,20180202T084352Z,2A.BBS06.,"['HHE', 'HHN', 'HHZ']",2018-02-02T08:43:52.370000Z,8.961989
451,20180202T084352Z,2A.BBS09.,"['HHE', 'HHN', 'HHZ']",2018-02-02T08:43:52.370000Z,8.961989
452,20180202T084519Z,2A.BBS06.,"['HHE', 'HHN', 'HHZ']",2018-02-02T08:45:19.720000Z,1.051989
453,20180202T084519Z,2A.BBS09.,"['HHE', 'HHN', 'HHZ']",2018-02-02T08:45:19.720000Z,1.051989
454,20180202T084607Z,2A.BBS06.,"['HHE', 'HHN', 'HHZ']",2018-02-02T08:46:07.780000Z,1.051989
455,20180202T084607Z,2A.BBS09.,"['HHE', 'HHN', 'HHZ']",2018-02-02T08:46:07.780000Z,1.051989
456,20180202T084653Z,2A.BBS05.,"['HHE', 'HHN', 'HHZ']",2018-02-02T08:46:53.000000Z,2.661988
457,20180202T084653Z,2A.BBS06.,"['HHE', 'HHN', 'HHZ']",2018-02-02T08:46:53.000000Z,2.661988
458,20180202T084653Z,2A.BBS09.,"['HHE', 'HHN', 'HHZ']",2018-02-02T08:46:53.000000Z,2.661988
459,20180202T085315Z,2A.BBS06.,"['HHE', 'HHN', 'HHZ']",2018-02-02T08:53:15.920000Z,1.051989
460,20180202T085315Z,2A.BBS09.,"['HHE', 'HHN', 'HHZ']",2018-02-02T08:53:15.920000Z,1.051989
461,20180202T085345Z,2A.BBS06.,"['HHE', 'HHN', 'HHZ']",2018-02-02T08:53:45.510000Z,1.051989
462,20180202T085345Z,2A.BBS09.,"['HHE', 'HHN', 'HHZ']",2018-02-02T08:53:45.510000Z,1.051989
463,20180202T085737Z,2A.BBS06.,"['HHE', 'HHN', 'HHZ']",2018-02-02T08:57:37.090000Z,1.051989
464,20180202T085737Z,2A.BBS09.,"['HHE', 'HHN', 'HHZ']",2018-02-02T08:57:37.090000Z,1.051989
465,20180202T085757Z,2A.BBS05.,"['HHE', 'HHN', 'HHZ']",2018-02-02T08:57:57.110000Z,6.471988
466,20180202T085757Z,2A.BBS06.,"['HHE', 'HHN', 'HHZ']",2018-02-02T08:57:57.110000Z,6.471988
467,20180202T085757Z,2A.BBS09.,"['HHE', 'HHN', 'HHZ']",2018-02-02T08:57:57.110000Z,6.471988
468,20180202T085828Z,2A.BBS05.,"['HHE', 'HHN', 'HHZ']",2018-02-02T08:58:28.890000Z,8.961989
469,20180202T085828Z,2A.BBS06.,"['HHE', 'HHN', 'HHZ']",2018-02-02T08:58:28.890000Z,8.961989
470,20180202T085828Z,2A.BBS09.,"['HHE', 'HHN', 'HHZ']",2018-02-02T08:58:28.890000Z,8.961989
471,20180202T090339Z,2A.BBS06.,"['HHE', 'HHN', 'HHZ']",2018-02-02T09:03:39.510000Z,1.051989
472,20180202T090339Z,2A.BBS09.,"['HHE', 'HHN', 'HHZ']",2018-02-02T09:03:39.510000Z,1.051989
473,20180202T091215Z,2A.BBS05.,"['HHE', 'HHN', 'HHZ']",2018-02-02T09:12:15.230000Z,14.151989
474,20180202T091215Z,2A.BBS06.,"['HHE', 'HHN', 'HHZ']",2018-02-02T09:12:15.230000Z,14.151989
475,20180202T091215Z,2A.BBS09.,"['HHE', 'HHN', 'HHZ']",2018-02-02T09:12:15.230000Z,14.151989
476,20180202T091317Z,2A.BBS06.,"['HHE', 'HHN', 'HHZ']",2018-02-02T09:13:17.190000Z,1.051989
477,20180202T091317Z,2A.BBS09.,"['HHE', 'HHN', 'HHZ']",2018-02-02T09:13:17.190000Z,1.051989
478,20180202T091749Z,2A.BBS06.,"['HHE', 'HHN', 'HHZ']",2018-02-02T09:17:49.720000Z,1.051989
479,20180202T091749Z,2A.BBS09.,"['HHE', 'HHN', 'HHZ']",2018-02-02T09:17:49.720000Z,1.051989
480,20180202T091858Z,2A.BBS05.,"['HHE', 'HHN', 'HHZ']",2018-02-02T09:18:58.470000Z,3.051989
481,20180202T091858Z,2A.BBS06.,"['HHE', 'HHN', 'HHZ']",2018-02-02T09:18:58.470000Z,3.051989
482,20180202T091858Z,2A.BBS09.,"['HHE', 'HHN', 'HHZ']",2018-02-02T09:18:58.470000Z,3.051989
483,20180202T092050Z,2A.BBS05.,"['HHE', 'HHN', 'HHZ']",2018-02-02T09:20:50.800000Z,1.611988
484,20180202T092050Z,2A.BBS06.,"['HHE', 'HHN', 'HHZ']",2018-02-02T09:20:50.800000Z,1.611988
485,20180202T092050Z,2A.BBS09.,"['HHE', 'HHN', 'HHZ']",2018-02-02T09:20:50.800000Z,1.611988
486,20180202T092212Z,2A.BBS05.,"['HHE', 'HHN', 'HHZ']",2018-02-02T09:22:12.950000Z,0.891988
487,20180202T092212Z,2A.BBS06.,"['HHE', 'HHN', 'HHZ']",2018-02-02T09:22:12.950000Z,0.891988
488,20180202T092212Z,2A.BBS09.,"['HHE', 'HHN', 'HHZ']",2018-02-02T09:22:12.950000Z,0.891988
489,20180202T092249Z,2A.BBS06.,"['HHE', 'HHN', 'HHZ']",2018-02-02T09:22:49.020000Z,1.051989
490,20180202T092249Z,2A.BBS09.,"['HHE', 'HHN', 'HHZ']",2018-02-02T09:22:49.020000Z,1.051989
491,20180202T092435Z,2A.BBS06.,"['HHE', 'HHN', 'HHZ']",2018-02-02T09:24:35.980000Z,1.051989
492,20180202T092435Z,2A.BBS09.,"['HHE', 'HHN', 'HHZ']",2018-02-02T09:24:35.980000Z,1.051989
493,20180202T092555Z,2A.BBS05.,"['HHE', 'HHN', 'HHZ']",2018-02-02T09:25:55.100000Z,1.611988
494,20180202T092555Z,2A.BBS06.,"['HHE', 'HHN', 'HHZ']",2018-02-02T09:25:55.100000Z,1.611988
495,20180202T092555Z,2A.BBS09.,"['HHE', 'HHN', 'HHZ']",2018-02-02T09:25:55.100000Z,1.611988
496,20180202T092750Z,2A.BBS06.,"['HHE', 'HHN', 'HHZ']",2018-02-02T09:27:50.490000Z,1.051989
497,20180202T092750Z,2A.BBS09.,"['HHE', 'HHN', 'HHZ']",2018-02-02T09:27:50.490000Z,1.051989
498,20180202T093352Z,2A.BBS06.,"['HHE', 'HHN', 'HHZ']",2018-02-02T09:33:52.650000Z,1.051989
499,20180202T093352Z,2A.BBS09.,"['HHE', 'HHN', 'HHZ']",2018-02-02T09:33:52.650000Z,1.051989
500,20180202T093810Z,2A.BBS06.,"['HHE', 'HHN', 'HHZ']",2018-02-02T09:38:10.620000Z,1.051989
501,20180202T093810Z,2A.BBS09.,"['HHE', 'HHN', 'HHZ']",2018-02-02T09:38:10.620000Z,1.051989
502,20180202T093832Z,2A.BBS05.,"['HHE', 'HHN', 'HHZ']",2018-02-02T09:38:32.950000Z,1.611988
503,20180202T093832Z,2A.BBS06.,"['HHE', 'HHN', 'HHZ']",2018-02-02T09:38:32.950000Z,1.611988
504,20180202T093832Z,2A.BBS09.,"['HHE', 'HHN', 'HHZ']",2018-02-02T09:38:32.950000Z,1.611988
505,20180202T095033Z,2A.BBS05.,"['HHE', 'HHN', 'HHZ']",2018-02-02T09:50:33.990000Z,14.151989
506,20180202T095033Z,2A.BBS06.,"['HHE', 'HHN', 'HHZ']",2018-02-02T09:50:33.990000Z,14.151989
507,20180202T095033Z,2A.BBS09.,"['HHE', 'HHN', 'HHZ']",2018-02-02T09:50:33.990000Z,14.151989
508,20180202T095441Z,2A.BBS06.,"['HHE', 'HHN', 'HHZ']",2018-02-02T09:54:41.970000Z,1.051989
509,20180202T095441Z,2A.BBS09.,"['HHE', 'HHN', 'HHZ']",2018-02-02T09:54:41.970000Z,1.051989
510,20180202T101615Z,2A.BBS05.,"['HHE', 'HHN', 'HHZ']",2018-02-02T10:16:15.720000Z,2.571988
511,20180202T101615Z,2A.BBS06.,"['HHE', 'HHN', 'HHZ']",2018-02-02T10:16:15.720000Z,2.571988
512,20180202T101615Z,2A.BBS09.,"['HHE', 'HHN', 'HHZ']",2018-02-02T10:16:15.720000Z,2.571988
513,20180202T102916Z,2A.BBS05.,"['HHE', 'HHN', 'HHZ']",2018-02-02T10:29:16.770000Z,3.051989
514,20180202T102916Z,2A.BBS06.,"['HHE', 'HHN', 'HHZ']",2018-02-02T10:29:16.770000Z,3.051989
515,20180202T102916Z,2A.BBS09.,"['HHE', 'HHN', 'HHZ']",2018-02-02T10:29:16.770000Z,3.051989
516,20180202T103211Z,2A.BBS06.,"['HHE', 'HHN', 'HHZ']",2018-02-02T10:32:11.410000Z,1.051989
517,20180202T103211Z,2A.BBS09.,"['HHE', 'HHN', 'HHZ']",2018-02-02T10:32:11.410000Z,1.051989
518,20180202T103710Z,2A.BBS06.,"['HHE', 'HHN', 'HHZ']",2018-02-02T10:37:10.750000Z,1.051989
519,20180202T103710Z,2A.BBS09.,"['HHE', 'HHN', 'HHZ']",2018-02-02T10:37:10.750000Z,1.051989
520,20180202T104238Z,2A.BBS05.,"['HHE', 'HHN', 'HHZ']",2018-02-02T10:42:38.880000Z,1.611988
521,20180202T104238Z,2A.BBS06.,"['HHE', 'HHN', 'HHZ']",2018-02-02T10:42:38.880000Z,1.611988
522,20180202T104238Z,2A.BBS09.,"['HHE', 'HHN', 'HHZ']",2018-02-02T10:42:38.880000Z,1.611988
523,20180202T104920Z,2A.BBS05.,"['HHE', 'HHN', 'HHZ']",2018-02-02T10:49:20.600000Z,3.511988
524,20180202T104920Z,2A.BBS06.,"['HHE', 'HHN', 'HHZ']",2018-02-02T10:49:20.600000Z,3.511988
525,20180202T104920Z,2A.BBS09.,"['HHE', 'HHN', 'HHZ']",2018-02-02T10:49:20.600000Z,3.511988
526,20180202T105142Z,2A.BBS06.,"['HHE', 'HHN', 'HHZ']",2018-02-02T10:51:42.370000Z,1.051989
527,20180202T105142Z,2A.BBS09.,"['HHE', 'HHN', 'HHZ']",2018-02-02T10:51:42.370000Z,1.051989
528,20180202T111127Z,2A.BBS05.,"['HHE', 'HHN', 'HHZ']",2018-02-02T11:11:27.110000Z,2.661988
529,20180202T111127Z,2A.BBS06.,"['HHE', 'HHN', 'HHZ']",2018-02-02T11:11:27.110000Z,2.661988
530,20180202T111127Z,2A.BBS09.,"['HHE', 'HHN', 'HHZ']",2018-02-02T11:11:27.110000Z,2.661988
531,20180202T111607Z,2A.BBS05.,"['HHE', 'HHN', 'HHZ']",2018-02-02T11:16:07.710000Z,3.051989
532,20180202T111607Z,2A.BBS06.,"['HHE', 'HHN', 'HHZ']",2018-02-02T11:16:07.710000Z,3.051989
533,20180202T111607Z,2A.BBS09.,"['HHE', 'HHN', 'HHZ']",2018-02-02T11:16:07.710000Z,3.051989
534,20180202T112245Z,2A.BBS06.,"['HHE', 'HHN', 'HHZ']",2018-02-02T11:22:45.800000Z,1.051989
535,20180202T112245Z,2A.BBS09.,"['HHE', 'HHN', 'HHZ']",2018-02-02T11:22:45.800000Z,1.051989
536,20180202T112307Z,2A.BBS06.,"['HHE', 'HHN', 'HHZ']",2018-02-02T11:23:07.700000Z,1.051989
537,20180202T112307Z,2A.BBS09.,"['HHE', 'HHN', 'HHZ']",2018-02-02T11:23:07.700000Z,1.051989
538,20180202T112911Z,2A.BBS05.,"['HHE', 'HHN', 'HHZ']",2018-02-02T11:29:11.240000Z,3.051989
539,20180202T112911Z,2A.BBS06.,"['HHE', 'HHN', 'HHZ']",2018-02-02T11:29:11.240000Z,3.051989
540,20180202T112911Z,2A.BBS09.,"['HHE', 'HHN', 'HHZ']",2018-02-02T11:29:11.240000Z,3.051989
541,20180202T113944Z,2A.BBS05.,"['HHE', 'HHN', 'HHZ']",2018-02-02T11:39:44.660000Z,3.051989
542,20180202T113944Z,2A.BBS06.,"['HHE', 'HHN', 'HHZ']",2018-02-02T11:39:44.660000Z,3.051989
543,20180202T113944Z,2A.BBS09.,"['HHE', 'HHN', 'HHZ']",2018-02-02T11:39:44.660000Z,3.051989
544,20180202T114345Z,2A.BBS06.,"['HHE', 'HHN', 'HHZ']",2018-02-02T11:43:45.550000Z,1.051989
545,20180202T114345Z,2A.BBS09.,"['HHE', 'HHN', 'HHZ']",2018-02-02T11:43:45.550000Z,1.051989
546,20180202T114825Z,2A.BBS06.,"['HHE', 'HHN', 'HHZ']",2018-02-02T11:48:25.520000Z,1.051989
547,20180202T114825Z,2A.BBS09.,"['HHE', 'HHN', 'HHZ']",2018-02-02T11:48:25.520000Z,1.051989
548,20180202T115244Z,2A.BBS06.,"['HHE', 'HHN', 'HHZ']",2018-02-02T11:52:44.190000Z,1.051989
549,20180202T115244Z,2A.BBS09.,"['HHE', 'HHN', 'HHZ']",2018-02-02T11:52:44.190000Z,1.051989
550,20180202T115920Z,2A.BBS06.,"['HHE', 'HHN', 'HHZ']",2018-02-02T11:59:20.850000Z,1.051989
551,20180202T115920Z,2A.BBS09.,"['HHE', 'HHN', 'HHZ']",2018-02-02T11:59:20.850000Z,1.051989
552,20180202T120051Z,2A.BBS06.,"['HHE', 'HHN', 'HHZ']",2018-02-02T12:00:51.110000Z,1.051989
553,20180202T120051Z,2A.BBS09.,"['HHE', 'HHN', 'HHZ']",2018-02-02T12:00:51.110000Z,1.051989
554,20180202T120803Z,2A.BBS06.,"['HHE', 'HHN', 'HHZ']",2018-02-02T12:08:03.800000Z,1.051989
555,20180202T120803Z,2A.BBS09.,"['HHE', 'HHN', 'HHZ']",2018-02-02T12:08:03.800000Z,1.051989
556,20180202T122734Z,2A.BBS05.,"['HHE', 'HHN', 'HHZ']",2018-02-02T12:27:34.440000Z,5.901988
557,20180202T122734Z,2A.BBS06.,"['HHE', 'HHN', 'HHZ']",2018-02-02T12:27:34.440000Z,5.901988
558,20180202T122734Z,2A.BBS09.,"['HHE', 'HHN', 'HHZ']",2018-02-02T12:27:34.440000Z,5.901988
559,20180202T122907Z,2A.BBS06.,"['HHE', 'HHN', 'HHZ']",2018-02-02T12:29:07.060000Z,1.051989
560,20180202T122907Z,2A.BBS09.,"['HHE', 'HHN', 'HHZ']",2018-02-02T12:29:07.060000Z,1.051989
561,20180202T123427Z,2A.BBS05.,"['HHE', 'HHN', 'HHZ']",2018-02-02T12:34:27.290000Z,12.931988
562,20180202T123427Z,2A.BBS06.,"['HHE', 'HHN', 'HHZ']",2018-02-02T12:34:27.290000Z,12.931988
563,20180202T123427Z,2A.BBS09.,"['HHE', 'HHN', 'HHZ']",2018-02-02T12:34:27.290000Z,12.931988
564,20180202T125349Z,2A.BBS06.,"['HHE', 'HHN', 'HHZ']",2018-02-02T12:53:49.970000Z,1.051989
565,20180202T125349Z,2A.BBS09.,"['HHE', 'HHN', 'HHZ']",2018-02-02T12:53:49.970000Z,1.051989
566,20180202T130332Z,2A.BBS05.,"['HHE', 'HHN', 'HHZ']",2018-02-02T13:03:32.110000Z,8.961989
567,20180202T130332Z,2A.BBS06.,"['HHE', 'HHN', 'HHZ']",2018-02-02T13:03:32.110000Z,8.961989
568,20180202T130332Z,2A.BBS09.,"['HHE', 'HHN', 'HHZ']",2018-02-02T13:03:32.110000Z,8.961989
569,20180202T131937Z,2A.BBS05.,"['HHE', 'HHN', 'HHZ']",2018-02-02T13:19:37.740000Z,10.731988
570,20180202T131937Z,2A.BBS06.,"['HHE', 'HHN', 'HHZ']",2018-02-02T13:19:37.740000Z,10.731988
571,20180202T131937Z,2A.BBS09.,"['HHE', 'HHN', 'HHZ']",2018-02-02T13:19:37.740000Z,10.731988
572,20180202T132055Z,2A.BBS05.,"['HHE', 'HHN', 'HHZ']",2018-02-02T13:20:55.830000Z,2.571988
573,20180202T132055Z,2A.BBS06.,"['HHE', 'HHN', 'HHZ']",2018-02-02T13:20:55.830000Z,2.571988
574,20180202T132055Z,2A.BBS09.,"['HHE', 'HHN', 'HHZ']",2018-02-02T13:20:55.830000Z,2.571988
575,20180202T132840Z,2A.BBS06.,"['HHE', 'HHN', 'HHZ']",2018-02-02T13:28:40.710000Z,1.051989
576,20180202T132840Z,2A.BBS09.,"['HHE', 'HHN', 'HHZ']",2018-02-02T13:28:40.710000Z,1.051989
577,20180202T133150Z,2A.BBS05.,"['HHE', 'HHN', 'HHZ']",2018-02-02T13:31:50.860000Z,3.511988
578,20180202T133150Z,2A.BBS06.,"['HHE', 'HHN', 'HHZ']",2018-02-02T13:31:50.860000Z,3.511988
579,20180202T133150Z,2A.BBS09.,"['HHE', 'HHN', 'HHZ']",2018-02-02T13:31:50.860000Z,3.511988
580,20180202T135025Z,2A.BBS05.,"['HHE', 'HHN', 'HHZ']",2018-02-02T13:50:25.250000Z,3.051989
581,20180202T135025Z,2A.BBS06.,"['HHE', 'HHN', 'HHZ']",2018-02-02T13:50:25.250000Z,3.051989
582,20180202T135025Z,2A.BBS09.,"['HHE', 'HHN', 'HHZ']",2018-02-02T13:50:25.250000Z,3.051989
583,20180202T135046Z,2A.BBS05.,"['HHE', 'HHN', 'HHZ']",2018-02-02T13:50:46.730000Z,6.471988
584,20180202T135046Z,2A.BBS06.,"['HHE', 'HHN', 'HHZ']",2018-02-02T13:50:46.730000Z,6.471988
585,20180202T135046Z,2A.BBS09.,"['HHE', 'HHN', 'HHZ']",2018-02-02T13:50:46.730000Z,6.471988
586,20180202T135336Z,2A.BBS05.,"['HHE', 'HHN', 'HHZ']",2018-02-02T13:53:36.320000Z,1.611988
587,20180202T135336Z,2A.BBS06.,"['HHE', 'HHN', 'HHZ']",2018-02-02T13:53:36.320000Z,1.611988
588,20180202T135336Z,2A.BBS09.,"['HHE', 'HHN', 'HHZ']",2018-02-02T13:53:36.320000Z,1.611988
589,20180202T141037Z,2A.BBS05.,"['HHE', 'HHN', 'HHZ']",2018-02-02T14:10:37.020000Z,8.961989
590,20180202T141037Z,2A.BBS06.,"['HHE', 'HHN', 'HHZ']",2018-02-02T14:10:37.020000Z,8.961989
591,20180202T141037Z,2A.BBS09.,"['HHE', 'HHN', 'HHZ']",2018-02-02T14:10:37.020000Z,8.961989
592,20180202T141233Z,2A.BBS05.,"['HHE', 'HHN', 'HHZ']",2018-02-02T14:12:33.020000Z,8.961989
593,20180202T141233Z,2A.BBS06.,"['HHE', 'HHN', 'HHZ']",2018-02-02T14:12:33.020000Z,8.961989
594,20180202T141233Z,2A.BBS09.,"['HHE', 'HHN', 'HHZ']",2018-02-02T14:12:33.020000Z,8.961989
595,20180202T141326Z,2A.BBS05.,"['HHE', 'HHN', 'HHZ']",2018-02-02T14:13:26.010000Z,1.611988
596,20180202T141326Z,2A.BBS06.,"['HHE', 'HHN', 'HHZ']",2018-02-02T14:13:26.010000Z,1.611988
597,20180202T141326Z,2A.BBS09.,"['HHE', 'HHN', 'HHZ']",2018-02-02T14:13:26.010000Z,1.611988
598,20180202T141402Z,2A.BBS05.,"['HHE', 'HHN', 'HHZ']",2018-02-02T14:14:02.910000Z,7.541989
599,20180202T141402Z,2A.BBS06.,"['HHE', 'HHN', 'HHZ']",2018-02-02T14:14:02.910000Z,7.541989
600,20180202T141402Z,2A.BBS09.,"['HHE', 'HHN', 'HHZ']",2018-02-02T14:14:02.910000Z,7.541989
601,20180202T141454Z,2A.BBS05.,"['HHE', 'HHN', 'HHZ']",2018-02-02T14:14:54.120000Z,1.611988
602,20180202T141454Z,2A.BBS06.,"['HHE', 'HHN', 'HHZ']",2018-02-02T14:14:54.120000Z,1.611988
603,20180202T141454Z,2A.BBS09.,"['HHE', 'HHN', 'HHZ']",2018-02-02T14:14:54.120000Z,1.611988
604,20180202T142134Z,2A.BBS06.,"['HHE', 'HHN', 'HHZ']",2018-02-02T14:21:34.130000Z,1.051989
605,20180202T142134Z,2A.BBS09.,"['HHE', 'HHN', 'HHZ']",2018-02-02T14:21:34.130000Z,1.051989
606,20180202T151927Z,2A.BBS06.,"['HHE', 'HHN', 'HHZ']",2018-02-02T15:19:27.660000Z,1.051989
607,20180202T151927Z,2A.BBS09.,"['HHE', 'HHN', 'HHZ']",2018-02-02T15:19:27.660000Z,1.051989
608,20180202T152245Z,2A.BBS06.,"['HHE', 'HHN', 'HHZ']",2018-02-02T15:22:45.510000Z,1.051989
609,20180202T152245Z,2A.BBS09.,"['HHE', 'HHN', 'HHZ']",2018-02-02T15:22:45.510000Z,1.051989
610,20180202T154755Z,2A.BBS05.,"['HHE', 'HHN', 'HHZ']",2018-02-02T15:47:55.320000Z,3.511988
611,20180202T154755Z,2A.BBS06.,"['HHE', 'HHN', 'HHZ']",2018-02-02T15:47:55.320000Z,3.511988
612,20180202T154755Z,2A.BBS09.,"['HHE', 'HHN', 'HHZ']",2018-02-02T15:47:55.320000Z,3.511988
613,20180202T155148Z,2A.BBS06.,"['HHE', 'HHN', 'HHZ']",2018-02-02T15:51:48.890000Z,1.051989
614,20180202T155148Z,2A.BBS09.,"['HHE', 'HHN', 'HHZ']",2018-02-02T15:51:48.890000Z,1.051989
615,20180202T155828Z,2A.BBS05.,"['HHE', 'HHN', 'HHZ']",2018-02-02T15:58:28.460000Z,8.961989
616,20180202T155828Z,2A.BBS06.,"['HHE', 'HHN', 'HHZ']",2018-02-02T15:58:28.460000Z,8.961989
617,20180202T155828Z,2A.BBS09.,"['HHE', 'HHN', 'HHZ']",2018-02-02T15:58:28.460000Z,8.961989
618,20180202T161545Z,2A.BBS06.,"['HHE', 'HHN', 'HHZ']",2018-02-02T16:15:45.260000Z,1.051989
619,20180202T161545Z,2A.BBS09.,"['HHE', 'HHN', 'HHZ']",2018-02-02T16:15:45.260000Z,1.051989
620,20180202T161856Z,2A.BBS05.,"['HHE', 'HHN', 'HHZ']",2018-02-02T16:18:56.560000Z,6.471988
621,20180202T161856Z,2A.BBS06.,"['HHE', 'HHN', 'HHZ']",2018-02-02T16:18:56.560000Z,6.471988
622,20180202T161856Z,2A.BBS09.,"['HHE', 'HHN', 'HHZ']",2018-02-02T16:18:56.560000Z,6.471988
623,20180202T164504Z,2A.BBS05.,"['HHE', 'HHN', 'HHZ']",2018-02-02T16:45:04.560000Z,0.891988
624,20180202T164504Z,2A.BBS06.,"['HHE', 'HHN', 'HHZ']",2018-02-02T16:45:04.560000Z,0.891988
625,20180202T164504Z,2A.BBS09.,"['HHE', 'HHN', 'HHZ']",2018-02-02T16:45:04.560000Z,0.891988
626,20180202T164531Z,2A.BBS05.,"['HHE', 'HHN', 'HHZ']",2018-02-02T16:45:31.410000Z,3.511988
627,20180202T164531Z,2A.BBS06.,"['HHE', 'HHN', 'HHZ']",2018-02-02T16:45:31.410000Z,3.511988
628,20180202T164531Z,2A.BBS09.,"['HHE', 'HHN', 'HHZ']",2018-02-02T16:45:31.410000Z,3.511988
629,20180202T164702Z,2A.BBS05.,"['HHE', 'HHN', 'HHZ']",2018-02-02T16:47:02.600000Z,0.821989
630,20180202T164702Z,2A.BBS06.,"['HHE', 'HHN', 'HHZ']",2018-02-02T16:47:02.600000Z,0.821989
631,20180202T170430Z,2A.BBS05.,"['HHE', 'HHN', 'HHZ']",2018-02-02T17:04:30.860000Z,3.051989
632,20180202T170430Z,2A.BBS06.,"['HHE', 'HHN', 'HHZ']",2018-02-02T17:04:30.860000Z,3.051989
633,20180202T170430Z,2A.BBS09.,"['HHE', 'HHN', 'HHZ']",2018-02-02T17:04:30.860000Z,3.051989
634,20180202T171540Z,2A.BBS05.,"['HHE', 'HHN', 'HHZ']",2018-02-02T17:15:40.930000Z,8.961989
635,20180202T171540Z,2A.BBS06.,"['HHE', 'HHN', 'HHZ']",2018-02-02T17:15:40.930000Z,8.961989
636,20180202T171540Z,2A.BBS09.,"['HHE', 'HHN', 'HHZ']",2018-02-02T17:15:40.930000Z,8.961989
637,20180202T171923Z,2A.BBS05.,"['HHE', 'HHN', 'HHZ']",2018-02-02T17:19:23.270000Z,0.821989
638,20180202T171923Z,2A.BBS06.,"['HHE', 'HHN', 'HHZ']",2018-02-02T17:19:23.270000Z,0.821989
639,20180202T173301Z,2A.BBS05.,"['HHE', 'HHN', 'HHZ']",2018-02-02T17:33:01.610000Z,0.821989
640,20180202T173301Z,2A.BBS06.,"['HHE', 'HHN', 'HHZ']",2018-02-02T17:33:01.610000Z,0.821989
641,20180202T175931Z,2A.BBS05.,"['HHE', 'HHN', 'HHZ']",2018-02-02T17:59:31.080000Z,0.821989
642,20180202T175931Z,2A.BBS06.,"['HHE', 'HHN', 'HHZ']",2018-02-02T17:59:31.080000Z,0.821989
643,20180202T181531Z,2A.BBS05.,"['HHE', 'HHN', 'HHZ']",2018-02-02T18:15:31.650000Z,1.611988
644,20180202T181531Z,2A.BBS06.,"['HHE', 'HHN', 'HHZ']",2018-02-02T18:15:31.650000Z,1.611988
645,20180202T181531Z,2A.BBS09.,"['HHE', 'HHN', 'HHZ']",2018-02-02T18:15:31.650000Z,1.611988
646,20180202T181746Z,2A.BBS05.,"['HHE', 'HHN', 'HHZ']",2018-02-02T18:17:46.080000Z,0.821989
647,20180202T181746Z,2A.BBS06.,"['HHE', 'HHN', 'HHZ']",2018-02-02T18:17:46.080000Z,0.821989
648,20180202T183508Z,2A.BBS05.,"['HHE', 'HHN', 'HHZ']",2018-02-02T18:35:08.520000Z,0.821989
649,20180202T183508Z,2A.BBS06.,"['HHE', 'HHN', 'HHZ']",2018-02-02T18:35:08.520000Z,0.821989
650,20180202T184018Z,2A.BBS05.,"['HHE', 'HHN', 'HHZ']",2018-02-02T18:40:18.980000Z,12.931988
651,20180202T184018Z,2A.BBS06.,"['HHE', 'HHN', 'HHZ']",2018-02-02T18:40:18.980000Z,12.931988
652,20180202T184018Z,2A.BBS09.,"['HHE', 'HHN', 'HHZ']",2018-02-02T18:40:18.980000Z,12.931988
653,20180202T184251Z,2A.BBS05.,"['HHE', 'HHN', 'HHZ']",2018-02-02T18:42:51.270000Z,0.821989
654,20180202T184251Z,2A.BBS06.,"['HHE', 'HHN', 'HHZ']",2018-02-02T18:42:51.270000Z,0.821989
655,20180202T190156Z,2A.BBS05.,"['HHE', 'HHN', 'HHZ']",2018-02-02T19:01:56.980000Z,0.821989
656,20180202T190156Z,2A.BBS06.,"['HHE', 'HHN', 'HHZ']",2018-02-02T19:01:56.980000Z,0.821989
657,20180202T190617Z,2A.BBS05.,"['HHE', 'HHN', 'HHZ']",2018-02-02T19:06:17.760000Z,0.821989
658,20180202T190617Z,2A.BBS06.,"['HHE', 'HHN', 'HHZ']",2018-02-02T19:06:17.760000Z,0.821989
659,20180202T193342Z,2A.BBS05.,"['HHE', 'HHN', 'HHZ']",2018-02-02T19:33:42.400000Z,0.821989
660,20180202T193342Z,2A.BBS06.,"['HHE', 'HHN', 'HHZ']",2018-02-02T19:33:42.400000Z,0.821989
661,20180202T193537Z,2A.BBS05.,"['HHE', 'HHN', 'HHZ']",2018-02-02T19:35:37.030000Z,0.821989
662,20180202T193537Z,2A.BBS06.,"['HHE', 'HHN', 'HHZ']",2018-02-02T19:35:37.030000Z,0.821989
663,20180202T194831Z,2A.BBS05.,"['HHE', 'HHN', 'HHZ']",2018-02-02T19:48:31.620000Z,0.821989
664,20180202T194831Z,2A.BBS06.,"['HHE', 'HHN', 'HHZ']",2018-02-02T19:48:31.620000Z,0.821989
665,20180202T195324Z,2A.BBS06.,"['HHE', 'HHN', 'HHZ']",2018-02-02T19:53:24.370000Z,1.051989
666,20180202T195324Z,2A.BBS09.,"['HHE', 'HHN', 'HHZ']",2018-02-02T19:53:24.370000Z,1.051989
667,20180202T195522Z,2A.BBS05.,"['HHE', 'HHN', 'HHZ']",2018-02-02T19:55:22.990000Z,8.961989
668,20180202T195522Z,2A.BBS06.,"['HHE', 'HHN', 'HHZ']",2018-02-02T19:55:22.990000Z,8.961989
669,20180202T195522Z,2A.BBS09.,"['HHE', 'HHN', 'HHZ']",2018-02-02T19:55:22.990000Z,8.961989
670,20180202T195905Z,2A.BBS05.,"['HHE', 'HHN', 'HHZ']",2018-02-02T19:59:05.110000Z,0.821989
671,20180202T195905Z,2A.BBS06.,"['HHE', 'HHN', 'HHZ']",2018-02-02T19:59:05.110000Z,0.821989
672,20180202T202754Z,2A.BBS05.,"['HHE', 'HHN', 'HHZ']",2018-02-02T20:27:54.310000Z,0.821989
673,20180202T202754Z,2A.BBS06.,"['HHE', 'HHN', 'HHZ']",2018-02-02T20:27:54.310000Z,0.821989
674,20180202T203025Z,2A.BBS05.,"['HHE', 'HHN', 'HHZ']",2018-02-02T20:30:25.400000Z,0.821989
675,20180202T203025Z,2A.BBS06.,"['HHE', 'HHN', 'HHZ']",2018-02-02T20:30:25.400000Z,0.821989
676,20180202T203249Z,2A.BBS05.,"['HHE', 'HHN', 'HHZ']",2018-02-02T20:32:49.450000Z,0.821989
677,20180202T203249Z,2A.BBS06.,"['HHE', 'HHN', 'HHZ']",2018-02-02T20:32:49.450000Z,0.821989
678,20180202T204032Z,2A.BBS05.,"['HHE', 'HHN', 'HHZ']",2018-02-02T20:40:32.900000Z,12.931988
679,20180202T204032Z,2A.BBS06.,"['HHE', 'HHN', 'HHZ']",2018-02-02T20:40:32.900000Z,12.931988
680,20180202T204032Z,2A.BBS09.,"['HHE', 'HHN', 'HHZ']",2018-02-02T20:40:32.900000Z,12.931988
681,20180202T204432Z,2A.BBS06.,"['HHE', 'HHN', 'HHZ']",2018-02-02T20:44:32.060000Z,1.051989
682,20180202T204432Z,2A.BBS09.,"['HHE', 'HHN', 'HHZ']",2018-02-02T20:44:32.060000Z,1.051989
683,20180202T204531Z,2A.BBS05.,"['HHE', 'HHN', 'HHZ']",2018-02-02T20:45:31.380000Z,3.511988
684,20180202T204531Z,2A.BBS06.,"['HHE', 'HHN', 'HHZ']",2018-02-02T20:45:31.380000Z,3.511988
685,20180202T204531Z,2A.BBS09.,"['HHE', 'HHN', 'HHZ']",2018-02-02T20:45:31.380000Z,3.511988
686,20180202T204825Z,2A.BBS05.,"['HHE', 'HHN', 'HHZ']",2018-02-02T20:48:25.830000Z,0.821989
687,20180202T204825Z,2A.BBS06.,"['HHE', 'HHN', 'HHZ']",2018-02-02T20:48:25.830000Z,0.821989
688,20180202T205451Z,2A.BBS06.,"['HHE', 'HHN', 'HHZ']",2018-02-02T20:54:51.410000Z,1.051989
689,20180202T205451Z,2A.BBS09.,"['HHE', 'HHN', 'HHZ']",2018-02-02T20:54:51.410000Z,1.051989
690,20180202T205558Z,2A.BBS05.,"['HHE', 'HHN', 'HHZ']",2018-02-02T20:55:58.790000Z,0.821989
691,20180202T205558Z,2A.BBS06.,"['HHE', 'HHN', 'HHZ']",2018-02-02T20:55:58.790000Z,0.821989
692,20180202T210753Z,2A.BBS05.,"['HHE', 'HHN', 'HHZ']",2018-02-02T21:07:53.480000Z,0.821989
693,20180202T210753Z,2A.BBS06.,"['HHE', 'HHN', 'HHZ']",2018-02-02T21:07:53.480000Z,0.821989
694,20180202T210930Z,2A.BBS05.,"['HHE', 'HHN', 'HHZ']",2018-02-02T21:09:30.630000Z,0.821989
695,20180202T210930Z,2A.BBS06.,"['HHE', 'HHN', 'HHZ']",2018-02-02T21:09:30.630000Z,0.821989
696,20180202T211354Z,2A.BBS05.,"['HHE', 'HHN', 'HHZ']",2018-02-02T21:13:54.160000Z,0.821989
697,20180202T211354Z,2A.BBS06.,"['HHE', 'HHN', 'HHZ']",2018-02-02T21:13:54.160000Z,0.821989
698,20180202T211404Z,2A.BBS05.,"['HHE', 'HHN', 'HHZ']",2018-02-02T21:14:04.470000Z,8.961989
699,20180202T211404Z,2A.BBS06.,"['HHE', 'HHN', 'HHZ']",2018-02-02T21:14:04.470000Z,8.961989
700,20180202T211404Z,2A.BBS09.,"['HHE', 'HHN', 'HHZ']",2018-02-02T21:14:04.470000Z,8.961989
701,20180202T211430Z,2A.BBS05.,"['HHE', 'HHN', 'HHZ']",2018-02-02T21:14:30.230000Z,0.821989
702,20180202T211430Z,2A.BBS06.,"['HHE', 'HHN', 'HHZ']",2018-02-02T21:14:30.230000Z,0.821989
703,20180202T211445Z,2A.BBS05.,"['HHE', 'HHN', 'HHZ']",2018-02-02T21:14:45.080000Z,0.821989
704,20180202T211445Z,2A.BBS06.,"['HHE', 'HHN', 'HHZ']",2018-02-02T21:14:45.080000Z,0.821989
705,20180202T212040Z,2A.BBS05.,"['HHE', 'HHN', 'HHZ']",2018-02-02T21:20:40.710000Z,0.821989
706,20180202T212040Z,2A.BBS06.,"['HHE', 'HHN', 'HHZ']",2018-02-02T21:20:40.710000Z,0.821989
707,20180202T212244Z,2A.BBS06.,"['HHE', 'HHN', 'HHZ']",2018-02-02T21:22:44.080000Z,1.051989
708,20180202T212244Z,2A.BBS09.,"['HHE', 'HHN', 'HHZ']",2018-02-02T21:22:44.080000Z,1.051989
709,20180202T212332Z,2A.BBS05.,"['HHE', 'HHN', 'HHZ']",2018-02-02T21:23:32.000000Z,0.821989
710,20180202T212332Z,2A.BBS06.,"['HHE', 'HHN', 'HHZ']",2018-02-02T21:23:32.000000Z,0.821989
711,20180202T212519Z,2A.BBS06.,"['HHE', 'HHN', 'HHZ']",2018-02-02T21:25:19.800000Z,1.051989
712,20180202T212519Z,2A.BBS09.,"['HHE', 'HHN', 'HHZ']",2018-02-02T21:25:19.800000Z,1.051989
713,20180202T212700Z,2A.BBS05.,"['HHE', 'HHN', 'HHZ']",2018-02-02T21:27:00.930000Z,2.661988
714,20180202T212700Z,2A.BBS06.,"['HHE', 'HHN', 'HHZ']",2018-02-02T21:27:00.930000Z,2.661988
715,20180202T212700Z,2A.BBS09.,"['HHE', 'HHN', 'HHZ']",2018-02-02T21:27:00.930000Z,2.661988
716,20180202T213500Z,2A.BBS05.,"['HHE', 'HHN', 'HHZ']",2018-02-02T21:35:00.920000Z,0.821989
717,20180202T213500Z,2A.BBS06.,"['HHE', 'HHN', 'HHZ']",2018-02-02T21:35:00.920000Z,0.821989
718,20180202T213551Z,2A.BBS05.,"['HHE', 'HHN', 'HHZ']",2018-02-02T21:35:51.920000Z,5.761988
719,20180202T213551Z,2A.BBS06.,"['HHE', 'HHN', 'HHZ']",2018-02-02T21:35:51.920000Z,5.761988
720,20180202T213551Z,2A.BBS09.,"['HHE', 'HHN', 'HHZ']",2018-02-02T21:35:51.920000Z,5.761988
721,20180202T213629Z,2A.BBS06.,"['HHE', 'HHN', 'HHZ']",2018-02-02T21:36:29.790000Z,1.051989
722,20180202T213629Z,2A.BBS09.,"['HHE', 'HHN', 'HHZ']",2018-02-02T21:36:29.790000Z,1.051989
723,20180202T213641Z,2A.BBS05.,"['HHE', 'HHN', 'HHZ']",2018-02-02T21:36:41.990000Z,0.821989
724,20180202T213641Z,2A.BBS06.,"['HHE', 'HHN', 'HHZ']",2018-02-02T21:36:41.990000Z,0.821989
725,20180202T213824Z,2A.BBS05.,"['HHE', 'HHN', 'HHZ']",2018-02-02T21:38:24.090000Z,0.821989
726,20180202T213824Z,2A.BBS06.,"['HHE', 'HHN', 'HHZ']",2018-02-02T21:38:24.090000Z,0.821989
727,20180202T213936Z,2A.BBS05.,"['HHE', 'HHN', 'HHZ']",2018-02-02T21:39:36.710000Z,3.511988
728,20180202T213936Z,2A.BBS06.,"['HHE', 'HHN', 'HHZ']",2018-02-02T21:39:36.710000Z,3.511988
729,20180202T213936Z,2A.BBS09.,"['HHE', 'HHN', 'HHZ']",2018-02-02T21:39:36.710000Z,3.511988
730,20180202T214347Z,2A.BBS05.,"['HHE', 'HHN', 'HHZ']",2018-02-02T21:43:47.040000Z,3.511988
731,20180202T214347Z,2A.BBS06.,"['HHE', 'HHN', 'HHZ']",2018-02-02T21:43:47.040000Z,3.511988
732,20180202T214347Z,2A.BBS09.,"['HHE', 'HHN', 'HHZ']",2018-02-02T21:43:47.040000Z,3.511988
733,20180202T214521Z,2A.BBS05.,"['HHE', 'HHN', 'HHZ']",2018-02-02T21:45:21.020000Z,0.821989
734,20180202T214521Z,2A.BBS06.,"['HHE', 'HHN', 'HHZ']",2018-02-02T21:45:21.020000Z,0.821989
735,20180202T214645Z,2A.BBS05.,"['HHE', 'HHN', 'HHZ']",2018-02-02T21:46:45.020000Z,0.821989
736,20180202T214645Z,2A.BBS06.,"['HHE', 'HHN', 'HHZ']",2018-02-02T21:46:45.020000Z,0.821989
737,20180202T214733Z,2A.BBS05.,"['HHE', 'HHN', 'HHZ']",2018-02-02T21:47:33.480000Z,0.821989
738,20180202T214733Z,2A.BBS06.,"['HHE', 'HHN', 'HHZ']",2018-02-02T21:47:33.480000Z,0.821989
739,20180202T214917Z,2A.BBS05.,"['HHE', 'HHN', 'HHZ']",2018-02-02T21:49:17.820000Z,0.821989
740,20180202T214917Z,2A.BBS06.,"['HHE', 'HHN', 'HHZ']",2018-02-02T21:49:17.820000Z,0.821989
741,20180202T215157Z,2A.BBS05.,"['HHE', 'HHN', 'HHZ']",2018-02-02T21:51:57.460000Z,5.931988
742,20180202T215157Z,2A.BBS06.,"['HHE', 'HHN', 'HHZ']",2018-02-02T21:51:57.460000Z,5.931988
743,20180202T215157Z,2A.BBS09.,"['HHE', 'HHN', 'HHZ']",2018-02-02T21:51:57.460000Z,5.931988
744,20180202T215728Z,2A.BBS05.,"['HHE', 'HHN', 'HHZ']",2018-02-02T21:57:28.380000Z,0.891988
745,20180202T215728Z,2A.BBS06.,"['HHE', 'HHN', 'HHZ']",2018-02-02T21:57:28.380000Z,0.891988
746,20180202T215728Z,2A.BBS09.,"['HHE', 'HHN', 'HHZ']",2018-02-02T21:57:28.380000Z,0.891988
747,20180202T220221Z,2A.BBS05.,"['HHE', 'HHN', 'HHZ']",2018-02-02T22:02:21.090000Z,0.821989
748,20180202T220221Z,2A.BBS06.,"['HHE', 'HHN', 'HHZ']",2018-02-02T22:02:21.090000Z,0.821989
749,20180202T220418Z,2A.BBS05.,"['HHE', 'HHN', 'HHZ']",2018-02-02T22:04:18.860000Z,0.821989
750,20180202T220418Z,2A.BBS06.,"['HHE', 'HHN', 'HHZ']",2018-02-02T22:04:18.860000Z,0.821989
751,20180202T220438Z,2A.BBS05.,"['HHE', 'HHN', 'HHZ']",2018-02-02T22:04:38.840000Z,0.821989
752,20180202T220438Z,2A.BBS06.,"['HHE', 'HHN', 'HHZ']",2018-02-02T22:04:38.840000Z,0.821989
753,20180202T220625Z,2A.BBS05.,"['HHE', 'HHN', 'HHZ']",2018-02-02T22:06:25.690000Z,0.821989
754,20180202T220625Z,2A.BBS06.,"['HHE', 'HHN', 'HHZ']",2018-02-02T22:06:25.690000Z,0.821989
755,20180202T220721Z,2A.BBS05.,"['HHE', 'HHN', 'HHZ']",2018-02-02T22:07:21.570000Z,0.821989
756,20180202T220721Z,2A.BBS06.,"['HHE', 'HHN', 'HHZ']",2018-02-02T22:07:21.570000Z,0.821989
757,20180202T221405Z,2A.BBS05.,"['HHE', 'HHN', 'HHZ']",2018-02-02T22:14:05.590000Z,0.821989
758,20180202T221405Z,2A.BBS06.,"['HHE', 'HHN', 'HHZ']",2018-02-02T22:14:05.590000Z,0.821989
759,20180202T221731Z,2A.BBS05.,"['HHE', 'HHN', 'HHZ']",2018-02-02T22:17:31.430000Z,0.821989
760,20180202T221731Z,2A.BBS06.,"['HHE', 'HHN', 'HHZ']",2018-02-02T22:17:31.430000Z,0.821989
761,20180202T221950Z,2A.BBS05.,"['HHE', 'HHN', 'HHZ']",2018-02-02T22:19:50.640000Z,2.031988
762,20180202T221950Z,2A.BBS06.,"['HHE', 'HHN', 'HHZ']",2018-02-02T22:19:50.640000Z,2.031988
763,20180202T221950Z,2A.BBS09.,"['HHE', 'HHN', 'HHZ']",2018-02-02T22:19:50.640000Z,2.031988
764,20180202T222151Z,2A.BBS05.,"['HHE', 'HHN', 'HHZ']",2018-02-02T22:21:51.420000Z,0.821989
765,20180202T222151Z,2A.BBS06.,"['HHE', 'HHN', 'HHZ']",2018-02-02T22:21:51.420000Z,0.821989
766,20180202T222807Z,2A.BBS05.,"['HHE', 'HHN', 'HHZ']",2018-02-02T22:28:07.370000Z,0.821989
767,20180202T222807Z,2A.BBS06.,"['HHE', 'HHN', 'HHZ']",2018-02-02T22:28:07.370000Z,0.821989
768,20180202T222858Z,2A.BBS05.,"['HHE', 'HHN', 'HHZ']",2018-02-02T22:28:58.720000Z,0.821989
769,20180202T222858Z,2A.BBS06.,"['HHE', 'HHN', 'HHZ']",2018-02-02T22:28:58.720000Z,0.821989
770,20180202T223034Z,2A.BBS05.,"['HHE', 'HHN', 'HHZ']",2018-02-02T22:30:34.730000Z,0.891988
771,20180202T223034Z,2A.BBS06.,"['HHE', 'HHN', 'HHZ']",2018-02-02T22:30:34.730000Z,0.891988
772,20180202T223034Z,2A.BBS09.,"['HHE', 'HHN', 'HHZ']",2018-02-02T22:30:34.730000Z,0.891988
773,20180202T223128Z,2A.BBS05.,"['HHE', 'HHN', 'HHZ']",2018-02-02T22:31:28.310000Z,0.821989
774,20180202T223128Z,2A.BBS06.,"['HHE', 'HHN', 'HHZ']",2018-02-02T22:31:28.310000Z,0.821989
775,20180202T223230Z,2A.BBS05.,"['HHE', 'HHN', 'HHZ']",2018-02-02T22:32:30.320000Z,7.461988
776,20180202T223230Z,2A.BBS06.,"['HHE', 'HHN', 'HHZ']",2018-02-02T22:32:30.320000Z,7.461988
777,20180202T223230Z,2A.BBS09.,"['HHE', 'HHN', 'HHZ']",2018-02-02T22:32:30.320000Z,7.461988
778,20180202T223409Z,2A.BBS06.,"['HHE', 'HHN', 'HHZ']",2018-02-02T22:34:09.440000Z,1.051989
779,20180202T223409Z,2A.BBS09.,"['HHE', 'HHN', 'HHZ']",2018-02-02T22:34:09.440000Z,1.051989
780,20180202T223438Z,2A.BBS05.,"['HHE', 'HHN', 'HHZ']",2018-02-02T22:34:38.200000Z,0.821989
781,20180202T223438Z,2A.BBS06.,"['HHE', 'HHN', 'HHZ']",2018-02-02T22:34:38.200000Z,0.821989
782,20180202T223744Z,2A.BBS05.,"['HHE', 'HHN', 'HHZ']",2018-02-02T22:37:44.520000Z,7.541989
783,20180202T223744Z,2A.BBS06.,"['HHE', 'HHN', 'HHZ']",2018-02-02T22:37:44.520000Z,7.541989
784,20180202T223744Z,2A.BBS09.,"['HHE', 'HHN', 'HHZ']",2018-02-02T22:37:44.520000Z,7.541989
785,20180202T223920Z,2A.BBS05.,"['HHE', 'HHN', 'HHZ']",2018-02-02T22:39:20.480000Z,0.821989
786,20180202T223920Z,2A.BBS06.,"['HHE', 'HHN', 'HHZ']",2018-02-02T22:39:20.480000Z,0.821989
787,20180202T224319Z,2A.BBS05.,"['HHE', 'HHN', 'HHZ']",2018-02-02T22:43:19.720000Z,0.821989
788,20180202T224319Z,2A.BBS06.,"['HHE', 'HHN', 'HHZ']",2018-02-02T22:43:19.720000Z,0.821989
789,20180202T224841Z,2A.BBS05.,"['HHE', 'HHN', 'HHZ']",2018-02-02T22:48:41.630000Z,0.821989
790,20180202T224841Z,2A.BBS06.,"['HHE', 'HHN', 'HHZ']",2018-02-02T22:48:41.630000Z,0.821989
791,20180202T224929Z,2A.BBS05.,"['HHE', 'HHN', 'HHZ']",2018-02-02T22:49:29.680000Z,0.821989
792,20180202T224929Z,2A.BBS06.,"['HHE', 'HHN', 'HHZ']",2018-02-02T22:49:29.680000Z,0.821989
793,20180202T224953Z,2A.BBS05.,"['HHE', 'HHN', 'HHZ']",2018-02-02T22:49:53.630000Z,0.821989
794,20180202T224953Z,2A.BBS06.,"['HHE', 'HHN', 'HHZ']",2018-02-02T22:49:53.630000Z,0.821989
795,20180202T225005Z,2A.BBS05.,"['HHE', 'HHN', 'HHZ']",2018-02-02T22:50:05.510000Z,0.891988
796,20180202T225005Z,2A.BBS06.,"['HHE', 'HHN', 'HHZ']",2018-02-02T22:50:05.510000Z,0.891988
797,20180202T225005Z,2A.BBS09.,"['HHE', 'HHN', 'HHZ']",2018-02-02T22:50:05.510000Z,0.891988
798,20180202T225156Z,2A.BBS05.,"['HHE', 'HHN', 'HHZ']",2018-02-02T22:51:56.940000Z,0.891988
799,20180202T225156Z,2A.BBS06.,"['HHE', 'HHN', 'HHZ']",2018-02-02T22:51:56.940000Z,0.891988
800,20180202T225156Z,2A.BBS09.,"['HHE', 'HHN', 'HHZ']",2018-02-02T22:51:56.940000Z,0.891988
801,20180202T225340Z,2A.BBS05.,"['HHE', 'HHN', 'HHZ']",2018-02-02T22:53:40.940000Z,0.821989
802,20180202T225340Z,2A.BBS06.,"['HHE', 'HHN', 'HHZ']",2018-02-02T22:53:40.940000Z,0.821989
803,20180202T225841Z,2A.BBS05.,"['HHE', 'HHN', 'HHZ']",2018-02-02T22:58:41.650000Z,0.821989
804,20180202T225841Z,2A.BBS06.,"['HHE', 'HHN', 'HHZ']",2018-02-02T22:58:41.650000Z,0.821989
805,20180202T225930Z,2A.BBS05.,"['HHE', 'HHN', 'HHZ']",2018-02-02T22:59:30.650000Z,0.821989
806,20180202T225930Z,2A.BBS06.,"['HHE', 'HHN', 'HHZ']",2018-02-02T22:59:30.650000Z,0.821989
807,20180202T230353Z,2A.BBS05.,"['HHE', 'HHN', 'HHZ']",2018-02-02T23:03:53.720000Z,0.821989
808,20180202T230353Z,2A.BBS06.,"['HHE', 'HHN', 'HHZ']",2018-02-02T23:03:53.720000Z,0.821989
809,20180202T231127Z,2A.BBS05.,"['HHE', 'HHN', 'HHZ']",2018-02-02T23:11:27.230000Z,0.821989
810,20180202T231127Z,2A.BBS06.,"['HHE', 'HHN', 'HHZ']",2018-02-02T23:11:27.230000Z,0.821989
811,20180202T231148Z,2A.BBS05.,"['HHE', 'HHN', 'HHZ']",2018-02-02T23:11:48.270000Z,0.821989
812,20180202T231148Z,2A.BBS06.,"['HHE', 'HHN', 'HHZ']",2018-02-02T23:11:48.270000Z,0.821989
813,20180202T231611Z,2A.BBS05.,"['HHE', 'HHN', 'HHZ']",2018-02-02T23:16:11.720000Z,0.821989
814,20180202T231611Z,2A.BBS06.,"['HHE', 'HHN', 'HHZ']",2018-02-02T23:16:11.720000Z,0.821989
815,20180202T231655Z,2A.BBS05.,"['HHE', 'HHN', 'HHZ']",2018-02-02T23:16:55.970000Z,0.891988
816,20180202T231655Z,2A.BBS06.,"['HHE', 'HHN', 'HHZ']",2018-02-02T23:16:55.970000Z,0.891988
817,20180202T231655Z,2A.BBS09.,"['HHE', 'HHN', 'HHZ']",2018-02-02T23:16:55.970000Z,0.891988
818,20180202T231741Z,2A.BBS05.,"['HHE', 'HHN', 'HHZ']",2018-02-02T23:17:41.010000Z,0.821989
819,20180202T231741Z,2A.BBS06.,"['HHE', 'HHN', 'HHZ']",2018-02-02T23:17:41.010000Z,0.821989
820,20180202T232134Z,2A.BBS05.,"['HHE', 'HHN', 'HHZ']",2018-02-02T23:21:34.970000Z,14.651988
821,20180202T232134Z,2A.BBS06.,"['HHE', 'HHN', 'HHZ']",2018-02-02T23:21:34.970000Z,14.651988
822,20180202T232134Z,2A.BBS09.,"['HHE', 'HHN', 'HHZ']",2018-02-02T23:21:34.970000Z,14.651988
823,20180202T232305Z,2A.BBS05.,"['HHE', 'HHN', 'HHZ']",2018-02-02T23:23:05.850000Z,8.961989
824,20180202T232305Z,2A.BBS06.,"['HHE', 'HHN', 'HHZ']",2018-02-02T23:23:05.850000Z,8.961989
825,20180202T232305Z,2A.BBS09.,"['HHE', 'HHN', 'HHZ']",2018-02-02T23:23:05.850000Z,8.961989
826,20180202T232603Z,2A.BBS05.,"['HHE', 'HHN', 'HHZ']",2018-02-02T23:26:03.370000Z,0.821989
827,20180202T232603Z,2A.BBS06.,"['HHE', 'HHN', 'HHZ']",2018-02-02T23:26:03.370000Z,0.821989
828,20180202T232630Z,2A.BBS05.,"['HHE', 'HHN', 'HHZ']",2018-02-02T23:26:30.780000Z,0.821989
829,20180202T232630Z,2A.BBS06.,"['HHE', 'HHN', 'HHZ']",2018-02-02T23:26:30.780000Z,0.821989
830,20180202T232903Z,2A.BBS05.,"['HHE', 'HHN', 'HHZ']",2018-02-02T23:29:03.900000Z,7.461988
831,20180202T232903Z,2A.BBS06.,"['HHE', 'HHN', 'HHZ']",2018-02-02T23:29:03.900000Z,7.461988
832,20180202T232903Z,2A.BBS09.,"['HHE', 'HHN', 'HHZ']",2018-02-02T23:29:03.900000Z,7.461988
833,20180202T232916Z,2A.BBS05.,"['HHE', 'HHN', 'HHZ']",2018-02-02T23:29:16.880000Z,0.821989
834,20180202T232916Z,2A.BBS06.,"['HHE', 'HHN', 'HHZ']",2018-02-02T23:29:16.880000Z,0.821989
835,20180202T233133Z,2A.BBS05.,"['HHE', 'HHN', 'HHZ']",2018-02-02T23:31:33.520000Z,12.931988
836,20180202T233133Z,2A.BBS06.,"['HHE', 'HHN', 'HHZ']",2018-02-02T23:31:33.520000Z,12.931988
837,20180202T233133Z,2A.BBS09.,"['HHE', 'HHN', 'HHZ']",2018-02-02T23:31:33.520000Z,12.931988
838,20180202T233320Z,2A.BBS05.,"['HHE', 'HHN', 'HHZ']",2018-02-02T23:33:20.720000Z,0.821989
839,20180202T233320Z,2A.BBS06.,"['HHE', 'HHN', 'HHZ']",2018-02-02T23:33:20.720000Z,0.821989
840,20180202T233812Z,2A.BBS05.,"['HHE', 'HHN', 'HHZ']",2018-02-02T23:38:12.970000Z,0.821989
841,20180202T233812Z,2A.BBS06.,"['HHE', 'HHN', 'HHZ']",2018-02-02T23:38:12.970000Z,0.821989
842,20180202T234221Z,2A.BBS05.,"['HHE', 'HHN', 'HHZ']",2018-02-02T23:42:21.990000Z,7.461988
843,20180202T234221Z,2A.BBS06.,"['HHE', 'HHN', 'HHZ']",2018-02-02T23:42:21.990000Z,7.461988
844,20180202T234221Z,2A.BBS09.,"['HHE', 'HHN', 'HHZ']",2018-02-02T23:42:21.990000Z,7.461988
845,20180202T234319Z,2A.BBS05.,"['HHE', 'HHN', 'HHZ']",2018-02-02T23:43:19.520000Z,0.821989
846,20180202T234319Z,2A.BBS06.,"['HHE', 'HHN', 'HHZ']",2018-02-02T23:43:19.520000Z,0.821989
847,20180202T234401Z,2A.BBS05.,"['HHE', 'HHN', 'HHZ']",2018-02-02T23:44:01.360000Z,0.821989
848,20180202T234401Z,2A.BBS06.,"['HHE', 'HHN', 'HHZ']",2018-02-02T23:44:01.360000Z,0.821989
849,20180202T234625Z,2A.BBS05.,"['HHE', 'HHN', 'HHZ']",2018-02-02T23:46:25.420000Z,0.821989
850,20180202T234625Z,2A.BBS06.,"['HHE', 'HHN', 'HHZ']",2018-02-02T23:46:25.420000Z,0.821989
851,20180202T234909Z,2A.BBS05.,"['HHE', 'HHN', 'HHZ']",2018-02-02T23:49:09.990000Z,3.511988
852,20180202T234909Z,2A.BBS06.,"['HHE', 'HHN', 'HHZ']",2018-02-02T23:49:09.990000Z,3.511988
853,20180202T234909Z,2A.BBS09.,"['HHE', 'HHN', 'HHZ']",2018-02-02T23:49:09.990000Z,3.511988
854,20180202T235221Z,2A.BBS05.,"['HHE', 'HHN', 'HHZ']",2018-02-02T23:52:21.050000Z,0.821989
855,20180202T235221Z,2A.BBS06.,"['HHE', 'HHN', 'HHZ']",2018-02-02T23:52:21.050000Z,0.821989
856,20180202T235427Z,2A.BBS06.,"['HHE', 'HHN', 'HHZ']",2018-02-02T23:54:27.390000Z,1.051989
857,20180202T235427Z,2A.BBS09.,"['HHE', 'HHN', 'HHZ']",2018-02-02T23:54:27.390000Z,1.051989
