,event_id,arrival,group
0,20180108T000003Z,569,9
1,20180108T000015Z,569,2
2,20180108T000030Z,965,2
3,20180108T000104Z,569,9
4,20180108T000126Z,596,9
5,20180108T000218Z,695,9
6,20180108T000319Z,965,1
7,20180108T000403Z,965,8
8,20180108T000439Z,695,9
9,20180108T000456Z,U,10
10,20180108T000529Z,695,3
11,20180108T000712Z,965,1
12,20180108T000722Z,569,4
13,20180108T000834Z,U,10
14,20180108T000857Z,965,5
15,20180108T000956Z,569,7
16,20180108T001005Z,695,2
17,20180108T001107Z,596,9
18,20180108T001126Z,659,9
19,20180108T001210Z,695,8
20,20180108T001242Z,596,1
21,20180108T001249Z,695,1
22,20180108T001327Z,596,1
23,20180108T001440Z,569,9
24,20180108T001456Z,695,3
25,20180108T001502Z,695,9
26,20180108T001525Z,569,9
27,20180108T001549Z,659,9
28,20180108T001612Z,569,9
29,20180108T001710Z,569,1
30,20180108T001730Z,569,1
31,20180108T001832Z,659,4
32,20180108T001839Z,596,4
33,20180108T001847Z,596,9
34,20180108T001908Z,569,9
35,20180108T001927Z,596,7
36,20180108T002011Z,596,9
37,20180108T002112Z,569,1
38,20180108T002127Z,569,3
39,20180108T002242Z,659,9
40,20180108T002402Z,569,1
41,20180108T002439Z,956,8
42,20180108T002514Z,659,1
43,20180108T002526Z,695,9
44,20180108T002557Z,659,2
45,20180108T002653Z,956,9
46,20180108T002743Z,569,7
47,20180108T002817Z,659,5
48,20180108T002843Z,695,4
49,20180108T002904Z,569,1
50,20180108T002938Z,u,10
51,20180108T003015Z,596,1
52,20180108T003236Z,956,9
53,20180108T003342Z,956,1
54,20180108T003415Z,569,9
55,20180108T003426Z,659,9
56,20180108T003454Z,965,5
57,20180108T003624Z,569,8
58,20180108T003641Z,659,1
59,20180108T003711Z,659,9
60,20180108T003751Z,659,4
61,20180108T003814Z,569,7
62,20180108T003935Z,695,4
63,20180108T004002Z,659,1
64,20180108T004030Z,695,9
65,20180108T004104Z,695,5
66,20180108T004232Z,695,1
67,20180108T004610Z,569,9
68,20180108T004849Z,659,2
69,20180108T004911Z,695,4
70,20180108T004949Z,965,5
71,20180108T005240Z,596,1
72,20180108T005309Z,965,4
73,20180108T005318Z,956,6
74,20180108T005554Z,569,9
75,20180108T005743Z,965,2
76,20180108T005758Z,965,9
77,20180108T005814Z,569,2
78,20180108T005831Z,695,9
79,20180108T005917Z,569,1
80,20180108T010005Z,596,1
81,20180108T010017Z,965,1
82,20180108T010024Z,659,8
83,20180108T010129Z,956,6
84,20180108T010159Z,569,9
85,20180108T010230Z,659,4
86,20180108T010421Z,596,9
87,20180108T010444Z,956,9
88,20180108T010459Z,965,4
89,20180108T010715Z,965,8
90,20180108T010747Z,965,1
91,20180108T010821Z,695,9
92,20180108T010844Z,659,9
93,20180108T010933Z,965,1
94,20180108T011000Z,965,9
95,20180108T011156Z,956,9
96,20180108T011218Z,695,4
97,20180108T011320Z,695,9
98,20180108T011401Z,569,1
99,20180108T011458Z,965,9
100,20180108T011521Z,965,9
101,20180108T011620Z,596,4
102,20180108T011727Z,659,5
103,20180108T011744Z,596,9
104,20180108T011909Z,U,10
105,20180108T012013Z,956,2
106,20180108T012052Z,596,9
107,20180108T012059Z,659,1
108,20180108T012115Z,965,1
109,20180108T012122Z,569,4
110,20180108T012155Z,569,9
111,20180108T012310Z,659,1
112,20180108T012337Z,956,6
113,20180108T012428Z,569,7
114,20180108T012440Z,569,1
115,20180108T012547Z,695,3
116,20180108T012624Z,965,8
117,20180108T012652Z,659,9
118,20180108T012715Z,965,9
119,20180108T012838Z,659,1
120,20180108T012913Z,596,10
121,20180108T013024Z,659,4
122,20180108T013054Z,695,9
123,20180108T013352Z,596,9
124,20180108T013417Z,695,3
125,20180108T013511Z,965,8
126,20180108T013611Z,U,10
127,20180108T013653Z,596,8
128,20180108T013714Z,695,9
129,20180108T013722Z,695,4
130,20180108T014122Z,965,5
131,20180108T014221Z,695,4
132,20180108T014254Z,659,9
133,20180108T014322Z,659,5
134,20180108T014441Z,596,9
135,20180108T014515Z,965,2
136,20180108T014535Z,695,9
137,20180108T014609Z,659,9
138,20180108T014708Z,659,5
139,20180108T014729Z,695,9
140,20180108T014750Z,695,9
141,20180108T014759Z,569,7
142,20180108T014827Z,695,3
143,20180108T014838Z,569,9
144,20180108T014910Z,569,1
145,20180108T014929Z,659,9
146,20180108T015005Z,965,8
147,20180108T015239Z,965,5
148,20180108T015259Z,569,8
149,20180108T015420Z,965,9
150,20180108T015454Z,569,7
151,20180108T015745Z,956,9
152,20180108T015751Z,569,4
153,20180108T015824Z,569,6
154,20180108T020036Z,965,9
155,20180108T020121Z,659,5
156,20180108T020141Z,U,10
157,20180108T020147Z,569,9
158,20180108T020215Z,U,10
159,20180108T020345Z,659,1
160,20180108T020400Z,965,9
161,20180108T020408Z,956,6
162,20180108T020435Z,965,9
163,20180108T020453Z,956,1
164,20180108T020530Z,U,10
165,20180108T020539Z,569,9
166,20180108T020547Z,695,9
167,20180108T020608Z,596,7
168,20180108T020620Z,956,9
169,20180108T020647Z,695,8
170,20180108T020717Z,569,8
171,20180108T020737Z,965,5
172,20180108T020756Z,965,9
173,20180108T020826Z,596,6
174,20180108T020855Z,659,9
175,20180108T020921Z,596,9
176,20180108T021015Z,695,2
177,20180108T021114Z,659,5
178,20180108T021142Z,695,4
179,20180108T021155Z,659,5
180,20180108T021255Z,695,9
181,20180108T021334Z,695,1
182,20180108T021344Z,596,6
183,20180108T021458Z,659,1
184,20180108T021511Z,659,9
185,20180108T021526Z,596,9
186,20180108T021558Z,695,2
187,20180108T021639Z,695,9
188,20180108T021702Z,695,9
189,20180108T021720Z,695,9
190,20180108T021755Z,569,9
191,20180108T021820Z,695,1
192,20180108T021854Z,569,9
193,20180108T022050Z,596,9
194,20180108T022126Z,569,9
195,20180108T022145Z,659,1
196,20180108T022302Z,956,7
197,20180108T022322Z,956,8
198,20180108T022336Z,569,9
199,20180108T022412Z,U,10
200,20180108T022431Z,956,6
201,20180108T022517Z,596,9
202,20180108T022728Z,965,9
203,20180108T022837Z,659,9
204,20180108T022900Z,U,10
205,20180108T022914Z,596,9
206,20180108T023018Z,596,2
207,20180108T023115Z,569,9
208,20180108T023213Z,695,9
209,20180108T023247Z,956,9
210,20180108T023255Z,569,9
211,20180108T023335Z,569,1
212,20180108T023353Z,569,9
213,20180108T023419Z,695,1
214,20180108T023534Z,596,1
215,20180108T023541Z,956,9
216,20180108T023553Z,596,1
217,20180108T023645Z,965,9
218,20180108T023713Z,596,9
219,20180108T023821Z,569,9
220,20180108T023843Z,569,2
221,20180108T023903Z,569,9
222,20180108T023943Z,956,6
223,20180108T024036Z,695,9
224,20180108T024305Z,569,9
225,20180108T024435Z,965,5
226,20180108T024459Z,965,9
227,20180108T024532Z,965,1
228,20180108T024634Z,695,6
229,20180108T024847Z,965,4
230,20180108T025001Z,659,9
231,20180108T025017Z,956,9
232,20180108T025047Z,965,5
233,20180108T025102Z,695,5
234,20180108T025134Z,965,9
235,20180108T025203Z,695,9
236,20180108T025309Z,965,9
237,20180108T025336Z,695,8
238,20180108T025431Z,569,9
239,20180108T025614Z,596,4
240,20180108T025625Z,965,9
241,20180108T025718Z,659,8
242,20180108T025825Z,965,4
243,20180108T025942Z,695,4
244,20180108T030040Z,965,8
245,20180108T030128Z,659,9
246,20180108T030224Z,695,1
247,20180108T030247Z,U,10
248,20180108T030257Z,659,4
249,20180108T030331Z,695,9
250,20180108T030640Z,965,9
251,20180108T030655Z,569,9
252,20180108T030723Z,965,9
253,20180108T030913Z,965,9
254,20180108T031027Z,695,8
255,20180108T031135Z,569,2
256,20180108T031202Z,965,9
257,20180108T031216Z,U,10
258,20180108T031235Z,695,1
259,20180108T031250Z,965,5
260,20180108T031345Z,965,9
261,20180108T031535Z,596,9
262,20180108T031632Z,956,2
263,20180108T031650Z,965,1
264,20180108T031803Z,695,9
265,20180108T031937Z,695,9
266,20180108T032004Z,965,9
267,20180108T032033Z,659,9
268,20180108T032047Z,965,9
269,20180108T032120Z,965,9
270,20180108T032211Z,695,9
271,20180108T032225Z,965,8
272,20180108T032326Z,695,9
273,20180108T032441Z,569,9
274,20180108T032505Z,569,9
275,20180108T032607Z,U,10
276,20180108T032635Z,965,2
277,20180108T032649Z,569,9
278,20180108T032752Z,965,2
279,20180108T032859Z,569,1
280,20180108T032938Z,569,1
281,20180108T033000Z,659,4
282,20180108T033038Z,695,6
283,20180108T033116Z,569,9
284,20180108T033156Z,569,9
285,20180108T033321Z,695,9
286,20180108T033350Z,695,9
287,20180108T033438Z,965,8
288,20180108T033530Z,965,9
289,20180108T033632Z,569,6
290,20180108T033757Z,965,2
291,20180108T033835Z,U,10
292,20180108T033920Z,965,9
293,20180108T033938Z,596,6
294,20180108T034029Z,596,9
295,20180108T034203Z,569,3
296,20180108T034227Z,569,1
297,20180108T034314Z,965,9
298,20180108T034447Z,569,4
299,20180108T034612Z,U,10
300,20180108T034620Z,U,10
301,20180108T034728Z,965,9
302,20180108T034741Z,U,10
303,20180108T034842Z,U,10
304,20180108T034923Z,695,1
305,20180108T035043Z,U,10
306,20180108T035127Z,659,9
307,20180108T035246Z,596,2
308,20180108T035312Z,965,1
309,20180108T035327Z,965,8
310,20180108T035353Z,965,9
311,20180108T035420Z,659,9
312,20180108T035622Z,569,9
313,20180108T035718Z,965,9
314,20180108T035728Z,596,9
315,20180108T035814Z,659,1
316,20180108T035923Z,956,9
317,20180108T035953Z,956,1
318,20180108T040053Z,695,9
319,20180108T040339Z,965,8
320,20180108T040447Z,659,4
321,20180108T040532Z,965,9
322,20180108T040617Z,695,3
323,20180108T040739Z,965,2
324,20180108T040803Z,2569,7
325,20180108T040948Z,965,9
326,20180108T041328Z,596,7
327,20180108T041343Z,569,7
328,20180108T041428Z,965,9
329,20180108T041505Z,596,9
330,20180108T041529Z,956,9
331,20180108T041905Z,659,9
332,20180108T041930Z,596,9
333,20180108T041959Z,U,10
334,20180108T042023Z,965,9
335,20180108T042114Z,659,9
336,20180108T042123Z,695,4
337,20180108T042144Z,596,9
338,20180108T042233Z,596,9
339,20180108T042253Z,965,9
340,20180108T042315Z,596,6
341,20180108T042327Z,659,9
342,20180108T042350Z,596,2
343,20180108T042418Z,596,7
344,20180108T042524Z,U,10
345,20180108T042546Z,695,2
346,20180108T042602Z,695,7
347,20180108T042710Z,659,9
348,20180108T042730Z,695,8
349,20180108T042739Z,659,9
350,20180108T042922Z,659,9
351,20180108T042941Z,U,10
352,20180108T043019Z,596,9
353,20180108T043035Z,965,9
354,20180108T043102Z,965,2
355,20180108T043122Z,U,10
356,20180108T043141Z,659,9
357,20180108T043236Z,596,2
358,20180108T043245Z,695,2
359,20180108T043303Z,956,8
360,20180108T043325Z,596,9
361,20180108T043347Z,965,8
362,20180108T043404Z,695,1
363,20180108T043508Z,695,9
364,20180108T043519Z,695,2
365,20180108T043606Z,U,10
366,20180108T043701Z,596,6
367,20180108T043736Z,965,8
368,20180108T043814Z,695,3
369,20180108T043831Z,659,5
370,20180108T044110Z,965,9
371,20180108T044118Z,956,9
372,20180108T044149Z,965,1
373,20180108T044308Z,695,9
374,20180108T044328Z,596,9
375,20180108T044350Z,695,9
376,20180108T044437Z,956,9
377,20180108T044617Z,965,9
378,20180108T044635Z,965,9
379,20180108T044643Z,596,9
380,20180108T044747Z,695,9
381,20180108T044802Z,695,9
382,20180108T044827Z,569,9
383,20180108T044902Z,965,9
384,20180108T045031Z,695,9
385,20180108T045046Z,965,6
386,20180108T045116Z,965,9
387,20180108T045156Z,965,9
388,20180108T045205Z,956,9
389,20180108T045237Z,695,2
390,20180108T045253Z,695,9
391,20180108T045314Z,659,8
392,20180108T045327Z,569,9
393,20180108T045349Z,U,10
394,20180108T045401Z,965,9
395,20180108T045446Z,965,5
396,20180108T045521Z,965,9
397,20180108T045602Z,965,9
398,20180108T045622Z,U,10
399,20180108T045701Z,U,10
400,20180108T045812Z,956,6
401,20180108T045825Z,965,9
402,20180108T045844Z,965,9
403,20180108T045923Z,695,8
404,20180108T050019Z,695,9
405,20180108T050042Z,U,10
406,20180108T050133Z,596,1
407,20180108T050146Z,569,9
408,20180108T050156Z,965,8
409,20180108T050251Z,659,9
410,20180108T050316Z,596,9
411,20180108T050403Z,956,9
412,20180108T050414Z,695,3
413,20180108T050500Z,695,5
414,20180108T050528Z,695,3
415,20180108T050534Z,965,6
416,20180108T050620Z,965,9
417,20180108T050659Z,569,9
418,20180108T050919Z,695,9
419,20180108T050939Z,659,9
420,20180108T051022Z,695,9
421,20180108T051049Z,965,9
422,20180108T051111Z,569,9
423,20180108T051128Z,569,2
424,20180108T051246Z,U,10
425,20180108T051316Z,569,1
426,20180108T051344Z,695,9
427,20180108T051613Z,965,4
428,20180108T051631Z,695,9
429,20180108T051945Z,659,4
430,20180108T052018Z,659,2
431,20180108T052141Z,U,10
432,20180108T052220Z,569,9
433,20180108T052250Z,U,10
434,20180108T052303Z,695,1
435,20180108T052334Z,659,9
436,20180108T052527Z,U,10
437,20180108T052602Z,U,10
438,20180108T052813Z,965,9
439,20180108T052849Z,965,8
440,20180108T052939Z,965,9
441,20180108T052950Z,965,2
442,20180108T053010Z,965,2
443,20180108T053018Z,659,9
444,20180108T053135Z,569,6
445,20180108T053226Z,695,6
446,20180108T053402Z,965,9
447,20180108T053413Z,596,9
448,20180108T053523Z,956,9
449,20180108T053656Z,U,10
450,20180108T053737Z,956,6
451,20180108T053753Z,965,7
452,20180108T053828Z,965,9
453,20180108T053909Z,596,9
454,20180108T053925Z,965,9
455,20180108T053959Z,659,9
456,20180108T054011Z,965,9
457,20180108T054138Z,569,9
458,20180108T054231Z,U,10
459,20180108T054521Z,569,3
460,20180108T054535Z,965,9
461,20180108T054659Z,695,3
462,20180108T054741Z,695,8
463,20180108T054802Z,569,9
464,20180108T054839Z,965,9
465,20180108T054858Z,569,1
466,20180108T054908Z,569,1
467,20180108T054947Z,U,10
468,20180108T055007Z,965,9
469,20180108T055015Z,U,10
470,20180108T055033Z,659,8
471,20180108T055147Z,U,10
472,20180108T055211Z,965,9
473,20180108T055236Z,695,4
474,20180108T055250Z,965,9
475,20180108T055323Z,U,10
476,20180108T055430Z,596,8
477,20180108T055505Z,596,9
478,20180108T055556Z,695,6
479,20180108T055612Z,596,7
480,20180108T055654Z,965,9
481,20180108T055716Z,965,4
482,20180108T055805Z,U,10
483,20180108T055852Z,965,5
484,20180108T055927Z,596,9
485,20180108T055940Z,965,8
486,20180108T060015Z,659,9
487,20180108T060137Z,659,4
488,20180108T060153Z,965,2
489,20180108T060209Z,Z,10
490,20180108T060215Z,965,10
491,20180108T060235Z,596,9
492,20180108T060303Z,965,7
493,20180108T060412Z,965,9
494,20180108T060600Z,596,9
495,20180108T060622Z,956,6
496,20180108T060654Z,965,9
497,20180108T060727Z,U,10
498,20180108T060754Z,U,10
499,20180108T060820Z,569,9
500,20180108T060853Z,596,6
501,20180108T060920Z,U,10
502,20180108T060926Z,695,8
503,20180108T061106Z,965,9
504,20180108T061127Z,965,6
505,20180108T061313Z,965,1
506,20180108T061349Z,659,9
507,20180108T061410Z,569,7
508,20180108T061429Z,695,9
509,20180108T061510Z,956,4
510,20180108T061557Z,695,4
511,20180108T061649Z,596,2
512,20180108T061705Z,659,9
513,20180108T061752Z,695,9
514,20180108T061804Z,569,9
515,20180108T061858Z,965,8
516,20180108T062028Z,965,9
517,20180108T062148Z,569,9
518,20180108T062213Z,965,9
519,20180108T062251Z,596,9
520,20180108T062351Z,695,9
521,20180108T062521Z,695,4
522,20180108T062704Z,965,9
523,20180108T062755Z,965,9
524,20180108T062821Z,569,9
525,20180108T062929Z,659,5
526,20180108T062954Z,965,9
527,20180108T063008Z,956,5
528,20180108T063026Z,965,9
529,20180108T063115Z,659,9
530,20180108T063151Z,965,9
531,20180108T063240Z,596,4
532,20180108T063416Z,695,6
533,20180108T063556Z,695,4
534,20180108T063649Z,U,10
535,20180108T063705Z,695,4
536,20180108T063804Z,965,4
537,20180108T063847Z,659,9
538,20180108T063941Z,569,7
539,20180108T064013Z,659,9
540,20180108T064038Z,U,10
541,20180108T064058Z,569,7
542,20180108T064135Z,659,2
543,20180108T064149Z,695,7
544,20180108T064154Z,965,9
545,20180108T064233Z,U,10
546,20180108T064241Z,695,9
547,20180108T064257Z,659,9
548,20180108T064307Z,569,9
549,20180108T064430Z,596,1
550,20180108T064517Z,695,2
551,20180108T064543Z,569,6
552,20180108T064603Z,695,1
553,20180108T064747Z,956,6
554,20180108T064810Z,965,9
555,20180108T064900Z,596,1
556,20180108T064933Z,695,9
557,20180108T065006Z,965,4
558,20180108T065159Z,965,9
559,20180108T065223Z,965,9
560,20180108T065313Z,596,9
561,20180108T065325Z,695,8
562,20180108T065339Z,965,1
563,20180108T065400Z,965,9
564,20180108T065407Z,596,7
565,20180108T065417Z,965,2
566,20180108T065433Z,965,2
567,20180108T065513Z,965,9
568,20180108T065525Z,695,9
569,20180108T065541Z,965,9
570,20180108T065608Z,569,9
571,20180108T065635Z,569,9
572,20180108T065717Z,695,7
573,20180108T065728Z,965,9
574,20180108T065949Z,695,8
575,20180108T070003Z,659,9
576,20180108T070156Z,695,9
577,20180108T070230Z,695,1
578,20180108T070240Z,569,2
579,20180108T070315Z,U,10
580,20180108T070436Z,695,2
581,20180108T070455Z,659,1
582,20180108T070511Z,965,8
583,20180108T070531Z,596,9
584,20180108T070612Z,956,9
585,20180108T070621Z,965,4
586,20180108T070657Z,965,7
587,20180108T070817Z,695,9
588,20180108T071000Z,U,10
589,20180108T071016Z,965,2
590,20180108T071213Z,965,1
591,20180108T071313Z,569,2
592,20180108T071335Z,695,2
593,20180108T071402Z,596,9
594,20180108T071425Z,956,6
595,20180108T071443Z,569,9
596,20180108T071503Z,965,9
597,20180108T071512Z,965,5
598,20180108T071613Z,965,9
599,20180108T071621Z,965,9
600,20180108T071734Z,U,10
601,20180108T071811Z,U,10
602,20180108T071952Z,956,7
603,20180108T072002Z,956,7
604,20180108T072035Z,U,10
605,20180108T072156Z,695,9
606,20180108T072206Z,965,1
607,20180108T072244Z,965,9
608,20180108T072253Z,659,2
609,20180108T072314Z,569,9
610,20180108T072355Z,U,10
611,20180108T072410Z,695,10
612,20180108T072436Z,956,9
613,20180108T072502Z,695,3
614,20180108T072516Z,695,9
615,20180108T072533Z,965,2
616,20180108T072559Z,659,1
617,20180108T072634Z,596,8
618,20180108T072649Z,659,5
619,20180108T072722Z,695,3
620,20180108T072845Z,695,9
621,20180108T072950Z,965,5
622,20180108T073022Z,956,6
623,20180108T073117Z,965,2
624,20180108T073152Z,695,4
625,20180108T073510Z,695,3
626,20180108T073535Z,956,9
627,20180108T073603Z,569,9
628,20180108T073649Z,9654,9
629,20180108T073746Z,695,4
630,20180108T073912Z,596,9
631,20180108T073946Z,695,9
632,20180108T074107Z,U,10
633,20180108T074242Z,965,5
634,20180108T074348Z,659,9
635,20180108T074412Z,956,6
636,20180108T074453Z,596,7
637,20180108T074506Z,695,3
638,20180108T074525Z,956,2
639,20180108T074618Z,695,3
640,20180108T074632Z,596,9
641,20180108T074705Z,956,2
642,20180108T074735Z,965,9
643,20180108T074821Z,U,10
644,20180108T074842Z,695,9
645,20180108T074854Z,965,9
646,20180108T074934Z,659,9
647,20180108T075115Z,596,8
648,20180108T075140Z,569,7
649,20180108T075158Z,596,6
650,20180108T075222Z,695,2
651,20180108T075237Z,965,5
652,20180108T075259Z,U,10
653,20180108T075407Z,695,9
654,20180108T075416Z,956,9
655,20180108T075441Z,695,9
656,20180108T075501Z,965,9
657,20180108T075509Z,U,10
658,20180108T075603Z,U,10
659,20180108T075654Z,695,6
660,20180108T075726Z,U,10
661,20180108T075800Z,596,1
662,20180108T075833Z,569,6
663,20180108T075856Z,569,2
664,20180108T075935Z,569,9
665,20180108T075958Z,659,1
666,20180108T080118Z,596,9
667,20180108T080125Z,596,9
668,20180108T080151Z,659,9
669,20180108T080226Z,965,9
670,20180108T080301Z,695,9
671,20180108T080512Z,965,9
672,20180108T080811Z,965,8
673,20180108T080911Z,695,9
674,20180108T080923Z,965,9
675,20180108T081126Z,695,9
676,20180108T081209Z,659,1
677,20180108T081242Z,U,10
678,20180108T081305Z,569,6
679,20180108T081314Z,596,8
680,20180108T081625Z,695,5
681,20180108T081905Z,965,9
682,20180108T081918Z,596,7
683,20180108T082009Z,695,9
684,20180108T082100Z,695,3
685,20180108T082234Z,695,1
686,20180108T082301Z,965,10
687,20180108T082408Z,965,9
688,20180108T082514Z,695,9
689,20180108T082613Z,695,9
690,20180108T082635Z,695,4
691,20180108T082705Z,695,1
692,20180108T082722Z,596,8
693,20180108T082753Z,596,9
694,20180108T082815Z,569,9
695,20180108T082900Z,659,5
696,20180108T083057Z,695,9
697,20180108T083106Z,965,2
698,20180108T083201Z,659,4
699,20180120T080107Z,965,8
700,20180120T080544Z,U,10
701,20180120T080642Z,695,1
702,20180120T080828Z,965,1
703,20180120T080914Z,596,9
704,20180120T081019Z,569,2
705,20180120T081146Z,695,3
706,20180120T081356Z,965,1
707,20180120T081503Z,569,9
708,20180120T081530Z,U,10
709,20180120T081607Z,U,10
710,20180120T082404Z,U,10
711,20180120T082527Z,U,10
712,20180120T082631Z,965,9
713,20180120T082655Z,U,10
714,20180120T082812Z,695,9
715,20180120T082925Z,956,10
716,20180120T082946Z,659,9
717,20180120T083126Z,U,10
718,20180120T083144Z,965,9
719,20180120T083317Z,695,3
720,20180120T083631Z,U,10
721,20180120T083648Z,U,10
722,20180120T083851Z,965,5
723,20180120T084053Z,596,2
724,20180120T084217Z,569,9
725,20180120T084358Z,U,10
726,20180120T084517Z,U,10
727,20180120T084740Z,U,10
728,20180120T084821Z,U,10
729,20180120T084849Z,695,3
730,20180120T084958Z,596,9
731,20180120T085044Z,U,10
732,20180120T085118Z,695,2
733,20180120T085129Z,695,3
734,20180120T085154Z,U,10
735,20180120T085237Z,965,9
736,20180120T085454Z,U,10
737,20180120T085638Z,596,7
738,20180120T085918Z,U,10
739,20180120T085946Z,U,10
740,20180120T090042Z,659,1
741,20180120T090119Z,596,1
742,20180120T090351Z,U,10
743,20180120T090758Z,956,9
744,20180120T091250Z,596,1
745,20180120T091341Z,956,9
746,20180120T091410Z,569,9
747,20180120T091546Z,965,9
748,20180120T091605Z,695,9
749,20180120T091653Z,U,10
750,20180120T091728Z,965,9
751,20180120T091742Z,U,10
752,20180120T091756Z,965,9
753,20180120T091839Z,596,9
754,20180120T092003Z,659,9
755,20180120T092012Z,695,9
756,20180120T092042Z,659,9
757,20180120T092051Z,965,9
758,20180120T092457Z,956,7
759,20180120T092915Z,U,10
760,20180120T093006Z,U,10
761,20180120T093632Z,965,9
762,20180120T094108Z,596,9
763,20180120T094203Z,U,10
764,20180120T094412Z,596,6
765,20180120T094752Z,659,9
766,20180120T095105Z,U,10
767,20180120T095144Z,596,9
768,20180120T095429Z,956,9
769,20180120T095817Z,U,10
770,20180120T095826Z,596,9
771,20180120T095919Z,U,10
772,20180120T100149Z,596,9
773,20180120T100335Z,965,9
774,20180120T100835Z,659,2
775,20180120T101015Z,569,6
776,20180120T101207Z,965,9
777,20180120T101401Z,569,9
778,20180120T101442Z,695,5
779,20180120T101607Z,596,1
780,20180120T102015Z,695,1
781,20180120T102059Z,U,10
782,20180120T102117Z,956,1
783,20180120T102523Z,956,9
784,20180120T103108Z,596,1
785,20180120T103139Z,U,10
786,20180120T103425Z,965,1
787,20180120T103806Z,965,9
788,20180120T104013Z,U,9
789,20180120T104503Z,695,3
790,20180120T104753Z,956,6
791,20180120T105000Z,596,7
792,20180120T105017Z,U,10
793,20180120T105603Z,596,9
794,20180120T110153Z,596,9
795,20180120T110309Z,U,10
796,20180120T110511Z,U,10
797,20180120T110622Z,965,9
798,20180120T110845Z,596,9
799,20180120T110947Z,956,9
800,20180120T111304Z,U,10
801,20180120T111717Z,U,7
802,20180120T111940Z,U,10
803,20180120T112332Z,596,7
804,20180120T112841Z,965,9
805,20180120T112938Z,965,9
806,20180120T113028Z,569,9
807,20180120T113158Z,659,1
808,20180120T113242Z,659,9
809,20180120T113421Z,U,10
810,20180120T113554Z,U,10
811,20180120T113906Z,965,9
812,20180120T113935Z,U,10
813,20180120T114106Z,695,9
814,20180120T114251Z,965,9
815,20180120T114443Z,U,10
816,20180120T114616Z,956,9
817,20180120T114730Z,695,5
818,20180120T114754Z,596,9
819,20180120T114835Z,596,1
820,20180120T115139Z,956,2
821,20180120T115150Z,596,9
822,20180120T115407Z,956,6
823,20180120T115417Z,965,9
824,20180120T115527Z,956,1
825,20180120T115553Z,695,9
826,20180120T115738Z,596,9
827,20180120T115913Z,659,9
828,20180120T120002Z,965,9
829,20180120T120152Z,569,7
830,20180120T120216Z,965,7
831,20180120T120242Z,965,9
832,20180120T120353Z,965,1
833,20180120T120419Z,695,3
834,20180120T120450Z,965,9
835,20180120T120521Z,965,9
836,20180120T120711Z,695,9
837,20180120T120933Z,569,9
838,20180120T121352Z,596,8
839,20180120T121543Z,U,10
840,20180120T121731Z,965,9
841,20180120T121748Z,659,9
842,20180120T122228Z,596,9
843,20180120T122245Z,659,9
844,20180120T122623Z,U,10
845,20180120T122830Z,695,9
846,20180120T122927Z,U,10
847,20180120T123045Z,596,9
848,20180120T123156Z,596,9
849,20180120T123224Z,U,10
850,20180120T123521Z,596,9
851,20180120T123751Z,596,9
852,20180120T123831Z,695,9
853,20180120T123907Z,U,10
854,20180120T124025Z,659,9
855,20180120T124058Z,596,9
856,20180120T124113Z,596,7
857,20180120T124320Z,965,9
858,20180120T124609Z,965,9
859,20180120T124803Z,U,10
860,20180120T124917Z,956,9
861,20180120T124944Z,659,2
862,20180120T125109Z,695,9
863,20180120T125333Z,U,10
864,20180120T125519Z,U,10
865,20180120T125546Z,596,1
866,20180120T125554Z,596,1
867,20180120T125623Z,596,9
868,20180120T125657Z,956,9
869,20180120T125716Z,596,1
870,20180120T125805Z,569,8
871,20180120T130109Z,695,9
872,20180120T130311Z,596,9
873,20180120T130334Z,596,9
874,20180120T130438Z,596,1
875,20180120T130545Z,695,9
876,20180120T130615Z,U,10
877,20180120T130710Z,U,10
878,20180120T130915Z,695,9
879,20180120T130944Z,965,1
880,20180120T131113Z,596,9
881,20180120T131120Z,965,9
882,20180120T131415Z,U,10
883,20180120T131422Z,659,9
884,20180120T131457Z,596,9
885,20180120T131521Z,695,1
886,20180120T131759Z,965,9
887,20180120T131854Z,U,10
888,20180120T132429Z,965,8
889,20180120T132501Z,695,9
890,20180120T132515Z,965,9
891,20180120T132641Z,659,9
892,20180120T132650Z,659,3
893,20180120T132740Z,569,1
894,20180120T133136Z,956,6
895,20180120T133207Z,596,6
896,20180120T133453Z,569,7
897,20180120T133905Z,965,1
898,20180120T133940Z,596,9
899,20180120T133954Z,U,10
900,20180120T134023Z,569,8
901,20180120T134621Z,596,1
902,20180120T134650Z,596,9
903,20180120T134659Z,596,9
904,20180120T134707Z,596,1
905,20180120T134918Z,596,8
906,20180120T135041Z,695,9
907,20180120T135105Z,956,2
908,20180120T135304Z,596,1
909,20180120T135444Z,U,10
910,20180120T135819Z,U,10
911,20180120T135929Z,659,9
912,20180120T140307Z,U,10
913,20180120T140527Z,965,9
914,20180120T140910Z,U,10
915,20180120T140931Z,965,9
916,20180120T140950Z,956,9
917,20180120T141014Z,U,10
918,20180120T141035Z,956,2
919,20180120T141057Z,596,9
920,20180120T141139Z,u,10
921,20180120T141346Z,596,9
922,20180120T141438Z,U,10
923,20180120T141449Z,965,9
924,20180120T141558Z,965,9
925,20180120T141616Z,U,10
926,20180120T141743Z,596,1
927,20180120T141830Z,659,1
928,20180120T141911Z,956,6
929,20180120T142320Z,659,9
930,20180120T142416Z,U,10
931,20180120T142509Z,965,9
932,20180120T142524Z,U,10
933,20180120T142628Z,965,7
934,20180120T142810Z,965,9
935,20180120T142824Z,596,9
936,20180120T143030Z,695,9
937,20180120T143115Z,U,10
938,20180120T143131Z,U,10
939,20180120T143226Z,569,2
940,20180120T143242Z,956,1
941,20180120T143305Z,U,10
942,20180120T143451Z,695,1
943,20180120T143524Z,569,9
944,20180120T143543Z,965,2
945,20180120T143603Z,965,9
946,20180120T143750Z,695,9
947,20180120T143811Z,956,9
948,20180120T143839Z,965,9
949,20180120T144101Z,596,9
950,20180120T144129Z,659,4
951,20180120T144227Z,965,2
952,20180120T144258Z,965,4
953,20180120T144310Z,596,9
954,20180120T144319Z,569,9
955,20180120T144527Z,569,9
956,20180120T144630Z,596,6
957,20180120T144653Z,569,9
958,20180120T144815Z,659,3
959,20180120T144841Z,596,1
960,20180120T144947Z,U,10
961,20180120T145154Z,596,1
962,20180120T145249Z,U,10
963,20180120T145322Z,596,7
964,20180120T145518Z,956,9
965,20180120T145545Z,965,9
966,20180120T145603Z,965,5
967,20180120T145756Z,659,1
968,20180120T145804Z,659,9
969,20180120T145839Z,U,10
970,20180120T145954Z,596,4
971,20180120T150103Z,965,9
972,20180120T150119Z,965,9
973,20180120T150259Z,695,9
974,20180120T150321Z,569,2
975,20180120T150330Z,965,2
976,20180120T150527Z,965,6
977,20180120T150557Z,965,9
978,20180120T150614Z,U,10
979,20180120T150655Z,U,10
980,20180120T150746Z,965,1
981,20180120T150838Z,695,4
982,20180120T150848Z,569,2
983,20180120T150943Z,U,10
984,20180120T151002Z,596,1
985,20180120T151014Z,596,9
986,20180120T151254Z,965,2
987,20180120T151322Z,965,1
988,20180120T151407Z,U,10
989,20180120T151419Z,956,9
990,20180120T151440Z,U,10
991,20180120T151522Z,596,9
992,20180120T151838Z,596,9
993,20180120T152008Z,U,10
994,20180120T152019Z,695,3
995,20180120T152154Z,U,10
996,20180120T152229Z,596,2
997,20180120T152247Z,659,9
998,20180120T152305Z,965,9
999,20180120T152338Z,596,9
1000,20180120T152833Z,965,9
1001,20180120T152925Z,965,3
1002,20180120T153233Z,956,9
1003,20180120T153258Z,965,9
1004,20180120T153400Z,596,9
1005,20180120T153414Z,695,3
1006,20180120T153535Z,U,10
1007,20180120T153723Z,659,9
1008,20180120T153752Z,965,9
1009,20180120T153819Z,965,9
1010,20180120T153838Z,965,9
1011,20180120T153858Z,659,9
1012,20180120T153924Z,596,1
1013,20180120T154022Z,659,9
1014,20180120T154052Z,596,9
1015,20180120T154121Z,596,9
1016,20180120T154209Z,956,2
1017,20180120T154238Z,695,3
1018,20180120T154246Z,965,9
1019,20180120T154352Z,659,1
1020,20180120T154410Z,965,9
1021,20180120T154430Z,965,9
1022,20180120T154450Z,965,9
1023,20180120T154511Z,965,9
1024,20180120T154558Z,965,9
1025,20180120T154649Z,596,2
1026,20180120T154822Z,695,1
1027,20180120T154854Z,695,9
1028,20180120T154910Z,965,9
1029,20180120T155138Z,659,9
1030,20180120T155304Z,U,10
1031,20180120T155324Z,965,9
1032,20180120T155425Z,659,9
1033,20180120T155518Z,596,9
1034,20180120T155603Z,695,8
1035,20180120T155650Z,596,2
1036,20180120T155801Z,596,9
1037,20180120T155835Z,596,9
1038,20180120T155843Z,569,2
1039,20180120T155907Z,569,9
1040,20180120T155942Z,596,9
1041,20180209T160009Z,965,10
1042,20180209T160201Z,U,10
1043,20180209T160409Z,,10
1044,20180209T160818Z,,10
1045,20180209T161235Z,,10
1046,20180209T161623Z,,10
1047,20180209T161733Z,,10
1048,20180209T162027Z,,10
1049,20180209T162948Z,,10
1050,20180209T163233Z,,10
1051,20180209T163542Z,,10
1052,20180209T163648Z,,10
1053,20180209T163823Z,,10
1054,20180209T164012Z,,10
1055,20180209T164251Z,,10
1056,20180209T164341Z,,10
1057,20180209T164653Z,,10
1058,20180209T164728Z,,10
1059,20180209T164957Z,,10
1060,20180209T165233Z,,10
1061,20180209T165356Z,,10
1062,20180209T165513Z,,10
1063,20180209T165553Z,,10
1064,20180209T165640Z,,10
1065,20180209T165811Z,,10
1066,20180209T165959Z,,10
1067,20180209T170204Z,,10
1068,20180209T170215Z,,10
1069,20180209T170439Z,,10
1070,20180209T170605Z,,10
1071,20180209T170857Z,,10
1072,20180209T170928Z,,10
1073,20180209T170954Z,,10
1074,20180209T171025Z,,10
1075,20180209T171134Z,,10
1076,20180209T171501Z,,10
1077,20180209T171528Z,,10
1078,20180209T171819Z,,10
1079,20180209T171934Z,,10
1080,20180209T172124Z,,10
1081,20180209T172220Z,,10
1082,20180209T172243Z,,10
1083,20180209T172323Z,,10
1084,20180209T172433Z,,10
1085,20180209T172518Z,,10
1086,20180209T172611Z,,10
1087,20180209T172624Z,,10
1088,20180209T172658Z,,10
1089,20180209T172807Z,,10
1090,20180209T172837Z,,10
1091,20180209T173009Z,,10
1092,20180209T173027Z,,10
1093,20180209T173132Z,,10
1094,20180209T173216Z,,10
1095,20180209T173326Z,,10
1096,20180209T173356Z,,10
1097,20180209T173454Z,,10
1098,20180209T173542Z,,10
1099,20180114T160005Z,596,6
1100,20180114T160039Z,659,9
1101,20180114T160202Z,659,9
1102,20180114T160214Z,569,2
1103,20180114T160233Z,569,9
1104,20180114T160248Z,659,2
1105,20180114T160430Z,965,1
1106,20180114T160453Z,U,10
1107,20180114T160503Z,596,9
1108,20180114T160558Z,695,9
1109,20180114T160620Z,695,9
1110,20180114T160707Z,695,9
1111,20180114T160800Z,965,5
1112,20180114T160953Z,659,8
1113,20180114T161007Z,695,5
1114,20180114T161137Z,U,10
1115,20180114T161301Z,569,2
1116,20180114T161317Z,659,9
1117,20180114T161339Z,695,9
1118,20180114T161423Z,965,5
1119,20180114T161437Z,569,6
1120,20180114T161622Z,569,1
1121,20180114T161723Z,695,3
1122,20180114T161856Z,695,9
1123,20180114T161942Z,569,7
1124,20180114T162036Z,596,9
1125,20180114T162041Z,659,2
1126,20180114T162108Z,965,9
1127,20180114T162128Z,659,9
1128,20180114T162225Z,U,10
1129,20180114T162258Z,659,4
1130,20180114T162438Z,695,9
1131,20180114T162517Z,695,9
1132,20180114T162530Z,U,9
1133,20180114T162548Z,596,9
1134,20180114T162601Z,956,9
1135,20180114T162631Z,659,9
1136,20180114T162657Z,965,9
1137,20180114T162756Z,956,9
1138,20180114T162811Z,U,10
1139,20180114T162851Z,956,9
1140,20180114T162928Z,659,1
1141,20180114T163252Z,695,6
1142,20180114T163312Z,965,5
1143,20180114T163332Z,695,9
1144,20180114T163358Z,965,9
1145,20180114T163420Z,U,10
1146,20180114T163451Z,695,9
1147,20180114T163541Z,596,9
1148,20180114T163613Z,659,9
1149,20180114T163627Z,695,9
1150,20180114T163652Z,596,7
1151,20180114T163734Z,596,9
1152,20180114T163740Z,9,9
1153,20180114T163747Z,695,9
1154,20180114T163940Z,965,9
1155,20180114T164003Z,596,9
1156,20180114T164036Z,965,9
1157,20180114T164146Z,965,5
1158,20180114T164226Z,965,9
1159,20180114T164243Z,596,9
1160,20180114T164323Z,659,1
1161,20180114T164355Z,569,6
1162,20180114T164506Z,659,9
1163,20180114T164525Z,U,10
1164,20180114T164624Z,965,9
1165,20180114T164631Z,596,9
1166,20180114T164748Z,659,9
1167,20180114T164914Z,U,10
1168,20180114T165020Z,596,2
1169,20180114T165041Z,596,9
1170,20180114T165223Z,659,1
1171,20180114T165252Z,596,9
1172,20180114T165316Z,956,9
1173,20180114T165329Z,U,10
1174,20180114T165412Z,659,2
1175,20180114T165442Z,659,1
1176,20180114T165531Z,956,9
1177,20180114T165609Z,956,7
1178,20180114T165642Z,659,9
1179,20180114T165736Z,569,9
1180,20180114T165830Z,U,10
1181,20180114T165908Z,659,1
1182,20180114T165926Z,965,9
1183,20180114T165939Z,596,4
1184,20180114T170004Z,659,8
1185,20180114T170052Z,569,9
1186,20180114T170149Z,596,1
1187,20180114T170326Z,U,9
1188,20180114T170613Z,965,4
1189,20180114T170823Z,569,6
1190,20180114T170832Z,965,8
1191,20180114T171026Z,U,9
1192,20180114T171033Z,569,2
1193,20180114T171119Z,569,1
1194,20180114T171133Z,965,9
1195,20180114T171229Z,U,10
1196,20180114T171316Z,695,9
1197,20180114T171343Z,695,4
1198,20180114T171444Z,569,6
1199,20180114T171516Z,695,3
1200,20180114T171653Z,965,2
1201,20180114T171712Z,596,9
1202,20180114T171751Z,569,7
1203,20180114T171922Z,695,9
1204,20180114T172015Z,695,9
1205,20180114T172025Z,965,9
1206,20180114T172031Z,695,9
1207,20180114T172050Z,695,2
1208,20180114T172121Z,596,7
1209,20180114T172242Z,659,9
1210,20180114T172300Z,965,9
1211,20180114T172307Z,659,1
1212,20180114T172318Z,569,9
1213,20180114T172415Z,965,9
1214,20180114T172433Z,956,6
1215,20180114T172513Z,U,10
1216,20180114T172524Z,965,9
1217,20180114T172548Z,965,9
1218,20180114T172559Z,965,9
1219,20180114T172612Z,U,10
1220,20180114T172637Z,965,9
1221,20180114T172654Z,965,9
1222,20180114T172714Z,569,2
1223,20180114T172753Z,965,9
1224,20180114T172807Z,596,9
1225,20180114T172826Z,965,9
1226,20180114T172917Z,965,9
1227,20180114T172953Z,965,8
1228,20180114T173020Z,U,10
1229,20180114T173051Z,596,9
1230,20180114T173102Z,956,9
1231,20180114T173153Z,U,10
1232,20180114T173241Z,965,9
1233,20180114T173428Z,956,1
1234,20180114T173509Z,596,9
1235,20180114T173610Z,659,9
1236,20180114T173757Z,596,7
1237,20180114T173825Z,596,8
1238,20180114T173858Z,U,10
1239,20180114T173935Z,U,10
1240,20180114T173944Z,965,8
1241,20180114T174121Z,695,9
1242,20180114T174146Z,965,1
1243,20180114T174217Z,596,9
1244,20180114T174401Z,659,1
1245,20180114T174511Z,569,9
1246,20180114T174544Z,U,10
1247,20180114T174626Z,965,9
1248,20180114T174647Z,965,2
1249,20180114T174658Z,965,9
1250,20180114T174708Z,659,8
1251,20180114T174818Z,596,9
1252,20180114T174848Z,569,7
1253,20180114T174914Z,659,1
1254,20180114T174951Z,965,9
1255,20180114T175018Z,659,2
1256,20180114T175027Z,695,9
1257,20180114T175115Z,695,1
1258,20180114T175154Z,695,1
1259,20180114T175223Z,659,5
1260,20180114T175249Z,569,9
1261,20180114T175336Z,U,10
1262,20180114T175500Z,596,9
1263,20180114T175602Z,596,9
1264,20180114T175612Z,U,10
1265,20180114T175623Z,569,9
1266,20180114T175630Z,9656,9
1267,20180114T175824Z,965,9
1268,20180114T175842Z,U,10
1269,20180114T180033Z,659,5
1270,20180114T180100Z,U,10
1271,20180114T180124Z,U,10
1272,20180114T180150Z,569,9
1273,20180114T180228Z,569,7
1274,20180114T180349Z,659,9
1275,20180114T180431Z,965,9
1276,20180114T180507Z,U,10
1277,20180114T180520Z,U,10
1278,20180114T180536Z,569,7
1279,20180114T180549Z,569,9
1280,20180114T180629Z,569,6
1281,20180114T180749Z,659,9
1282,20180114T180832Z,569,1
1283,20180114T180858Z,596,9
1284,20180114T180905Z,695,9
1285,20180114T180912Z,695,9
1286,20180114T180949Z,596,9
1287,20180114T181019Z,U,10
1288,20180114T181138Z,965,9
1289,20180114T181229Z,U,10
1290,20180114T181758Z,965,1
1291,20180114T181836Z,956,7
1292,20180114T182014Z,965,4
1293,20180114T182047Z,659,1
1294,20180114T182124Z,569,2
1295,20180114T182147Z,965,9
1296,20180114T182206Z,569,9
1297,20180114T182234Z,596,9
1298,20180114T182252Z,U,10
1299,20180114T182325Z,965,9
1300,20180114T182458Z,695,9
1301,20180114T182549Z,659,1
1302,20180114T182621Z,659,8
1303,20180114T182813Z,569,9
1304,20180114T182913Z,569,9
1305,20180114T183016Z,596,1
1306,20180114T183032Z,569,7
1307,20180114T183052Z,659,2
1308,20180114T183210Z,U,10
1309,20180114T183248Z,U,10
1310,20180114T183402Z,965,1
1311,20180114T183425Z,695,1
1312,20180114T183451Z,695,6
1313,20180114T183516Z,695,9
1314,20180114T183528Z,U,10
1315,20180114T183542Z,695,9
1316,20180114T183602Z,695,9
1317,20180114T183625Z,U,10
1318,20180114T183706Z,965,9
1319,20180114T183713Z,695,9
1320,20180114T183728Z,695,8
1321,20180114T183820Z,U,10
1322,20180114T183838Z,U,9
1323,20180114T183928Z,695,9
1324,20180114T183949Z,U,10
1325,20180114T184018Z,695,2
1326,20180114T184035Z,695,1
1327,20180114T184051Z,569,9
1328,20180114T184120Z,695,2
1329,20180114T184152Z,695,9
1330,20180114T184209Z,695,2
1331,20180114T184249Z,695,9
1332,20180114T184308Z,U,10
1333,20180114T184324Z,965,6
1334,20180114T184347Z,695,9
1335,20180114T184358Z,569,9
1336,20180114T184415Z,659,9
1337,20180114T184508Z,695,4
1338,20180114T184530Z,596,9
1339,20180114T184557Z,695,3
1340,20180114T184656Z,U,10
1341,20180114T184707Z,659,9
1342,20180114T184826Z,956,9
1343,20180114T185023Z,659,9
1344,20180114T185147Z,956,1
1345,20180114T185240Z,U,10
1346,20180114T185312Z,659,2
1347,20180114T185328Z,596,7
1348,20180114T185401Z,956,4
1349,20180114T185508Z,596,9
1350,20180114T185620Z,596,9
1351,20180114T185637Z,965,5
1352,20180114T185730Z,569,2
1353,20180114T185828Z,596,9
1354,20180114T185835Z,965,9
1355,20180114T185910Z,695,1
1356,20180114T185958Z,659,9
1357,20180114T190045Z,965,2
1358,20180114T190145Z,596,7
1359,20180114T190208Z,596,1
1360,20180114T190226Z,U,10
1361,20180114T190259Z,U,10
1362,20180114T190309Z,659,9
1363,20180114T190346Z,U,10
1364,20180114T190410Z,965,1
1365,20180114T190424Z,659,4
1366,20180114T190522Z,596,9
1367,20180114T190555Z,U,10
1368,20180114T190814Z,956,9
1369,20180114T190850Z,569,7
1370,20180114T191000Z,965,9
1371,20180114T191052Z,U,9
1372,20180114T191129Z,965,9
1373,20180114T191152Z,965,9
1374,20180114T191207Z,U,9
1375,20180114T191217Z,695,3
1376,20180114T191231Z,U,10
1377,20180114T191238Z,965,9
1378,20180114T191315Z,956,9
1379,20180114T191338Z,965,9
1380,20180114T191418Z,956,6
1381,20180114T191450Z,U,9
1382,20180114T191458Z,659,9
1383,20180114T191727Z,U,9
1384,20180114T191735Z,695,3
1385,20180114T191800Z,695,9
1386,20180114T191853Z,569,7
1387,20180114T191912Z,569,9
1388,20180114T191926Z,956,9
1389,20180114T191940Z,659,9
1390,20180114T192059Z,569,2
1391,20180114T192216Z,569,9
1392,20180114T192230Z,U,9
1393,20180114T192245Z,U,10
1394,20180114T192307Z,956,9
1395,20180114T192338Z,956,9
1396,20180114T192400Z,956,2
1397,20180114T192415Z,956,9
1398,20180114T192431Z,956,9
1399,20180114T192506Z,569,8
1400,20180114T192609Z,596,1
1401,20180114T192649Z,965,9
1402,20180114T192719Z,U,10
1403,20180114T192736Z,956,8
1404,20180114T192810Z,569,7
1405,20180114T192821Z,659,4
1406,20180114T192842Z,U,10
1407,20180114T192856Z,U,10
1408,20180114T192930Z,956,9
1409,20180114T193025Z,596,9
1410,20180114T193050Z,596,8
1411,20180114T193119Z,U,10
1412,20180114T193314Z,569,7
1413,20180114T193329Z,U,10
1414,20180114T193339Z,965,5
1415,20180114T193412Z,596,9
1416,20180114T193422Z,659,9
1417,20180114T193436Z,596,7
1418,20180114T193539Z,u,10
1419,20180114T193618Z,569,9
1420,20180114T193643Z,U,10
1421,20180114T193710Z,U,10
1422,20180114T193716Z,U,10
1423,20180114T193743Z,U,10
1424,20180114T193752Z,596,9
1425,20180114T193857Z,965,6
1426,20180114T193926Z,695,5
1427,20180114T194005Z,596,9
1428,20180114T194021Z,695,1
1429,20180114T194051Z,965,8
1430,20180114T194120Z,U,10
1431,20180114T194137Z,956,9
1432,20180114T194147Z,569,9
1433,20180114T194200Z,569,1
1434,20180114T194210Z,965,2
1435,20180114T194226Z,569,9
1436,20180114T194255Z,U,10
1437,20180114T194401Z,596,9
1438,20180114T194412Z,596,1
1439,20180114T194536Z,965,1
1440,20180114T194549Z,965,9
1441,20180114T194620Z,U,10
1442,20180114T194702Z,U,7
1443,20180114T194813Z,569,7
1444,20180114T194859Z,569,2
1445,20180114T194910Z,U,7
1446,20180114T194951Z,596,1
1447,20180114T195021Z,596,9
1448,20180114T195030Z,659,8
1449,20180114T195122Z,569,9
1450,20180114T195136Z,596,9
1451,20180114T195141Z,659,3
1452,20180114T195150Z,569,9
1453,20180114T195212Z,659,9
1454,20180114T195333Z,569,7
1455,20180114T195433Z,596,2
1456,20180114T195507Z,956,7
1457,20180114T195601Z,659,1
1458,20180114T195710Z,569,7
1459,20180114T195751Z,965,9
1460,20180114T195809Z,569,9
1461,20180114T195834Z,596,9
1462,20180114T195848Z,965,5
1463,20180114T195933Z,569,9
1464,20180114T200002Z,569,9
1465,20180114T200018Z,569,9
1466,20180114T200036Z,569,2
1467,20180114T200050Z,u,10
1468,20180114T200113Z,659,1
1469,20180114T200123Z,569,7
1470,20180114T200142Z,965,9
1471,20180114T200152Z,965,5
1472,20180114T200220Z,695,2
1473,20180114T200243Z,u,10
1474,20180114T200310Z,659,1
1475,20180114T200321Z,u,10
1476,20180114T200330Z,569,9
1477,20180114T200339Z,965,9
1478,20180114T200345Z,596,6
1479,20180114T200446Z,569,1
1480,20180114T200505Z,965,2
1481,20180114T200556Z,596,9
1482,20180114T200611Z,596,9
1483,20180114T200630Z,596,9
1484,20180114T200707Z,569,9
1485,20180114T200746Z,596,9
1486,20180114T200800Z,596,9
1487,20180114T200818Z,569,9
1488,20180114T200841Z,695,9
1489,20180114T200906Z,965,9
1490,20180114T200956Z,596,9
1491,20180114T201005Z,596,9
1492,20180114T201012Z,965,2
1493,20180114T201026Z,659,1
1494,20180114T201059Z,659,2
1495,20180114T201208Z,569,9
1496,20180114T201309Z,569,4
1497,20180114T201349Z,U,10
1498,20180114T201431Z,U,7
1499,20180114T201536Z,569,2
1500,20180114T201546Z,569,9
1501,20180114T201715Z,965,9
1502,20180114T201723Z,U,10
1503,20180114T201730Z,569,9
1504,20180114T201737Z,659,9
1505,20180114T201745Z,569,9
1506,20180114T201838Z,U,10
1507,20180114T201848Z,569,9
1508,20180114T201858Z,U,10
1509,20180114T201918Z,596,1
1510,20180114T201925Z,569,7
1511,20180114T202020Z,965,9
1512,20180114T202035Z,569,9
1513,20180114T202043Z,569,9
1514,20180114T202107Z,569,9
1515,20180114T202114Z,965,9
1516,20180114T202128Z,569,7
1517,20180114T202145Z,659,2
1518,20180114T202226Z,569,7
1519,20180114T202252Z,659,9
1520,20180114T202336Z,695,3
1521,20180114T202348Z,659,1
1522,20180114T202356Z,596,9
1523,20180114T202413Z,U,9
1524,20180114T202431Z,U,10
1525,20180114T202446Z,U,9
1526,20180114T202500Z,569,7
1527,20180114T202522Z,569,7
1528,20180114T202558Z,U,9
1529,20180114T202626Z,U,9
1530,20180114T202647Z,U,10
1531,20180114T202703Z,U,7
1532,20180114T202717Z,569,9
1533,20180114T202737Z,659,9
1534,20180114T202749Z,596,9
1535,20180114T202814Z,U,10
1536,20180114T202821Z,596,9
1537,20180114T202911Z,U,10
1538,20180114T202936Z,596,9
1539,20180114T203002Z,965,9
1540,20180114T203031Z,596,9
1541,20180114T203128Z,596,7
1542,20180114T203145Z,596,1
1543,20180114T203202Z,U,7
1544,20180114T203234Z,956,9
1545,20180114T203245Z,U,10
1546,20180114T203251Z,569,9
1547,20180114T203327Z,596,9
1548,20180114T203344Z,659,8
1549,20180114T203351Z,U,10
1550,20180114T203431Z,U,10
1551,20180114T203501Z,569,9
1552,20180114T203508Z,956,1
1553,20180114T203518Z,569,9
1554,20180114T203540Z,U,10
1555,20180114T203554Z,U,10
1556,20180114T203640Z,569,7
1557,20180114T203700Z,569,2
1558,20180114T203736Z,U,10
1559,20180114T203747Z,U,10
1560,20180114T203814Z,956,9
1561,20180114T203827Z,569,9
1562,20180114T203852Z,596,8
1563,20180114T203916Z,569,9
1564,20180114T203946Z,U,10
1565,20180114T204015Z,U,10
1566,20180114T204114Z,U,10
1567,20180114T204126Z,U,10
1568,20180114T204148Z,U,10
1569,20180114T204204Z,965,9
1570,20180114T204212Z,956,9
1571,20180114T204247Z,U,10
1572,20180114T204253Z,659,9
1573,20180114T204306Z,U,10
1574,20180114T204349Z,569,6
1575,20180114T204428Z,U,10
1576,20180114T204445Z,U,10
1577,20180114T204504Z,569,2
1578,20180114T204515Z,596,9
1579,20180114T204630Z,U,10
1580,20180114T204646Z,U,7
1581,20180114T204655Z,695,9
1582,20180114T204712Z,659,1
1583,20180114T204803Z,569,7
1584,20180114T204832Z,596,9
1585,20180114T204858Z,U,10
1586,20180114T204939Z,U,7
1587,20180114T204954Z,596,1
1588,20180114T205020Z,596,9
1589,20180114T205029Z,569,6
1590,20180114T205115Z,569,9
1591,20180114T205145Z,U,10
1592,20180114T205249Z,596,9
1593,20180114T205305Z,956,9
1594,20180114T205313Z,569,7
1595,20180114T205341Z,596,9
1596,20180114T205359Z,U,10
1597,20180114T205435Z,569,2
1598,20180114T205446Z,569,9
1599,20180114T205454Z,569,9
1600,20180114T205522Z,U,10
1601,20180114T205558Z,569,7
1602,20180114T205629Z,U,9
1603,20180114T205636Z,569,9
1604,20180114T205716Z,569,9
1605,20180114T205724Z,U,10
1606,20180114T205731Z,U,10
1607,20180114T205802Z,659,4
1608,20180114T205809Z,569,1
1609,20180114T205825Z,U,10
1610,20180114T205856Z,U,9
1611,20180114T205911Z,569,1
1612,20180114T205926Z,659,9
1613,20180114T205933Z,U,10
1614,20180114T205956Z,659,2
1615,20180114T210011Z,965,9
1616,20180114T210039Z,965,9
1617,20180114T210100Z,695,7
1618,20180114T210122Z,U,10
1619,20180114T210147Z,965,9
1620,20180114T210202Z,569,9
1621,20180114T210228Z,965,4
1622,20180114T210303Z,965,9
1623,20180114T210309Z,569,9
1624,20180114T210324Z,569,9
1625,20180114T210404Z,569,9
1626,20180114T210425Z,965,2
1627,20180114T210440Z,569,1
1628,20180114T210447Z,695,9
1629,20180114T210509Z,9,10
1630,20180114T210515Z,U,7
1631,20180114T210617Z,569,7
1632,20180114T210632Z,569,9
1633,20180114T210649Z,569,3
1634,20180114T210701Z,U,10
1635,20180114T210723Z,U,10
1636,20180114T210745Z,U,10
1637,20180114T210801Z,659,8
1638,20180114T210838Z,569,1
1639,20180114T210854Z,U,10
1640,20180114T210902Z,596,9
1641,20180114T210907Z,596,9
1642,20180114T210930Z,965,9
1643,20180114T210942Z,569,9
1644,20180114T211025Z,569,2
1645,20180114T211052Z,596,9
1646,20180114T211134Z,596,7
1647,20180114T211152Z,U,10
1648,20180114T211220Z,U,9
1649,20180114T211246Z,659,9
1650,20180114T211252Z,569,9
1651,20180114T211304Z,569,9
1652,20180114T211326Z,569,2
1653,20180114T211341Z,U,10
1654,20180114T211427Z,569,9
1655,20180114T211451Z,U,9
1656,20180114T211527Z,569,9
1657,20180114T211535Z,U,10
1658,20180114T211552Z,569,2
1659,20180114T211606Z,U,10
1660,20180114T211640Z,U,10
1661,20180114T211652Z,659,9
1662,20180114T211728Z,U,10
1663,20180114T211739Z,569,9
1664,20180114T211752Z,569,9
1665,20180114T211759Z,U,10
1666,20180114T211822Z,596,9
1667,20180114T211839Z,U,10
1668,20180114T211856Z,596,9
1669,20180114T211932Z,U,10
1670,20180114T211950Z,U,10
1671,20180114T212004Z,U,10
1672,20180114T212042Z,569,9
1673,20180114T212110Z,569,7
1674,20180114T212127Z,U,10
1675,20180114T212150Z,U,10
1676,20180114T212204Z,U,10
1677,20180114T212211Z,596,4
1678,20180114T212235Z,U,10
1679,20180114T212252Z,569,9
1680,20180114T212304Z,U,10
1681,20180114T212327Z,U,7
1682,20180114T212341Z,965,8
1683,20180114T212407Z,U,10
1684,20180114T212450Z,U,10
1685,20180114T212515Z,569,9
1686,20180114T212527Z,569,9
1687,20180114T212604Z,U,10
1688,20180114T212617Z,569,9
1689,20180114T212707Z,U,10
1690,20180114T212806Z,U,10
1691,20180114T212839Z,U,10
1692,20180114T212846Z,U,9
1693,20180114T212907Z,U,10
1694,20180114T212946Z,965,4
1695,20180114T213012Z,596,9
1696,20180114T213023Z,569,7
1697,20180114T213035Z,569,9
1698,20180114T213059Z,965,9
1699,20180114T213116Z,U,10
1700,20180114T213126Z,569,9
1701,20180114T213143Z,U,10
1702,20180114T213159Z,U,10
1703,20180114T213213Z,569,7
1704,20180114T213246Z,U,10
1705,20180114T213307Z,596,9
1706,20180114T213332Z,569,7
1707,20180114T213402Z,U,10
1708,20180114T213410Z,569,7
1709,20180114T213421Z,596,9
1710,20180114T213428Z,569,9
1711,20180114T213437Z,U,10
1712,20180114T213500Z,569,9
1713,20180114T213515Z,U,10
1714,20180114T213543Z,695,9
1715,20180114T213608Z,596,9
1716,20180114T213648Z,569,9
1717,20180114T213723Z,569,9
1718,20180114T213752Z,965,9
1719,20180114T213815Z,569,7
1720,20180114T213852Z,U,10
1721,20180114T213949Z,569,9
1722,20180114T214026Z,659,9
1723,20180114T214034Z,U,9
1724,20180114T214056Z,965,4
1725,20180114T214135Z,U,10
1726,20180114T214244Z,569,7
1727,20180114T214300Z,569,1
1728,20180114T214310Z,U,10
1729,20180114T214327Z,965,9
1730,20180114T214343Z,659,4
1731,20180114T214409Z,U,7
1732,20180114T214431Z,569,7
1733,20180114T214444Z,U,6
1734,20180114T214502Z,U,10
1735,20180114T214518Z,569,2
1736,20180114T214548Z,596,9
1737,20180114T214628Z,U,10
1738,20180114T214653Z,U,10
1739,20180114T214702Z,659,4
1740,20180114T214724Z,569,9
1741,20180114T214743Z,U,9
1742,20180114T214757Z,965,5
1743,20180114T214820Z,596,9
1744,20180114T214837Z,956,7
1745,20180114T214859Z,569,7
1746,20180114T214919Z,569,2
1747,20180114T214950Z,569,2
1748,20180114T215017Z,596,7
1749,20180114T215031Z,569,9
1750,20180114T215055Z,596,9
1751,20180114T215101Z,569,9
1752,20180114T215117Z,569,7
1753,20180114T215130Z,596,9
1754,20180114T215138Z,965,9
1755,20180114T215145Z,U,10
1756,20180114T215200Z,U,10
1757,20180114T215222Z,U,10
1758,20180114T215246Z,U,10
1759,20180114T215259Z,659,9
1760,20180114T215310Z,U,10
1761,20180114T215428Z,U,10
1762,20180114T215500Z,659,4
1763,20180114T215524Z,569,4
1764,20180114T215550Z,569,9
1765,20180114T215601Z,569,2
1766,20180114T215612Z,965,5
1767,20180114T215639Z,569,2
1768,20180114T215733Z,569,9
1769,20180114T215741Z,U,10
1770,20180114T215758Z,U,9
1771,20180114T215840Z,695,1
1772,20180114T215856Z,596,9
1773,20180114T215913Z,569,7
1774,20180114T215937Z,569,9
1775,20180114T215951Z,U,10
1776,20180114T220012Z,569,9
1777,20180114T220051Z,U,10
1778,20180114T220110Z,965,9
1779,20180114T220147Z,569,9
1780,20180114T220157Z,569,9
1781,20180114T220203Z,659,5
1782,20180114T220254Z,U,10
1783,20180114T220300Z,965,5
1784,20180114T220320Z,U,10
1785,20180114T220346Z,569,9
1786,20180114T220417Z,U,10
1787,20180114T220426Z,659,4
1788,20180114T220444Z,965,5
1789,20180114T220456Z,956,6
1790,20180114T220512Z,U,10
1791,20180114T220543Z,569,2
1792,20180114T220600Z,569,9
1793,20180114T220618Z,U,10
1794,20180114T220652Z,965,1
1795,20180114T220750Z,569,9
1796,20180114T220813Z,569,9
1797,20180114T220826Z,569,9
1798,20180114T220843Z,659,4
1799,20180114T220854Z,569,9
1800,20180114T220900Z,569,9
1801,20180114T220918Z,U,10
1802,20180114T220925Z,U,10
1803,20180114T220949Z,569,9
1804,20180114T221003Z,596,9
1805,20180114T221028Z,596,9
1806,20180114T221042Z,965,9
1807,20180114T221104Z,569,6
1808,20180114T221126Z,569,9
1809,20180114T221159Z,956,4
1810,20180114T221217Z,U,10
1811,20180114T221234Z,596,9
1812,20180114T221305Z,695,2
1813,20180114T221306Z,695,2
1814,20180114T221330Z,U,10
1815,20180114T221344Z,956,9
1816,20180114T221359Z,569,9
1817,20180114T221418Z,569,1
1818,20180114T221432Z,U,10
1819,20180114T221444Z,596,9
1820,20180114T221453Z,U,10
1821,20180114T221511Z,956,9
1822,20180114T221557Z,965,5
1823,20180114T221612Z,U,10
1824,20180114T221631Z,956,6
1825,20180114T221648Z,965,9
1826,20180114T221713Z,956,6
1827,20180114T221747Z,569,1
1828,20180114T221758Z,569,9
1829,20180114T221807Z,U,10
1830,20180114T221837Z,569,9
1831,20180114T221904Z,695,9
1832,20180114T221926Z,U,10
1833,20180114T222023Z,965,9
1834,20180114T222031Z,965,5
1835,20180114T222106Z,965,3
1836,20180114T222118Z,569,1
1837,20180114T222124Z,569,9
1838,20180114T222140Z,659,1
1839,20180114T222159Z,569,7
1840,20180114T222223Z,569,7
1841,20180114T222347Z,U,10
1842,20180114T222357Z,965,4
1843,20180114T222434Z,U,10
1844,20180114T222447Z,596,8
1845,20180114T222526Z,U,10
1846,20180114T222551Z,U,10
1847,20180114T222557Z,659,9
1848,20180114T222617Z,965,1
1849,20180114T222629Z,569,9
1850,20180114T222641Z,596,9
1851,20180114T222718Z,569,1
1852,20180114T222732Z,U,10
1853,20180114T222847Z,569,9
1854,20180114T222859Z,U,10
1855,20180114T222916Z,U,10
1856,20180114T222947Z,U,10
1857,20180114T222955Z,659,9
1858,20180114T223007Z,U,10
1859,20180114T223044Z,U,10
1860,20180114T223056Z,659,4
1861,20180114T223132Z,569,9
1862,20180114T223241Z,569,6
1863,20180114T223303Z,659,4
1864,20180114T223419Z,569,7
1865,20180114T223438Z,569,7
1866,20180114T223458Z,U,10
1867,20180114T223513Z,569,9
1868,20180114T223536Z,569,7
1869,20180114T223632Z,U,10
1870,20180114T223710Z,965,5
1871,20180114T223738Z,569,9
1872,20180114T223811Z,965,4
1873,20180114T223830Z,569,9
1874,20180114T223844Z,9,9
1875,20180114T223905Z,596,7
1876,20180114T223914Z,596,6
1877,20180114T223933Z,569,9
1878,20180114T224025Z,956,9
1879,20180114T224039Z,965,5
1880,20180114T224105Z,569,9
1881,20180114T224122Z,569,9
1882,20180114T224200Z,569,9
1883,20180114T224213Z,596,9
1884,20180114T224226Z,569,2
1885,20180114T224305Z,695,9
1886,20180114T224313Z,569,6
1887,20180114T224336Z,956,7
1888,20180114T224411Z,U,10
1889,20180114T224428Z,965,9
1890,20180114T224455Z,695,3
1891,20180114T224541Z,596,7
1892,20180114T224611Z,965,9
1893,20180114T224638Z,U,10
1894,20180114T224646Z,659,9
1895,20180114T224802Z,965,9
1896,20180114T224840Z,659,2
1897,20180114T224917Z,U,10
1898,20180114T224922Z,U,7
1899,20180114T224932Z,596,9
1900,20180114T224948Z,U,7
1901,20180114T225003Z,659,9
1902,20180114T225009Z,569,9
1903,20180114T225019Z,596,1
1904,20180114T225046Z,U,10
1905,20180114T225102Z,659,9
1906,20180114T225109Z,965,8
1907,20180114T225121Z,569,9
1908,20180114T225145Z,965,9
1909,20180114T225220Z,569,9
1910,20180114T225256Z,569,1
1911,20180114T225318Z,569,9
1912,20180114T225330Z,596,9
1913,20180114T225403Z,569,9
1914,20180114T225415Z,965,9
1915,20180114T225448Z,965,9
1916,20180114T225459Z,569,1
1917,20180114T225508Z,U,10
1918,20180114T225547Z,659,9
1919,20180114T225558Z,596,9
1920,20180114T225609Z,569,9
1921,20180114T225628Z,695,9
1922,20180114T225637Z,U,10
1923,20180114T225650Z,659,8
1924,20180114T225704Z,569,9
1925,20180114T225716Z,695,9
1926,20180114T225729Z,695,4
1927,20180114T225735Z,U,10
1928,20180114T225757Z,569,9
1929,20180114T225806Z,569,9
1930,20180114T225834Z,695,9
1931,20180114T225930Z,U,10
1932,20180114T225952Z,569,7
1933,20180114T230005Z,569,8
1934,20180114T230024Z,U,10
1935,20180114T230042Z,596,1
1936,20180114T230114Z,659,4
1937,20180114T230137Z,U,9
1938,20180114T230148Z,U,10
1939,20180114T230213Z,659,1
1940,20180114T230248Z,U,10
1941,20180114T230302Z,U,10
1942,20180114T230313Z,965,5
1943,20180114T230359Z,U,10
1944,20180114T230419Z,965,5
1945,20180114T230438Z,569,9
1946,20180114T230459Z,596,1
1947,20180114T230516Z,569,9
1948,20180114T230525Z,569,8
1949,20180114T230654Z,569,9
1950,20180114T230703Z,569,9
1951,20180114T230736Z,569,9
1952,20180114T230745Z,569,9
1953,20180114T230803Z,569,9
1954,20180114T230817Z,569,9
1955,20180114T230830Z,659',9
1956,20180114T230907Z,965,9
1957,20180114T230928Z,695,9
1958,20180114T230937Z,695,9
1959,20180114T231008Z,596,9
1960,20180114T231016Z,569,9
1961,20180114T231028Z,569,9
1962,20180114T231046Z,965,9
1963,20180114T231112Z,659,9
1964,20180114T231146Z,965,2
1965,20180114T231206Z,U,10
1966,20180114T231301Z,569,2
1967,20180114T231323Z,569,2
1968,20180114T231331Z,569,1
1969,20180114T231404Z,U,10
1970,20180114T231431Z,596,9
1971,20180114T231446Z,695,7
1972,20180114T231459Z,965,9
1973,20180114T231528Z,569,9
1974,20180114T231545Z,569,9
1975,20180114T231609Z,U,10
1976,20180114T231621Z,569,1
1977,20180114T231633Z,965,5
1978,20180114T231652Z,569,9
1979,20180114T231711Z,569,4
1980,20180114T231727Z,U,10
1981,20180114T231739Z,956,9
1982,20180114T231748Z,965,9
1983,20180114T231803Z,569,9
1984,20180114T231811Z,569,6
1985,20180114T231839Z,965,9
1986,20180114T231851Z,596,9
1987,20180114T231858Z,965,9
1988,20180114T231907Z,569,7
1989,20180114T231917Z,569,9
1990,20180114T231926Z,569,9
1991,20180114T231943Z,695,5
1992,20180114T232001Z,965,9
1993,20180114T232044Z,U,10
1994,20180114T232121Z,U,10
1995,20180114T232215Z,695,4
1996,20180114T232253Z,569,1
1997,20180114T232302Z,U,10
1998,20180114T232321Z,569,1
1999,20180114T232333Z,965,5
2000,20180114T232418Z,569,9
2001,20180114T232427Z,965,9
2002,20180114T232436Z,965,9
2003,20180114T232446Z,659,2
2004,20180114T232501Z,596,9
2005,20180114T232522Z,U,10
2006,20180114T232609Z,U,9
2007,20180114T232632Z,695,4
2008,20180114T232656Z,U,10
2009,20180114T232702Z,659,1
2010,20180114T232709Z,U,10
2011,20180114T232735Z,965,2
2012,20180114T232758Z,U,10
2013,20180114T232824Z,569,9
2014,20180114T232847Z,569,8
2015,20180114T232856Z,U,10
2016,20180114T232916Z,596,9
2017,20180114T232927Z,569,9
2018,20180114T232939Z,659,9
2019,20180114T232954Z,U,10
2020,20180114T233023Z,569,9
2021,20180114T233049Z,U,10
2022,20180114T233059Z,965,5
2023,20180114T233129Z,659,9
2024,20180114T233223Z,596,9
2025,20180114T233326Z,U,10
2026,20180114T233347Z,569,7
2027,20180114T233409Z,596,2
2028,20180114T233422Z,596,2
2029,20180114T233432Z,569,9
2030,20180114T233500Z,596,9
2031,20180114T233508Z,965,9
2032,20180114T233525Z,596,9
2033,20180114T233558Z,569,2
2034,20180114T233616Z,569,9
2035,20180114T233630Z,U,10
2036,20180114T233642Z,569,9
2037,20180114T233651Z,596,9
2038,20180114T233658Z,569,9
2039,20180114T233740Z,569,2
2040,20180114T233807Z,U,10
2041,20180114T233831Z,U,10
2042,20180114T233900Z,U,10
2043,20180114T233917Z,U,10
2044,20180114T233941Z,569,9
2045,20180114T234018Z,Z,9
2046,20180114T234033Z,U,10
2047,20180114T234104Z,Z,9
2048,20180114T234126Z,U,10
2049,20180114T234131Z,U,10
2050,20180114T234203Z,569,9
2051,20180114T234247Z,569,7
2052,20180114T234314Z,U,10
2053,20180114T234325Z,965,9
2054,20180114T234358Z,U,10
2055,20180114T234419Z,U,10
2056,20180114T234459Z,965,5
2057,20180114T234533Z,U,10
2058,20180114T234631Z,965,9
2059,20180114T234648Z,965,9
2060,20180114T234653Z,569,4
2061,20180114T234720Z,695,9
2062,20180114T234805Z,569,9
2063,20180114T234844Z,U,10
2064,20180114T234856Z,695,1
2065,20180114T234920Z,U,10
2066,20180114T234955Z,596,1
2067,20180114T235002Z,965,9
2068,20180114T235027Z,U,10
2069,20180114T235034Z,965,5
2070,20180114T235053Z,695,9
2071,20180114T235115Z,U,10
2072,20180114T235123Z,569,9
2073,20180114T235135Z,965,5
2074,20180114T235204Z,569,9
2075,20180114T235212Z,U,9
2076,20180114T235219Z,569,1
2077,20180114T235230Z,569,7
2078,20180114T235258Z,965,9
2079,20180114T235314Z,569,9
2080,20180114T235330Z,596,6
2081,20180114T235437Z,U,10
2082,20180114T235451Z,659,9
2083,20180114T235518Z,U,10
2084,20180114T235525Z,U,10
2085,20180114T235533Z,695,9
2086,20180114T235610Z,965,5
2087,20180114T235625Z,965,9
2088,20180114T235633Z,965,9
2089,20180114T235717Z,U,10
2090,20180114T235727Z,U,10
2091,20180114T235744Z,U,10
2092,20180114T235756Z,965,9
2093,20180114T235828Z,596,9
2094,20180114T235844Z,569,7
2095,20180114T235906Z,U,10
2096,20180114T235922Z,956,9
2097,20180114T235931Z,U,10
