,event_id,stations,network_time,ref_time,ref_duration,group
0,20180125T000053Z,"['2A.BBS06.', '2A.BBS05.']",0.6419883985219884,2018-01-25T00:00:53.359006Z,1.001988,0
1,20180125T000110Z,"['2A.BBS06.', '2A.BBS05.']",0.6419883985219884,2018-01-25T00:01:10.359006Z,0.951988,0
2,20180125T000231Z,"['2A.BBS06.', '2A.BBS05.']",0.6419883985219884,2018-01-25T00:02:31.609005Z,1.001989,0
3,20180125T000318Z,"['2A.BBS06.', '2A.BBS05.']",0.6419883985219884,2018-01-25T00:03:18.719006Z,1.921989,0
4,20180125T000326Z,"['2A.BBS05.', '2A.BBS06.']",0.6419883985219884,2018-01-25T00:03:26.019006Z,0.211989,0
5,20180125T000748Z,"['2A.BBS06.', '2A.BBS05.']",0.6419883985219884,2018-01-25T00:07:48.259006Z,0.791988,0
6,20180125T001016Z,"['2A.BBS06.', '2A.BBS05.']",0.6419883985219884,2018-01-25T00:10:16.549006Z,1.251988,0
7,20180125T001327Z,"['2A.BBS06.', '2A.BBS05.']",0.6419883985219884,2018-01-25T00:13:27.409005Z,1.321989,0
8,20180125T001537Z,"['2A.BBS06.', '2A.BBS05.']",0.6419883985219884,2018-01-25T00:15:37.399006Z,2.061989,0
9,20180125T001605Z,"['2A.BBS05.', '2A.BBS06.']",0.6419883985219884,2018-01-25T00:16:05.969006Z,0.341989,0
10,20180125T001834Z,"['2A.BBS06.', '2A.BBS05.']",0.6419883985219884,2018-01-25T00:18:34.979006Z,0.801989,0
11,20180125T002012Z,"['2A.BBS06.', '2A.BBS05.']",0.6419883985219884,2018-01-25T00:20:12.059006Z,1.301988,0
12,20180125T002044Z,"['2A.BBS06.', '2A.BBS05.']",0.6419883985219884,2018-01-25T00:20:44.509006Z,1.841989,0
13,20180125T002121Z,"['2A.BBS06.', '2A.BBS05.']",0.6419883985219884,2018-01-25T00:21:21.389006Z,1.061988,0
14,20180125T002133Z,"['2A.BBS06.', '2A.BBS05.']",0.6419883985219884,2018-01-25T00:21:33.489006Z,0.601988,0
15,20180125T002330Z,"['2A.BBS06.', '2A.BBS05.']",0.6419883985219884,2018-01-25T00:23:30.469006Z,0.801988,0
16,20180125T002416Z,"['2A.BBS06.', '2A.BBS05.']",0.6419883985219884,2018-01-25T00:24:16.569005Z,0.801989,0
17,20180125T002600Z,"['2A.BBS05.', '2A.BBS06.']",0.6419883985219884,2018-01-25T00:26:00.559006Z,1.101988,0
18,20180125T002845Z,"['2A.BBS06.', '2A.BBS05.']",0.6419883985219884,2018-01-25T00:28:45.819006Z,0.741988,0
19,20180125T002944Z,"['2A.BBS06.', '2A.BBS05.']",0.6419883985219884,2018-01-25T00:29:44.819006Z,7.771988,0
20,20180125T003007Z,"['2A.BBS06.', '2A.BBS05.']",0.6419883985219884,2018-01-25T00:30:07.309006Z,1.081989,0
21,20180125T003302Z,"['2A.BBS06.', '2A.BBS05.']",0.6419883985219884,2018-01-25T00:33:02.929005Z,1.201989,0
22,20180125T003324Z,"['2A.BBS06.', '2A.BBS05.']",0.6419883985219884,2018-01-25T00:33:24.879006Z,1.101988,0
23,20180125T003831Z,"['2A.BBS06.', '2A.BBS05.']",0.6419883985219884,2018-01-25T00:38:31.089005Z,0.981989,0
24,20180125T003905Z,"['2A.BBS06.', '2A.BBS05.']",0.6419883985219884,2018-01-25T00:39:05.129005Z,1.571989,0
25,20180125T004110Z,"['2A.BBS06.', '2A.BBS05.']",0.6419883985219884,2018-01-25T00:41:10.529005Z,0.811989,0
26,20180125T004216Z,"['2A.BBS06.', '2A.BBS05.']",0.6419883985219884,2018-01-25T00:42:16.239006Z,11.701989,0
27,20180125T004856Z,"['2A.BBS06.', '2A.BBS05.']",0.6419883985219884,2018-01-25T00:48:56.259006Z,0.981989,0
28,20180125T005511Z,"['2A.BBS06.', '2A.BBS05.']",0.6419883985219884,2018-01-25T00:55:11.589006Z,1.191988,0
29,20180125T005848Z,"['2A.BBS06.', '2A.BBS05.']",0.6419883985219884,2018-01-25T00:58:48.699006Z,0.941989,0
30,20180125T010009Z,"['2A.BBS06.', '2A.BBS05.']",0.6419883985219884,2018-01-25T01:00:09.099006Z,1.271988,0
31,20180125T011115Z,"['2A.BBS06.', '2A.BBS05.']",0.6419883985219884,2018-01-25T01:11:15.909006Z,2.451988,0
32,20180125T011240Z,"['2A.BBS06.', '2A.BBS05.']",0.6419883985219884,2018-01-25T01:12:40.879006Z,1.011988,0
33,20180125T011409Z,"['2A.BBS06.', '2A.BBS05.']",0.6419883985219884,2018-01-25T01:14:09.609005Z,1.491989,0
34,20180125T011832Z,"['2A.BBS06.', '2A.BBS05.']",0.6419883985219884,2018-01-25T01:18:32.859006Z,1.341988,0
35,20180125T012124Z,"['2A.BBS06.', '2A.BBS05.']",0.6419883985219884,2018-01-25T01:21:24.209006Z,2.191988,0
36,20180125T012650Z,"['2A.BBS06.', '2A.BBS05.']",0.6419883985219884,2018-01-25T01:26:50.539006Z,0.761989,0
37,20180125T013541Z,"['2A.BBS06.', '2A.BBS05.']",0.6419883985219884,2018-01-25T01:35:41.839006Z,1.271988,0
38,20180125T013634Z,"['2A.BBS06.', '2A.BBS05.']",0.6419883985219884,2018-01-25T01:36:34.219006Z,1.421989,0
39,20180125T013657Z,"['2A.BBS06.', '2A.BBS05.']",0.6419883985219884,2018-01-25T01:36:57.759006Z,0.911989,0
40,20180125T013854Z,"['2A.BBS05.', '2A.BBS06.']",0.6419883985219884,2018-01-25T01:38:54.329005Z,0.661989,0
41,20180125T014028Z,"['2A.BBS06.', '2A.BBS05.']",0.6419883985219884,2018-01-25T01:40:28.159006Z,1.241989,0
42,20180125T014106Z,"['2A.BBS06.', '2A.BBS05.']",0.6419883985219884,2018-01-25T01:41:06.549006Z,1.951988,0
43,20180125T015042Z,"['2A.BBS06.', '2A.BBS05.']",0.6419883985219884,2018-01-25T01:50:42.659006Z,4.511988,0
44,20180125T015148Z,"['2A.BBS06.', '2A.BBS05.']",0.6419883985219884,2018-01-25T01:51:48.819006Z,0.771988,0
45,20180125T015414Z,"['2A.BBS06.', '2A.BBS05.']",0.6419883985219884,2018-01-25T01:54:14.349006Z,0.831988,0
46,20180125T020025Z,"['2A.BBS06.', '2A.BBS05.']",0.6419883985219884,2018-01-25T02:00:25.149006Z,2.161989,0
47,20180125T021227Z,"['2A.BBS06.', '2A.BBS05.']",0.6419883985219884,2018-01-25T02:12:27.059006Z,1.171988,0
48,20180125T021840Z,"['2A.BBS06.', '2A.BBS05.']",0.6419883985219884,2018-01-25T02:18:40.639006Z,7.731988,0
49,20180125T023717Z,"['2A.BBS06.', '2A.BBS05.']",0.6419883985219884,2018-01-25T02:37:17.149006Z,1.411988,0
50,20180125T024217Z,"['2A.BBS06.', '2A.BBS05.']",0.6419883985219884,2018-01-25T02:42:17.709006Z,1.661988,0
51,20180125T025046Z,"['2A.BBS05.', '2A.BBS06.']",0.6419883985219884,2018-01-25T02:50:46.729006Z,0.701989,0
52,20180125T030756Z,"['2A.BBS06.', '2A.BBS05.']",0.6419883985219884,2018-01-25T03:07:56.019006Z,1.761989,0
53,20180125T030943Z,"['2A.BBS06.', '2A.BBS05.']",0.6419883985219884,2018-01-25T03:09:43.459006Z,2.191988,0
54,20180125T032834Z,"['2A.BBS06.', '2A.BBS05.']",0.6419883985219884,2018-01-25T03:28:34.569005Z,7.211989,0
55,20180125T033941Z,"['2A.BBS06.', '2A.BBS05.']",0.6419883985219884,2018-01-25T03:39:41.999006Z,1.581989,0
56,20180125T034746Z,"['2A.BBS06.', '2A.BBS05.']",0.6419883985219884,2018-01-25T03:47:46.419006Z,2.201989,0
57,20180125T040835Z,"['2A.BBS05.', '2A.BBS06.']",0.6419883985219884,2018-01-25T04:08:35.339006Z,1.121988,0
58,20180125T043257Z,"['2A.BBS05.', '2A.BBS06.']",0.6419883985219884,2018-01-25T04:32:57.439006Z,2.021989,0
59,20180125T044725Z,"['2A.BBS06.', '2A.BBS05.']",0.6419883985219884,2018-01-25T04:47:25.899006Z,1.121989,0
60,20180125T050056Z,"['2A.BBS06.', '2A.BBS05.']",0.6419883985219884,2018-01-25T05:00:56.409005Z,1.091989,0
61,20180125T050442Z,"['2A.BBS06.', '2A.BBS05.']",0.6419883985219884,2018-01-25T05:04:42.449006Z,2.681988,0
62,20180125T052406Z,"['2A.BBS06.', '2A.BBS05.']",0.6419883985219884,2018-01-25T05:24:06.699006Z,0.951988,0
63,20180125T070447Z,"['2A.BBS06.', '2A.BBS05.']",0.6419883985219884,2018-01-25T07:04:47.679006Z,0.921989,0
64,20180125T070507Z,"['2A.BBS05.', '2A.BBS06.']",0.6419883985219884,2018-01-25T07:05:07.839006Z,4.541988,0
65,20180125T070658Z,"['2A.BBS05.', '2A.BBS06.']",0.6419883985219884,2018-01-25T07:06:58.819006Z,1.891988,0
66,20180125T081518Z,"['2A.BBS05.', '2A.BBS06.']",0.6419883985219884,2018-01-25T08:15:18.519006Z,0.481989,0
67,20180125T082446Z,"['2A.BBS05.', '2A.BBS06.']",0.6419883985219884,2018-01-25T08:24:46.499006Z,0.701989,0
68,20180125T082718Z,"['2A.BBS06.', '2A.BBS05.']",0.6419883985219884,2018-01-25T08:27:18.179006Z,1.311988,0
69,20180125T085029Z,"['2A.BBS06.', '2A.BBS05.']",0.6419883985219884,2018-01-25T08:50:29.679006Z,1.021989,0
70,20180125T092347Z,"['2A.BBS06.', '2A.BBS05.']",0.6419883985219884,2018-01-25T09:23:47.919006Z,6.391989,0
71,20180125T095015Z,"['2A.BBS06.', '2A.BBS05.']",0.6419883985219884,2018-01-25T09:50:15.309006Z,1.111988,0
72,20180125T100934Z,"['2A.BBS05.', '2A.BBS06.']",0.6419883985219884,2018-01-25T10:09:34.099006Z,0.331988,0
73,20180125T101511Z,"['2A.BBS05.', '2A.BBS06.']",0.6419883985219884,2018-01-25T10:15:11.819006Z,0.561988,0
74,20180125T102616Z,"['2A.BBS06.', '2A.BBS05.']",0.6419883985219884,2018-01-25T10:26:16.509006Z,10.961989,0
75,20180125T105112Z,"['2A.BBS05.', '2A.BBS06.']",0.6419883985219884,2018-01-25T10:51:12.499006Z,0.201989,0
76,20180125T120025Z,"['2A.BBS06.', '2A.BBS05.']",0.6419883985219884,2018-01-25T12:00:25.769006Z,5.301989,0
77,20180125T124204Z,"['2A.BBS05.', '2A.BBS06.']",0.6419883985219884,2018-01-25T12:42:04.119006Z,0.831988,0
78,20180125T131020Z,"['2A.BBS05.', '2A.BBS06.']",0.6419883985219884,2018-01-25T13:10:20.539006Z,0.401989,0
79,20180125T131449Z,"['2A.BBS05.', '2A.BBS06.']",0.6419883985219884,2018-01-25T13:14:49.739006Z,0.771989,0
80,20180125T132547Z,"['2A.BBS06.', '2A.BBS05.']",0.6419883985219884,2018-01-25T13:25:47.249006Z,1.371988,0
81,20180125T141449Z,"['2A.BBS05.', '2A.BBS06.']",0.6419883985219884,2018-01-25T14:14:49.639006Z,0.141988,0
82,20180125T143542Z,"['2A.BBS06.', '2A.BBS05.']",0.6419883985219884,2018-01-25T14:35:42.419006Z,13.281989,0
83,20180125T144648Z,"['2A.BBS06.', '2A.BBS05.']",0.6419883985219884,2018-01-25T14:46:48.499006Z,2.181989,0
84,20180125T150422Z,"['2A.BBS06.', '2A.BBS05.']",0.6419883985219884,2018-01-25T15:04:22.079006Z,0.361988,0
85,20180125T151018Z,"['2A.BBS05.', '2A.BBS06.']",0.6419883985219884,2018-01-25T15:10:18.609005Z,0.221989,0
86,20180125T152855Z,"['2A.BBS06.', '2A.BBS05.']",0.6419883985219884,2018-01-25T15:28:55.449006Z,1.481988,0
87,20180125T153234Z,"['2A.BBS06.', '2A.BBS05.']",0.6419883985219884,2018-01-25T15:32:34.869006Z,5.251988,0
88,20180125T154859Z,"['2A.BBS06.', '2A.BBS05.']",0.6419883985219884,2018-01-25T15:48:59.299006Z,1.221989,0
89,20180125T154925Z,"['2A.BBS06.', '2A.BBS05.']",0.6419883985219884,2018-01-25T15:49:25.539006Z,0.371989,0
90,20180125T155001Z,"['2A.BBS06.', '2A.BBS05.']",0.6419883985219884,2018-01-25T15:50:01.199006Z,0.911989,0
91,20180125T160033Z,"['2A.BBS06.', '2A.BBS05.']",0.6419883985219884,2018-01-25T16:00:33.109006Z,1.931988,0
92,20180125T160317Z,"['2A.BBS06.', '2A.BBS05.']",0.6419883985219884,2018-01-25T16:03:17.159006Z,4.751989,0
93,20180125T161538Z,"['2A.BBS05.', '2A.BBS06.']",0.6419883985219884,2018-01-25T16:15:38.249006Z,0.751988,0
94,20180125T162605Z,"['2A.BBS06.', '2A.BBS05.']",0.6419883985219884,2018-01-25T16:26:05.369005Z,1.631989,0
95,20180125T173223Z,"['2A.BBS06.', '2A.BBS05.']",0.6419883985219884,2018-01-25T17:32:23.809005Z,5.301989,0
96,20180125T174528Z,"['2A.BBS06.', '2A.BBS05.']",0.6419883985219884,2018-01-25T17:45:28.089005Z,1.251989,0
97,20180125T175845Z,"['2A.BBS06.', '2A.BBS05.']",0.6419883985219884,2018-01-25T17:58:45.749006Z,1.081988,0
98,20180125T184957Z,"['2A.BBS06.', '2A.BBS05.']",0.6419883985219884,2018-01-25T18:49:57.039006Z,1.391989,0
99,20180125T185302Z,"['2A.BBS06.', '2A.BBS05.']",0.6419883985219884,2018-01-25T18:53:02.449006Z,5.491988,0
100,20180125T193038Z,"['2A.BBS06.', '2A.BBS05.']",0.6419883985219884,2018-01-25T19:30:38.909006Z,1.031988,0
101,20180125T194001Z,"['2A.BBS06.', '2A.BBS05.']",0.6419883985219884,2018-01-25T19:40:01.949006Z,3.441988,0
102,20180125T195507Z,"['2A.BBS06.', '2A.BBS05.']",0.6419883985219884,2018-01-25T19:55:07.849005Z,4.051989,0
103,20180125T200343Z,"['2A.BBS06.', '2A.BBS05.']",0.6419883985219884,2018-01-25T20:03:43.589006Z,7.261988,0
104,20180125T200701Z,"['2A.BBS06.', '2A.BBS05.']",0.6419883985219884,2018-01-25T20:07:01.769006Z,4.191988,0
105,20180125T201613Z,"['2A.BBS06.', '2A.BBS05.']",0.6419883985219884,2018-01-25T20:16:13.469006Z,9.351988,0
106,20180125T201725Z,"['2A.BBS06.', '2A.BBS05.']",0.6419883985219884,2018-01-25T20:17:25.279006Z,1.461989,0
107,20180125T202022Z,"['2A.BBS06.', '2A.BBS05.']",0.6419883985219884,2018-01-25T20:20:22.499006Z,0.891989,0
108,20180125T202249Z,"['2A.BBS06.', '2A.BBS05.']",0.6419883985219884,2018-01-25T20:22:49.389006Z,3.371988,0
109,20180125T202329Z,"['2A.BBS06.', '2A.BBS05.']",0.6419883985219884,2018-01-25T20:23:29.639006Z,2.421988,0
110,20180125T202432Z,"['2A.BBS06.', '2A.BBS05.']",0.6419883985219884,2018-01-25T20:24:32.929005Z,1.201989,0
111,20180125T202713Z,"['2A.BBS06.', '2A.BBS05.']",0.6419883985219884,2018-01-25T20:27:13.379006Z,1.651988,0
112,20180125T202918Z,"['2A.BBS06.', '2A.BBS05.']",0.6419883985219884,2018-01-25T20:29:18.339006Z,3.531988,0
113,20180125T202948Z,"['2A.BBS06.', '2A.BBS05.']",0.6419883985219884,2018-01-25T20:29:48.449006Z,2.201988,0
114,20180125T203112Z,"['2A.BBS06.', '2A.BBS05.']",0.6419883985219884,2018-01-25T20:31:12.179006Z,7.841989,0
115,20180125T203235Z,"['2A.BBS06.', '2A.BBS05.']",0.6419883985219884,2018-01-25T20:32:35.019006Z,7.481989,0
116,20180125T203301Z,"['2A.BBS05.', '2A.BBS06.']",0.6419883985219884,2018-01-25T20:33:01.459006Z,0.361989,0
117,20180125T203701Z,"['2A.BBS06.', '2A.BBS05.']",0.6419883985219884,2018-01-25T20:37:01.569005Z,4.771989,0
118,20180125T204136Z,"['2A.BBS06.', '2A.BBS05.']",0.6419883985219884,2018-01-25T20:41:36.909006Z,1.941988,0
119,20180125T204238Z,"['2A.BBS06.', '2A.BBS05.']",0.6419883985219884,2018-01-25T20:42:38.129005Z,1.401989,0
120,20180125T204346Z,"['2A.BBS06.', '2A.BBS05.']",0.6419883985219884,2018-01-25T20:43:46.639006Z,0.961988,0
121,20180125T204442Z,"['2A.BBS06.', '2A.BBS05.']",0.6419883985219884,2018-01-25T20:44:42.849005Z,3.061989,0
122,20180125T204538Z,"['2A.BBS06.', '2A.BBS05.']",0.6419883985219884,2018-01-25T20:45:38.099006Z,0.811988,0
123,20180125T204603Z,"['2A.BBS06.', '2A.BBS05.']",0.6419883985219884,2018-01-25T20:46:03.459006Z,0.971989,0
124,20180125T204630Z,"['2A.BBS06.', '2A.BBS05.']",0.6419883985219884,2018-01-25T20:46:30.099006Z,1.021988,0
125,20180125T204721Z,"['2A.BBS06.', '2A.BBS05.']",0.6419883985219884,2018-01-25T20:47:21.149006Z,0.511988,0
126,20180125T204800Z,"['2A.BBS06.', '2A.BBS05.']",0.6419883985219884,2018-01-25T20:48:00.239006Z,1.141989,0
127,20180125T204904Z,"['2A.BBS05.', '2A.BBS06.']",0.6419883985219884,2018-01-25T20:49:04.989006Z,14.721988,0
128,20180125T205032Z,"['2A.BBS06.', '2A.BBS05.']",0.6419883985219884,2018-01-25T20:50:32.689006Z,0.921988,0
129,20180125T205228Z,"['2A.BBS06.', '2A.BBS05.']",0.6419883985219884,2018-01-25T20:52:28.029006Z,1.811988,0
130,20180125T205247Z,"['2A.BBS06.', '2A.BBS05.']",0.6419883985219884,2018-01-25T20:52:47.909006Z,0.751988,0
131,20180125T205337Z,"['2A.BBS06.', '2A.BBS05.']",0.6419883985219884,2018-01-25T20:53:37.689006Z,1.331988,0
132,20180125T205443Z,"['2A.BBS06.', '2A.BBS05.']",0.6419883985219884,2018-01-25T20:54:43.389006Z,1.681989,0
133,20180125T205522Z,"['2A.BBS05.', '2A.BBS06.']",0.6419883985219884,2018-01-25T20:55:22.229006Z,1.571988,0
134,20180125T205539Z,"['2A.BBS06.', '2A.BBS05.']",0.6419883985219884,2018-01-25T20:55:39.149006Z,0.781988,0
135,20180125T205553Z,"['2A.BBS06.', '2A.BBS05.']",0.6419883985219884,2018-01-25T20:55:53.139006Z,1.191988,0
136,20180125T205642Z,"['2A.BBS06.', '2A.BBS05.']",0.6419883985219884,2018-01-25T20:56:42.829006Z,3.761989,0
137,20180125T205706Z,"['2A.BBS06.', '2A.BBS05.']",0.6419883985219884,2018-01-25T20:57:06.399006Z,1.251988,0
138,20180125T205859Z,"['2A.BBS06.', '2A.BBS05.']",0.6419883985219884,2018-01-25T20:58:59.459006Z,0.881989,0
139,20180125T205919Z,"['2A.BBS06.', '2A.BBS05.']",0.6419883985219884,2018-01-25T20:59:19.549006Z,0.971988,0
140,20180125T210017Z,"['2A.BBS06.', '2A.BBS05.']",0.6419883985219884,2018-01-25T21:00:17.159006Z,2.381989,0
141,20180125T210039Z,"['2A.BBS06.', '2A.BBS05.']",0.6419883985219884,2018-01-25T21:00:39.599006Z,13.971988,0
142,20180125T210106Z,"['2A.BBS06.', '2A.BBS05.']",0.6419883985219884,2018-01-25T21:01:06.879006Z,0.871988,0
143,20180125T210214Z,"['2A.BBS06.', '2A.BBS05.']",0.6419883985219884,2018-01-25T21:02:14.529005Z,13.031989,0
144,20180125T210247Z,"['2A.BBS06.', '2A.BBS05.']",0.6419883985219884,2018-01-25T21:02:47.389006Z,1.251988,0
145,20180125T210254Z,"['2A.BBS06.', '2A.BBS05.']",0.6419883985219884,2018-01-25T21:02:54.369005Z,1.041989,0
146,20180125T210317Z,"['2A.BBS06.', '2A.BBS05.']",0.6419883985219884,2018-01-25T21:03:17.829006Z,1.121989,0
147,20180125T210344Z,"['2A.BBS06.', '2A.BBS05.']",0.6419883985219884,2018-01-25T21:03:44.399006Z,2.341989,0
148,20180125T210514Z,"['2A.BBS06.', '2A.BBS05.']",0.6419883985219884,2018-01-25T21:05:14.789006Z,3.141988,0
149,20180125T210531Z,"['2A.BBS06.', '2A.BBS05.']",0.6419883985219884,2018-01-25T21:05:31.199006Z,3.181989,0
150,20180125T210546Z,"['2A.BBS06.', '2A.BBS05.']",0.6419883985219884,2018-01-25T21:05:46.019006Z,0.731989,0
151,20180125T210722Z,"['2A.BBS06.', '2A.BBS05.']",0.6419883985219884,2018-01-25T21:07:22.539006Z,1.251989,0
152,20180125T210933Z,"['2A.BBS06.', '2A.BBS05.']",0.6419883985219884,2018-01-25T21:09:33.379006Z,2.251988,0
153,20180125T211048Z,"['2A.BBS06.', '2A.BBS05.']",0.6419883985219884,2018-01-25T21:10:48.519006Z,17.871989,0
154,20180125T211136Z,"['2A.BBS05.', '2A.BBS06.']",0.6419883985219884,2018-01-25T21:11:36.959006Z,0.221989,0
155,20180125T211238Z,"['2A.BBS06.', '2A.BBS05.']",0.6419883985219884,2018-01-25T21:12:38.899006Z,10.521989,0
156,20180125T211314Z,"['2A.BBS06.', '2A.BBS05.']",0.6419883985219884,2018-01-25T21:13:14.329005Z,0.691989,0
157,20180125T211330Z,"['2A.BBS05.', '2A.BBS06.']",0.6419883985219884,2018-01-25T21:13:30.539006Z,0.331989,0
158,20180125T211404Z,"['2A.BBS05.', '2A.BBS06.']",0.6419883985219884,2018-01-25T21:14:04.379006Z,0.891988,0
159,20180125T211415Z,"['2A.BBS06.', '2A.BBS05.']",0.6419883985219884,2018-01-25T21:14:15.359006Z,0.811988,0
160,20180125T211535Z,"['2A.BBS06.', '2A.BBS05.']",0.6419883985219884,2018-01-25T21:15:35.999006Z,3.661989,0
161,20180125T211636Z,"['2A.BBS06.', '2A.BBS05.']",0.6419883985219884,2018-01-25T21:16:36.019006Z,5.411989,0
162,20180125T211726Z,"['2A.BBS06.', '2A.BBS05.']",0.6419883985219884,2018-01-25T21:17:26.129005Z,1.311989,0
163,20180125T211739Z,"['2A.BBS06.', '2A.BBS05.']",0.6419883985219884,2018-01-25T21:17:39.489006Z,1.091988,0
164,20180125T211804Z,"['2A.BBS06.', '2A.BBS05.']",0.6419883985219884,2018-01-25T21:18:04.149006Z,0.911988,0
165,20180125T211834Z,"['2A.BBS06.', '2A.BBS05.']",0.6419883985219884,2018-01-25T21:18:34.709006Z,2.021988,0
166,20180125T211850Z,"['2A.BBS06.', '2A.BBS05.']",0.6419883985219884,2018-01-25T21:18:50.309006Z,0.841989,0
167,20180125T211908Z,"['2A.BBS06.', '2A.BBS05.']",0.6419883985219884,2018-01-25T21:19:08.379006Z,0.851988,0
168,20180125T211920Z,"['2A.BBS06.', '2A.BBS05.']",0.6419883985219884,2018-01-25T21:19:20.479006Z,2.621989,0
169,20180125T211939Z,"['2A.BBS06.', '2A.BBS05.']",0.6419883985219884,2018-01-25T21:19:39.279006Z,0.971988,0
170,20180125T212025Z,"['2A.BBS06.', '2A.BBS05.']",0.6419883985219884,2018-01-25T21:20:25.199006Z,4.841989,0
171,20180125T212050Z,"['2A.BBS06.', '2A.BBS05.']",0.6419883985219884,2018-01-25T21:20:50.699006Z,0.721989,0
172,20180125T212057Z,"['2A.BBS06.', '2A.BBS05.']",0.6419883985219884,2018-01-25T21:20:57.219006Z,5.531989,0
173,20180125T212140Z,"['2A.BBS06.', '2A.BBS05.']",0.6419883985219884,2018-01-25T21:21:40.659006Z,2.231988,0
174,20180125T212341Z,"['2A.BBS06.', '2A.BBS05.']",0.6419883985219884,2018-01-25T21:23:41.619006Z,1.821988,0
175,20180125T212354Z,"['2A.BBS06.', '2A.BBS05.']",0.6419883985219884,2018-01-25T21:23:54.269006Z,0.851988,0
176,20180125T212503Z,"['2A.BBS06.', '2A.BBS05.']",0.6419883985219884,2018-01-25T21:25:03.309006Z,9.121989,0
177,20180125T212523Z,"['2A.BBS06.', '2A.BBS05.']",0.6419883985219884,2018-01-25T21:25:23.519006Z,13.741989,0
178,20180125T212623Z,"['2A.BBS06.', '2A.BBS05.']",0.6419883985219884,2018-01-25T21:26:23.139006Z,1.171988,0
179,20180125T212635Z,"['2A.BBS06.', '2A.BBS05.']",0.6419883985219884,2018-01-25T21:26:35.419006Z,3.881989,0
180,20180125T212707Z,"['2A.BBS06.', '2A.BBS05.']",0.6419883985219884,2018-01-25T21:27:07.679006Z,0.921989,0
181,20180125T212733Z,"['2A.BBS06.', '2A.BBS05.']",0.6419883985219884,2018-01-25T21:27:33.019006Z,0.781989,0
182,20180125T212917Z,"['2A.BBS06.', '2A.BBS05.']",0.6419883985219884,2018-01-25T21:29:17.669006Z,0.841989,0
183,20180125T212936Z,"['2A.BBS06.', '2A.BBS05.']",0.6419883985219884,2018-01-25T21:29:36.549006Z,1.631988,0
184,20180125T212947Z,"['2A.BBS06.', '2A.BBS05.']",0.6419883985219884,2018-01-25T21:29:47.359006Z,1.881988,0
185,20180125T213037Z,"['2A.BBS06.', '2A.BBS05.']",0.6419883985219884,2018-01-25T21:30:37.409005Z,3.731989,0
186,20180125T213126Z,"['2A.BBS06.', '2A.BBS05.']",0.6419883985219884,2018-01-25T21:31:26.249006Z,0.751988,0
187,20180125T213145Z,"['2A.BBS06.', '2A.BBS05.']",0.6419883985219884,2018-01-25T21:31:45.579006Z,3.541988,0
188,20180125T213206Z,"['2A.BBS06.', '2A.BBS05.']",0.6419883985219884,2018-01-25T21:32:06.609005Z,0.731989,0
189,20180125T213230Z,"['2A.BBS06.', '2A.BBS05.']",0.6419883985219884,2018-01-25T21:32:30.559006Z,1.611988,0
190,20180125T213245Z,"['2A.BBS06.', '2A.BBS05.']",0.6419883985219884,2018-01-25T21:32:45.239006Z,0.821989,0
191,20180125T213252Z,"['2A.BBS06.', '2A.BBS05.']",0.6419883985219884,2018-01-25T21:32:52.499006Z,1.201989,0
192,20180125T213302Z,"['2A.BBS06.', '2A.BBS05.']",0.6419883985219884,2018-01-25T21:33:02.659006Z,0.781989,0
193,20180125T213324Z,"['2A.BBS06.', '2A.BBS05.']",0.6419883985219884,2018-01-25T21:33:24.109006Z,2.151988,0
194,20180125T213338Z,"['2A.BBS06.', '2A.BBS05.']",0.6419883985219884,2018-01-25T21:33:38.699006Z,1.511988,0
195,20180125T213443Z,"['2A.BBS06.', '2A.BBS05.']",0.6419883985219884,2018-01-25T21:34:43.179006Z,6.651989,0
196,20180125T213502Z,"['2A.BBS06.', '2A.BBS05.']",0.6419883985219884,2018-01-25T21:35:02.159006Z,1.181989,0
197,20180125T213526Z,"['2A.BBS06.', '2A.BBS05.']",0.6419883985219884,2018-01-25T21:35:26.939006Z,0.871988,0
198,20180125T213537Z,"['2A.BBS06.', '2A.BBS05.']",0.6419883985219884,2018-01-25T21:35:37.649005Z,1.281989,0
199,20180125T213604Z,"['2A.BBS06.', '2A.BBS05.']",0.6419883985219884,2018-01-25T21:36:04.649005Z,0.861989,0
200,20180125T213624Z,"['2A.BBS06.', '2A.BBS05.']",0.6419883985219884,2018-01-25T21:36:24.779006Z,1.601989,0
201,20180125T213632Z,"['2A.BBS06.', '2A.BBS05.']",0.6419883985219884,2018-01-25T21:36:32.559006Z,0.791988,0
202,20180125T213701Z,"['2A.BBS06.', '2A.BBS05.']",0.6419883985219884,2018-01-25T21:37:01.749006Z,9.721988,0
203,20180125T213726Z,"['2A.BBS06.', '2A.BBS05.']",0.6419883985219884,2018-01-25T21:37:26.519006Z,2.391989,0
204,20180125T213748Z,"['2A.BBS06.', '2A.BBS05.']",0.6419883985219884,2018-01-25T21:37:48.979006Z,0.741989,0
205,20180125T213755Z,"['2A.BBS06.', '2A.BBS05.']",0.6419883985219884,2018-01-25T21:37:55.949006Z,0.801988,0
206,20180125T213804Z,"['2A.BBS06.', '2A.BBS05.']",0.6419883985219884,2018-01-25T21:38:04.409005Z,8.021989,0
207,20180125T213907Z,"['2A.BBS06.', '2A.BBS05.']",0.6419883985219884,2018-01-25T21:39:07.919006Z,1.171988,0
208,20180125T213934Z,"['2A.BBS06.', '2A.BBS05.']",0.6419883985219884,2018-01-25T21:39:34.669006Z,0.791988,0
209,20180125T214035Z,"['2A.BBS06.', '2A.BBS05.']",0.6419883985219884,2018-01-25T21:40:35.829006Z,5.311988,0
210,20180125T214051Z,"['2A.BBS06.', '2A.BBS05.']",0.6419883985219884,2018-01-25T21:40:51.349006Z,1.091988,0
211,20180125T214321Z,"['2A.BBS05.', '2A.BBS06.']",0.6419883985219884,2018-01-25T21:43:21.799006Z,0.831989,0
212,20180125T214342Z,"['2A.BBS06.', '2A.BBS05.']",0.6419883985219884,2018-01-25T21:43:42.529005Z,0.931989,0
213,20180125T214354Z,"['2A.BBS06.', '2A.BBS05.']",0.6419883985219884,2018-01-25T21:43:54.829006Z,0.981988,0
214,20180125T214429Z,"['2A.BBS06.', '2A.BBS05.']",0.6419883985219884,2018-01-25T21:44:29.409005Z,3.071989,0
215,20180125T214452Z,"['2A.BBS06.', '2A.BBS05.']",0.6419883985219884,2018-01-25T21:44:52.179006Z,0.741989,0
216,20180125T214509Z,"['2A.BBS06.', '2A.BBS05.']",0.6419883985219884,2018-01-25T21:45:09.949006Z,1.221988,0
217,20180125T214738Z,"['2A.BBS06.', '2A.BBS05.']",0.6419883985219884,2018-01-25T21:47:38.499006Z,0.801989,0
218,20180125T214815Z,"['2A.BBS06.', '2A.BBS05.']",0.6419883985219884,2018-01-25T21:48:15.169005Z,1.291989,0
219,20180125T214837Z,"['2A.BBS06.', '2A.BBS05.']",0.6419883985219884,2018-01-25T21:48:37.849005Z,1.101989,0
220,20180125T214904Z,"['2A.BBS06.', '2A.BBS05.']",0.6419883985219884,2018-01-25T21:49:04.239006Z,7.741989,0
221,20180125T214925Z,"['2A.BBS06.', '2A.BBS05.']",0.6419883985219884,2018-01-25T21:49:25.059006Z,0.831988,0
222,20180125T214950Z,"['2A.BBS06.', '2A.BBS05.']",0.6419883985219884,2018-01-25T21:49:50.109006Z,0.791988,0
223,20180125T215056Z,"['2A.BBS06.', '2A.BBS05.']",0.6419883985219884,2018-01-25T21:50:56.279006Z,4.001989,0
224,20180125T215214Z,"['2A.BBS06.', '2A.BBS05.']",0.6419883985219884,2018-01-25T21:52:14.059006Z,0.981988,0
225,20180125T215242Z,"['2A.BBS06.', '2A.BBS05.']",0.6419883985219884,2018-01-25T21:52:42.909006Z,2.941988,0
226,20180125T215328Z,"['2A.BBS06.', '2A.BBS05.']",0.6419883985219884,2018-01-25T21:53:28.619006Z,1.711988,0
227,20180125T215338Z,"['2A.BBS06.', '2A.BBS05.']",0.6419883985219884,2018-01-25T21:53:38.429006Z,1.431988,0
228,20180125T215408Z,"['2A.BBS06.', '2A.BBS05.']",0.6419883985219884,2018-01-25T21:54:08.449006Z,5.821989,0
229,20180125T215448Z,"['2A.BBS06.', '2A.BBS05.']",0.6419883985219884,2018-01-25T21:54:48.919006Z,0.731988,0
230,20180125T215528Z,"['2A.BBS06.', '2A.BBS05.']",0.6419883985219884,2018-01-25T21:55:28.879006Z,3.051988,0
231,20180125T215636Z,"['2A.BBS06.', '2A.BBS05.']",0.6419883985219884,2018-01-25T21:56:36.739006Z,0.721989,0
232,20180125T215720Z,"['2A.BBS06.', '2A.BBS05.']",0.6419883985219884,2018-01-25T21:57:20.539006Z,3.251989,0
233,20180125T215805Z,"['2A.BBS06.', '2A.BBS05.']",0.6419883985219884,2018-01-25T21:58:05.769006Z,1.351988,0
234,20180125T215815Z,"['2A.BBS06.', '2A.BBS05.']",0.6419883985219884,2018-01-25T21:58:15.729006Z,2.231988,0
235,20180125T215954Z,"['2A.BBS06.', '2A.BBS05.']",0.6419883985219884,2018-01-25T21:59:54.509006Z,7.181988,0
236,20180125T220017Z,"['2A.BBS06.', '2A.BBS05.']",0.6419883985219884,2018-01-25T22:00:17.619006Z,0.941988,0
237,20180125T220122Z,"['2A.BBS06.', '2A.BBS05.']",0.6419883985219884,2018-01-25T22:01:22.059006Z,1.041988,0
238,20180125T220139Z,"['2A.BBS06.', '2A.BBS05.']",0.6419883985219884,2018-01-25T22:01:39.159006Z,1.781989,0
239,20180125T220205Z,"['2A.BBS06.', '2A.BBS05.']",0.6419883985219884,2018-01-25T22:02:05.829006Z,4.451988,0
240,20180125T220226Z,"['2A.BBS06.', '2A.BBS05.']",0.6419883985219884,2018-01-25T22:02:26.629006Z,1.291988,0
241,20180125T220257Z,"['2A.BBS06.', '2A.BBS05.']",0.6419883985219884,2018-01-25T22:02:57.669006Z,2.771988,0
242,20180125T220319Z,"['2A.BBS06.', '2A.BBS05.']",0.6419883985219884,2018-01-25T22:03:19.629006Z,1.011988,0
243,20180125T220351Z,"['2A.BBS06.', '2A.BBS05.']",0.6419883985219884,2018-01-25T22:03:51.599006Z,0.861988,0
244,20180125T220434Z,"['2A.BBS06.', '2A.BBS05.']",0.6419883985219884,2018-01-25T22:04:34.229006Z,1.821988,0
245,20180125T220528Z,"['2A.BBS06.', '2A.BBS05.']",0.6419883985219884,2018-01-25T22:05:28.079006Z,5.101988,0
246,20180125T220628Z,"['2A.BBS05.', '2A.BBS06.']",0.6419883985219884,2018-01-25T22:06:28.179006Z,1.121989,0
247,20180125T220745Z,"['2A.BBS06.', '2A.BBS05.']",0.6419883985219884,2018-01-25T22:07:45.249006Z,2.571988,0
248,20180125T220833Z,"['2A.BBS06.', '2A.BBS05.']",0.6419883985219884,2018-01-25T22:08:33.739006Z,1.331989,0
249,20180125T220922Z,"['2A.BBS06.', '2A.BBS05.']",0.6419883985219884,2018-01-25T22:09:22.269006Z,2.081989,0
250,20180125T221000Z,"['2A.BBS06.', '2A.BBS05.']",0.6419883985219884,2018-01-25T22:10:00.169005Z,8.441989,0
251,20180125T221016Z,"['2A.BBS06.', '2A.BBS05.']",0.6419883985219884,2018-01-25T22:10:16.559006Z,1.121988,0
252,20180125T221045Z,"['2A.BBS06.', '2A.BBS05.']",0.6419883985219884,2018-01-25T22:10:45.189006Z,1.981988,0
253,20180125T221140Z,"['2A.BBS06.', '2A.BBS05.']",0.6419883985219884,2018-01-25T22:11:40.349006Z,13.581988,0
254,20180125T221220Z,"['2A.BBS06.', '2A.BBS05.']",0.6419883985219884,2018-01-25T22:12:20.429006Z,11.711988,0
255,20180125T221242Z,"['2A.BBS06.', '2A.BBS05.']",0.6419883985219884,2018-01-25T22:12:42.269006Z,0.891988,0
256,20180125T221346Z,"['2A.BBS06.', '2A.BBS05.']",0.6419883985219884,2018-01-25T22:13:46.439006Z,7.341989,0
257,20180125T221427Z,"['2A.BBS06.', '2A.BBS05.']",0.6419883985219884,2018-01-25T22:14:27.189006Z,1.031988,0
258,20180125T221439Z,"['2A.BBS06.', '2A.BBS05.']",0.6419883985219884,2018-01-25T22:14:39.489006Z,0.751988,0
259,20180125T221453Z,"['2A.BBS06.', '2A.BBS05.']",0.6419883985219884,2018-01-25T22:14:53.979006Z,0.851989,0
260,20180125T221506Z,"['2A.BBS05.', '2A.BBS06.']",0.6419883985219884,2018-01-25T22:15:06.259006Z,1.071988,0
261,20180125T221525Z,"['2A.BBS06.', '2A.BBS05.']",0.6419883985219884,2018-01-25T22:15:25.779006Z,3.391988,0
262,20180125T221614Z,"['2A.BBS06.', '2A.BBS05.']",0.6419883985219884,2018-01-25T22:16:14.219006Z,0.521989,0
263,20180125T221700Z,"['2A.BBS06.', '2A.BBS05.']",0.6419883985219884,2018-01-25T22:17:00.729006Z,2.681988,0
264,20180125T221734Z,"['2A.BBS06.', '2A.BBS05.']",0.6419883985219884,2018-01-25T22:17:34.849005Z,3.921989,0
265,20180125T221746Z,"['2A.BBS06.', '2A.BBS05.']",0.6419883985219884,2018-01-25T22:17:46.739006Z,1.211989,0
266,20180125T221830Z,"['2A.BBS06.', '2A.BBS05.']",0.6419883985219884,2018-01-25T22:18:30.999006Z,1.131988,0
267,20180125T221840Z,"['2A.BBS06.', '2A.BBS05.']",0.6419883985219884,2018-01-25T22:18:40.249006Z,1.341989,0
268,20180125T221850Z,"['2A.BBS05.', '2A.BBS06.']",0.6419883985219884,2018-01-25T22:18:50.999006Z,0.761989,0
269,20180125T221902Z,"['2A.BBS05.', '2A.BBS06.']",0.6419883985219884,2018-01-25T22:19:02.249006Z,0.741989,0
270,20180125T221939Z,"['2A.BBS06.', '2A.BBS05.']",0.6419883985219884,2018-01-25T22:19:39.399006Z,2.301989,0
271,20180125T222002Z,"['2A.BBS06.', '2A.BBS05.']",0.6419883985219884,2018-01-25T22:20:02.589006Z,0.801989,0
272,20180125T222009Z,"['2A.BBS06.', '2A.BBS05.']",0.6419883985219884,2018-01-25T22:20:09.369005Z,0.961989,0
273,20180125T222017Z,"['2A.BBS06.', '2A.BBS05.']",0.6419883985219884,2018-01-25T22:20:17.629006Z,7.401989,0
274,20180125T222128Z,"['2A.BBS05.', '2A.BBS06.']",0.6419883985219884,2018-01-25T22:21:28.019006Z,0.851989,0
275,20180125T222159Z,"['2A.BBS06.', '2A.BBS05.']",0.6419883985219884,2018-01-25T22:21:59.569005Z,1.141989,0
276,20180125T222241Z,"['2A.BBS06.', '2A.BBS05.']",0.6419883985219884,2018-01-25T22:22:41.229006Z,1.951988,0
277,20180125T222308Z,"['2A.BBS06.', '2A.BBS05.']",0.6419883985219884,2018-01-25T22:23:08.549006Z,1.071988,0
278,20180125T222324Z,"['2A.BBS06.', '2A.BBS05.']",0.6419883985219884,2018-01-25T22:23:24.879006Z,2.441988,0
279,20180125T222356Z,"['2A.BBS06.', '2A.BBS05.']",0.6419883985219884,2018-01-25T22:23:56.679006Z,1.071989,0
280,20180125T222408Z,"['2A.BBS06.', '2A.BBS05.']",0.6419883985219884,2018-01-25T22:24:08.679006Z,5.601989,0
281,20180125T222427Z,"['2A.BBS06.', '2A.BBS05.']",0.6419883985219884,2018-01-25T22:24:27.809005Z,1.661989,0
282,20180125T222443Z,"['2A.BBS06.', '2A.BBS05.']",0.6419883985219884,2018-01-25T22:24:43.489006Z,0.611988,0
283,20180125T222612Z,"['2A.BBS06.', '2A.BBS05.']",0.6419883985219884,2018-01-25T22:26:12.689006Z,12.151988,0
284,20180125T222652Z,"['2A.BBS06.', '2A.BBS05.']",0.6419883985219884,2018-01-25T22:26:52.609005Z,0.861989,0
285,20180125T222709Z,"['2A.BBS06.', '2A.BBS05.']",0.6419883985219884,2018-01-25T22:27:09.429006Z,4.061988,0
286,20180125T222737Z,"['2A.BBS05.', '2A.BBS06.']",0.6419883985219884,2018-01-25T22:27:37.409005Z,0.401989,0
287,20180125T222953Z,"['2A.BBS06.', '2A.BBS05.']",0.6419883985219884,2018-01-25T22:29:53.349006Z,1.161989,0
288,20180125T223039Z,"['2A.BBS06.', '2A.BBS05.']",0.6419883985219884,2018-01-25T22:30:39.849005Z,0.751989,0
289,20180125T223141Z,"['2A.BBS05.', '2A.BBS06.']",0.6419883985219884,2018-01-25T22:31:41.679006Z,25.411988,0
290,20180125T223249Z,"['2A.BBS06.', '2A.BBS05.']",0.6419883985219884,2018-01-25T22:32:49.409005Z,0.761989,0
291,20180125T223302Z,"['2A.BBS06.', '2A.BBS05.']",0.6419883985219884,2018-01-25T22:33:02.079006Z,2.061988,0
292,20180125T223331Z,"['2A.BBS06.', '2A.BBS05.']",0.6419883985219884,2018-01-25T22:33:31.219006Z,1.841989,0
293,20180125T223349Z,"['2A.BBS06.', '2A.BBS05.']",0.6419883985219884,2018-01-25T22:33:49.109006Z,0.561989,0
294,20180125T223412Z,"['2A.BBS06.', '2A.BBS05.']",0.6419883985219884,2018-01-25T22:34:12.489006Z,0.901989,0
295,20180125T223500Z,"['2A.BBS06.', '2A.BBS05.']",0.6419883985219884,2018-01-25T22:35:00.069006Z,1.341988,0
296,20180125T223517Z,"['2A.BBS06.', '2A.BBS05.']",0.6419883985219884,2018-01-25T22:35:17.569005Z,0.911989,0
297,20180125T223529Z,"['2A.BBS06.', '2A.BBS05.']",0.6419883985219884,2018-01-25T22:35:29.139006Z,1.041988,0
298,20180125T223551Z,"['2A.BBS06.', '2A.BBS05.']",0.6419883985219884,2018-01-25T22:35:51.439006Z,0.781989,0
299,20180125T223618Z,"['2A.BBS06.', '2A.BBS05.']",0.6419883985219884,2018-01-25T22:36:18.469006Z,1.551988,0
300,20180125T223630Z,"['2A.BBS06.', '2A.BBS05.']",0.6419883985219884,2018-01-25T22:36:30.899006Z,0.721989,0
301,20180125T223652Z,"['2A.BBS06.', '2A.BBS05.']",0.6419883985219884,2018-01-25T22:36:52.109006Z,0.801989,0
302,20180125T223725Z,"['2A.BBS06.', '2A.BBS05.']",0.6419883985219884,2018-01-25T22:37:25.019006Z,1.391988,0
303,20180125T223939Z,"['2A.BBS06.', '2A.BBS05.']",0.6419883985219884,2018-01-25T22:39:39.579006Z,4.241988,0
304,20180125T224002Z,"['2A.BBS06.', '2A.BBS05.']",0.6419883985219884,2018-01-25T22:40:02.279006Z,4.631989,0
305,20180125T224013Z,"['2A.BBS05.', '2A.BBS06.']",0.6419883985219884,2018-01-25T22:40:13.699006Z,0.391988,0
306,20180125T224057Z,"['2A.BBS06.', '2A.BBS05.']",0.6419883985219884,2018-01-25T22:40:57.739006Z,0.931989,0
307,20180125T224130Z,"['2A.BBS06.', '2A.BBS05.']",0.6419883985219884,2018-01-25T22:41:30.119006Z,1.701988,0
308,20180125T224148Z,"['2A.BBS06.', '2A.BBS05.']",0.6419883985219884,2018-01-25T22:41:48.199006Z,0.811988,0
309,20180125T224243Z,"['2A.BBS06.', '2A.BBS05.']",0.6419883985219884,2018-01-25T22:42:43.289005Z,2.401989,0
310,20180125T224329Z,"['2A.BBS06.', '2A.BBS05.']",0.6419883985219884,2018-01-25T22:43:29.689006Z,0.711988,0
311,20180125T224341Z,"['2A.BBS06.', '2A.BBS05.']",0.6419883985219884,2018-01-25T22:43:41.769006Z,0.961988,0
312,20180125T224448Z,"['2A.BBS06.', '2A.BBS05.']",0.6419883985219884,2018-01-25T22:44:48.719006Z,1.171988,0
313,20180125T224455Z,"['2A.BBS06.', '2A.BBS05.']",0.6419883985219884,2018-01-25T22:44:55.619006Z,0.731988,0
314,20180125T224519Z,"['2A.BBS05.', '2A.BBS06.']",0.6419883985219884,2018-01-25T22:45:19.049005Z,0.371989,0
315,20180125T224528Z,"['2A.BBS06.', '2A.BBS05.']",0.6419883985219884,2018-01-25T22:45:28.979006Z,0.851989,0
316,20180125T224553Z,"['2A.BBS06.', '2A.BBS05.']",0.6419883985219884,2018-01-25T22:45:53.829006Z,1.751988,0
317,20180125T224706Z,"['2A.BBS06.', '2A.BBS05.']",0.6419883985219884,2018-01-25T22:47:06.939006Z,1.191988,0
318,20180125T224728Z,"['2A.BBS06.', '2A.BBS05.']",0.6419883985219884,2018-01-25T22:47:28.859006Z,1.461988,0
319,20180125T224740Z,"['2A.BBS06.', '2A.BBS05.']",0.6419883985219884,2018-01-25T22:47:40.769006Z,1.141989,0
320,20180125T224918Z,"['2A.BBS06.', '2A.BBS05.']",0.6419883985219884,2018-01-25T22:49:18.319006Z,2.311988,0
321,20180125T224959Z,"['2A.BBS05.', '2A.BBS06.']",0.6419883985219884,2018-01-25T22:49:59.979006Z,2.091989,0
322,20180125T225035Z,"['2A.BBS06.', '2A.BBS05.']",0.6419883985219884,2018-01-25T22:50:35.749006Z,0.881988,0
323,20180125T225138Z,"['2A.BBS06.', '2A.BBS05.']",0.6419883985219884,2018-01-25T22:51:38.519006Z,1.451988,0
324,20180125T225154Z,"['2A.BBS06.', '2A.BBS05.']",0.6419883985219884,2018-01-25T22:51:54.699006Z,2.171989,0
325,20180125T225233Z,"['2A.BBS06.', '2A.BBS05.']",0.6419883985219884,2018-01-25T22:52:33.309006Z,22.581988,0
326,20180125T225351Z,"['2A.BBS06.', '2A.BBS05.']",0.6419883985219884,2018-01-25T22:53:51.279006Z,1.991989,0
327,20180125T225422Z,"['2A.BBS06.', '2A.BBS05.']",0.6419883985219884,2018-01-25T22:54:22.599006Z,7.841988,0
328,20180125T225534Z,"['2A.BBS06.', '2A.BBS05.']",0.6419883985219884,2018-01-25T22:55:34.089005Z,4.871989,0
329,20180125T225621Z,"['2A.BBS06.', '2A.BBS05.']",0.6419883985219884,2018-01-25T22:56:21.759006Z,2.941989,0
330,20180125T225729Z,"['2A.BBS06.', '2A.BBS05.']",0.6419883985219884,2018-01-25T22:57:29.009006Z,1.231988,0
331,20180125T225854Z,"['2A.BBS06.', '2A.BBS05.']",0.6419883985219884,2018-01-25T22:58:54.369005Z,1.541989,0
332,20180125T225949Z,"['2A.BBS06.', '2A.BBS05.']",0.6419883985219884,2018-01-25T22:59:49.869006Z,1.061988,0
333,20180125T230004Z,"['2A.BBS06.', '2A.BBS05.']",0.6419883985219884,2018-01-25T23:00:04.569005Z,1.331989,0
334,20180125T230048Z,"['2A.BBS06.', '2A.BBS05.']",0.6419883985219884,2018-01-25T23:00:48.779006Z,1.671988,0
335,20180125T230144Z,"['2A.BBS06.', '2A.BBS05.']",0.6419883985219884,2018-01-25T23:01:44.629006Z,1.411988,0
336,20180125T230214Z,"['2A.BBS06.', '2A.BBS05.']",0.6419883985219884,2018-01-25T23:02:14.619006Z,4.411988,0
337,20180125T230315Z,"['2A.BBS06.', '2A.BBS05.']",0.6419883985219884,2018-01-25T23:03:15.749006Z,0.731988,0
338,20180125T230344Z,"['2A.BBS06.', '2A.BBS05.']",0.6419883985219884,2018-01-25T23:03:44.449006Z,0.831988,0
339,20180125T230430Z,"['2A.BBS06.', '2A.BBS05.']",0.6419883985219884,2018-01-25T23:04:30.399006Z,2.931988,0
340,20180125T230446Z,"['2A.BBS06.', '2A.BBS05.']",0.6419883985219884,2018-01-25T23:04:46.789006Z,1.081989,0
341,20180125T230524Z,"['2A.BBS06.', '2A.BBS05.']",0.6419883985219884,2018-01-25T23:05:24.979006Z,1.141989,0
342,20180125T230602Z,"['2A.BBS06.', '2A.BBS05.']",0.6419883985219884,2018-01-25T23:06:02.609005Z,1.521989,0
343,20180125T230836Z,"['2A.BBS06.', '2A.BBS05.']",0.6419883985219884,2018-01-25T23:08:36.989006Z,2.501988,0
344,20180125T231008Z,"['2A.BBS06.', '2A.BBS05.']",0.6419883985219884,2018-01-25T23:10:08.009006Z,1.311988,0
345,20180125T231039Z,"['2A.BBS05.', '2A.BBS06.']",0.6419883985219884,2018-01-25T23:10:39.749006Z,0.851988,0
346,20180125T231233Z,"['2A.BBS06.', '2A.BBS05.']",0.6419883985219884,2018-01-25T23:12:33.489006Z,1.141989,0
347,20180125T231259Z,"['2A.BBS06.', '2A.BBS05.']",0.6419883985219884,2018-01-25T23:12:59.159006Z,1.041989,0
348,20180125T231326Z,"['2A.BBS05.', '2A.BBS06.']",0.6419883985219884,2018-01-25T23:13:26.059006Z,1.711988,0
349,20180125T231426Z,"['2A.BBS06.', '2A.BBS05.']",0.6419883985219884,2018-01-25T23:14:26.239006Z,1.051988,0
350,20180125T231454Z,"['2A.BBS06.', '2A.BBS05.']",0.6419883985219884,2018-01-25T23:14:54.429006Z,0.751988,0
351,20180125T231504Z,"['2A.BBS05.', '2A.BBS06.']",0.6419883985219884,2018-01-25T23:15:04.719006Z,0.811988,0
352,20180125T231602Z,"['2A.BBS05.', '2A.BBS06.']",0.6419883985219884,2018-01-25T23:16:02.739006Z,0.461989,0
353,20180125T231624Z,"['2A.BBS06.', '2A.BBS05.']",0.6419883985219884,2018-01-25T23:16:24.119006Z,0.701988,0
354,20180125T231635Z,"['2A.BBS06.', '2A.BBS05.']",0.6419883985219884,2018-01-25T23:16:35.219006Z,0.841989,0
355,20180125T231804Z,"['2A.BBS06.', '2A.BBS05.']",0.6419883985219884,2018-01-25T23:18:04.079006Z,0.831988,0
356,20180125T231904Z,"['2A.BBS06.', '2A.BBS05.']",0.6419883985219884,2018-01-25T23:19:04.969006Z,2.301989,0
357,20180125T232058Z,"['2A.BBS06.', '2A.BBS05.']",0.6419883985219884,2018-01-25T23:20:58.979006Z,1.631988,0
358,20180125T232132Z,"['2A.BBS06.', '2A.BBS05.']",0.6419883985219884,2018-01-25T23:21:32.029006Z,0.941988,0
359,20180125T232244Z,"['2A.BBS06.', '2A.BBS05.']",0.6419883985219884,2018-01-25T23:22:44.899006Z,1.081989,0
360,20180125T232252Z,"['2A.BBS05.', '2A.BBS06.']",0.6419883985219884,2018-01-25T23:22:52.439006Z,0.871989,0
361,20180125T232324Z,"['2A.BBS06.', '2A.BBS05.']",0.6419883985219884,2018-01-25T23:23:24.069006Z,0.991988,0
362,20180125T232345Z,"['2A.BBS06.', '2A.BBS05.']",0.6419883985219884,2018-01-25T23:23:45.809005Z,6.921989,0
363,20180125T232430Z,"['2A.BBS06.', '2A.BBS05.']",0.6419883985219884,2018-01-25T23:24:30.949006Z,0.811988,0
364,20180125T232458Z,"['2A.BBS06.', '2A.BBS05.']",0.6419883985219884,2018-01-25T23:24:58.869006Z,0.711988,0
365,20180125T232550Z,"['2A.BBS06.', '2A.BBS05.']",0.6419883985219884,2018-01-25T23:25:50.729006Z,0.741989,0
366,20180125T232740Z,"['2A.BBS06.', '2A.BBS05.']",0.6419883985219884,2018-01-25T23:27:40.669006Z,1.241989,0
367,20180125T232838Z,"['2A.BBS06.', '2A.BBS05.']",0.6419883985219884,2018-01-25T23:28:38.929005Z,0.741989,0
368,20180125T232921Z,"['2A.BBS06.', '2A.BBS05.']",0.6419883985219884,2018-01-25T23:29:21.109006Z,2.891988,0
369,20180125T233046Z,"['2A.BBS06.', '2A.BBS05.']",0.6419883985219884,2018-01-25T23:30:46.789006Z,2.341988,0
370,20180125T233109Z,"['2A.BBS06.', '2A.BBS05.']",0.6419883985219884,2018-01-25T23:31:09.559006Z,0.931988,0
371,20180125T233137Z,"['2A.BBS06.', '2A.BBS05.']",0.6419883985219884,2018-01-25T23:31:37.609005Z,1.281989,0
372,20180125T233144Z,"['2A.BBS05.', '2A.BBS06.']",0.6419883985219884,2018-01-25T23:31:44.409005Z,0.321989,0
373,20180125T233219Z,"['2A.BBS06.', '2A.BBS05.']",0.6419883985219884,2018-01-25T23:32:19.009006Z,1.291988,0
374,20180125T233308Z,"['2A.BBS06.', '2A.BBS05.']",0.6419883985219884,2018-01-25T23:33:08.819006Z,13.291988,0
375,20180125T233426Z,"['2A.BBS05.', '2A.BBS06.']",0.6419883985219884,2018-01-25T23:34:26.119006Z,0.741988,0
376,20180125T233445Z,"['2A.BBS06.', '2A.BBS05.']",0.6419883985219884,2018-01-25T23:34:45.069006Z,0.941988,0
377,20180125T233536Z,"['2A.BBS06.', '2A.BBS05.']",0.6419883985219884,2018-01-25T23:35:36.569005Z,0.951989,0
378,20180125T233550Z,"['2A.BBS06.', '2A.BBS05.']",0.6419883985219884,2018-01-25T23:35:50.499006Z,1.591988,0
379,20180125T233615Z,"['2A.BBS06.', '2A.BBS05.']",0.6419883985219884,2018-01-25T23:36:15.589006Z,0.971988,0
380,20180125T233735Z,"['2A.BBS06.', '2A.BBS05.']",0.6419883985219884,2018-01-25T23:37:35.579006Z,0.751988,0
381,20180125T233847Z,"['2A.BBS06.', '2A.BBS05.']",0.6419883985219884,2018-01-25T23:38:47.259006Z,0.741989,0
382,20180125T234004Z,"['2A.BBS06.', '2A.BBS05.']",0.6419883985219884,2018-01-25T23:40:04.789006Z,5.461988,0
383,20180125T234241Z,"['2A.BBS06.', '2A.BBS05.']",0.6419883985219884,2018-01-25T23:42:41.239006Z,4.181989,0
384,20180125T234438Z,"['2A.BBS06.', '2A.BBS05.']",0.6419883985219884,2018-01-25T23:44:38.929005Z,0.801989,0
385,20180125T234831Z,"['2A.BBS06.', '2A.BBS05.']",0.6419883985219884,2018-01-25T23:48:31.209006Z,1.391988,0
386,20180125T234935Z,"['2A.BBS06.', '2A.BBS05.']",0.6419883985219884,2018-01-25T23:49:35.309006Z,0.851988,0
387,20180125T235016Z,"['2A.BBS05.', '2A.BBS06.']",0.6419883985219884,2018-01-25T23:50:16.019006Z,1.011989,0
388,20180125T235114Z,"['2A.BBS05.', '2A.BBS06.']",0.6419883985219884,2018-01-25T23:51:14.919006Z,0.591989,0
389,20180125T235307Z,"['2A.BBS06.', '2A.BBS05.']",0.6419883985219884,2018-01-25T23:53:07.489006Z,1.321988,0
