event_id,baz,rad,slow
20180101T004610Z,3.6,2.6918003852647128,0.5789473684210527
20180101T010957Z,21.6,6.562682848061104,0.5789473684210527
20180101T030616Z,280.8,4.479275200528711,0.5789473684210527
20180101T032738Z,342.00000000000006,3.0572719704105853,0.5789473684210527
20180101T090303Z,97.2,16.0,0.6157894736842106
20180101T103610Z,198.00000000000003,16.0,0.5789473684210527
20180101T111453Z,201.60000000000002,6.562682848061104,0.5789473684210527
20180101T111522Z,252.0,4.479275200528711,0.5789473684210527
20180101T113449Z,349.2,2.6918003852647128,0.5789473684210527
20180101T114354Z,316.8,2.3700179062375537,0.5789473684210527
20180101T120442Z,82.8,12.40330819986167,0.5789473684210527
20180101T120848Z,7.2,2.3700179062375537,0.5789473684210527
20180101T121652Z,255.60000000000002,3.472364426509674,0.5789473684210527
20180101T130120Z,270.0,3.472364426509674,0.5789473684210527
20180101T133811Z,0.0,3.0572719704105853,0.5789473684210527
20180101T133929Z,277.2,2.6918003852647128,0.5789473684210527
20180101T134717Z,291.6,2.6918003852647128,0.5789473684210527
20180101T134831Z,25.200000000000003,3.943814886992401,0.5789473684210527
20180101T135432Z,169.20000000000002,4.479275200528711,0.5789473684210527
20180101T142740Z,39.6,9.615128393797233,0.5789473684210527
20180101T142818Z,252.0,4.479275200528711,0.5789473684210527
20180101T144340Z,252.0,5.778168376825359,0.5789473684210527
20180101T145306Z,291.6,2.3700179062375537,0.5789473684210527
20180101T150022Z,140.4,2.6918003852647128,0.5789473684210527
20180101T153729Z,14.4,3.0572719704105853,0.5789473684210527
20180101T154610Z,39.6,16.0,0.5789473684210527
20180101T154703Z,288.0,3.0572719704105853,0.5789473684210527
20180101T154952Z,349.2,3.0572719704105853,0.5789473684210527
20180101T161801Z,280.8,3.472364426509674,0.5789473684210527
20180101T163034Z,291.6,2.3700179062375537,0.5789473684210527
20180101T163050Z,39.6,16.0,0.5789473684210527
20180101T163117Z,280.8,4.479275200528711,0.5789473684210527
20180101T172638Z,140.4,2.3700179062375537,0.5789473684210527
20180101T180010Z,280.8,3.943814886992401,0.5789473684210527
20180101T180031Z,50.400000000000006,0.39872594456840704,0.7263157894736842
20180101T192606Z,43.2,7.453712553094249,0.5789473684210527
20180101T194953Z,349.2,2.6918003852647128,0.5789473684210527
20180101T195743Z,205.20000000000002,5.0874361239029895,0.5789473684210527
20180101T220723Z,133.20000000000002,5.0874361239029895,0.5789473684210527
20180101T225639Z,284.40000000000003,5.778168376825359,0.5789473684210527
20180101T232049Z,338.40000000000003,6.562682848061104,0.5789473684210527
20180101T233141Z,237.60000000000002,9.615128393797233,0.6157894736842106
20180101T233516Z,266.40000000000003,4.479275200528711,0.5789473684210527
20180101T233612Z,273.6,1.2539941451294703,0.46842105263157896
20180101T235154Z,255.60000000000002,4.479275200528711,0.5789473684210527
20180102T000253Z,25.200000000000003,3.943814886992401,0.5789473684210527
20180102T013531Z,3.6,3.472364426509674,0.5789473684210527
20180102T013823Z,0.0,3.0572719704105853,0.5789473684210527
20180102T014056Z,345.6,2.6918003852647128,0.5789473684210527
20180102T022403Z,266.40000000000003,5.0874361239029895,0.5789473684210527
20180102T024948Z,248.4,1.1040895136738127,0.46842105263157896
20180102T033028Z,201.60000000000002,3.472364426509674,0.5789473684210527
20180102T043905Z,39.6,16.0,0.5789473684210527
20180102T045416Z,356.40000000000003,3.0572719704105853,0.5789473684210527
20180102T054613Z,266.40000000000003,3.0572719704105853,0.5789473684210527
20180102T065600Z,244.80000000000004,6.562682848061104,0.5789473684210527
20180102T085014Z,201.60000000000002,10.920595260767984,0.5789473684210527
20180102T085357Z,273.6,3.943814886992401,0.5789473684210527
20180102T093223Z,277.2,5.0874361239029895,0.5789473684210527
20180102T095221Z,43.2,5.0874361239029895,0.5789473684210527
20180102T100102Z,43.2,5.0874361239029895,0.5789473684210527
20180102T101601Z,3.6,2.6918003852647128,0.5789473684210527
20180102T102653Z,10.8,3.0572719704105853,0.5789473684210527
20180102T112932Z,248.4,8.465719296578376,0.5789473684210527
20180102T113142Z,248.4,6.562682848061104,0.5789473684210527
20180102T114202Z,43.2,6.562682848061104,0.5789473684210527
20180102T115633Z,201.60000000000002,4.479275200528711,0.5789473684210527
20180102T120423Z,284.40000000000003,4.479275200528711,0.5789473684210527
20180102T121904Z,295.2,2.6918003852647128,0.5789473684210527
20180102T122308Z,284.40000000000003,3.472364426509674,0.5789473684210527
20180102T125400Z,82.8,10.920595260767984,0.5789473684210527
20180102T131727Z,255.60000000000002,3.943814886992401,0.5789473684210527
20180102T141748Z,205.20000000000002,5.0874361239029895,0.5789473684210527
20180102T141819Z,201.60000000000002,5.0874361239029895,0.5789473684210527
20180102T154053Z,136.8,3.943814886992401,0.5789473684210527
20180102T160215Z,259.2,5.0874361239029895,0.5789473684210527
20180102T160540Z,255.60000000000002,4.479275200528711,0.5789473684210527
20180102T162208Z,3.6,3.0572719704105853,0.5789473684210527
20180102T163235Z,136.8,3.943814886992401,0.5789473684210527
20180102T164725Z,28.8,3.943814886992401,0.5789473684210527
20180102T170942Z,288.0,3.472364426509674,0.5789473684210527
20180102T171915Z,262.8,3.472364426509674,0.5789473684210527
20180102T173733Z,133.20000000000002,3.943814886992401,0.5789473684210527
20180102T184751Z,248.4,8.465719296578376,0.5789473684210527
20180102T193228Z,252.0,5.0874361239029895,0.5789473684210527
20180102T202041Z,244.80000000000004,5.0874361239029895,0.5789473684210527
20180102T202657Z,0.0,2.6918003852647128,0.5789473684210527
20180102T211233Z,14.4,3.472364426509674,0.5789473684210527
20180102T214524Z,284.40000000000003,3.0572719704105853,0.5789473684210527
20180102T224649Z,244.80000000000004,5.0874361239029895,0.5789473684210527
20180102T224727Z,244.80000000000004,8.465719296578376,0.5789473684210527
20180102T230015Z,352.8,2.6918003852647128,0.5789473684210527
20180102T230259Z,345.6,3.0572719704105853,0.5789473684210527
20180102T230813Z,248.4,6.562682848061104,0.5789473684210527
20180102T234547Z,284.40000000000003,5.0874361239029895,0.5789473684210527
20180102T234944Z,270.0,4.479275200528711,0.5789473684210527
20180102T235600Z,259.2,4.479275200528711,0.5789473684210527
20180103T001135Z,259.2,5.0874361239029895,0.5789473684210527
20180103T002627Z,255.60000000000002,5.778168376825359,0.5789473684210527
20180103T011319Z,255.60000000000002,6.562682848061104,0.5789473684210527
20180103T013119Z,133.20000000000002,3.472364426509674,0.5789473684210527
20180103T024025Z,0.0,3.472364426509674,0.5789473684210527
20180103T030200Z,129.6,3.472364426509674,0.5789473684210527
20180103T030448Z,18.0,3.943814886992401,0.5789473684210527
20180103T031833Z,205.20000000000002,5.778168376825359,0.5789473684210527
20180103T033413Z,201.60000000000002,3.943814886992401,0.5789473684210527
20180103T034216Z,352.8,2.6918003852647128,0.5789473684210527
20180103T035557Z,255.60000000000002,5.0874361239029895,0.5789473684210527
20180103T041945Z,0.0,2.6918003852647128,0.5789473684210527
20180103T042716Z,309.6,3.943814886992401,0.5789473684210527
20180103T043354Z,18.0,3.472364426509674,0.5789473684210527
20180103T054748Z,7.2,3.0572719704105853,0.5789473684210527
20180103T055933Z,252.0,6.562682848061104,0.5789473684210527
20180103T060017Z,284.40000000000003,6.562682848061104,0.5789473684210527
20180103T063705Z,46.800000000000004,5.0874361239029895,0.5789473684210527
20180103T071247Z,252.0,8.465719296578376,0.5789473684210527
20180103T072526Z,255.60000000000002,4.479275200528711,0.5789473684210527
20180103T073235Z,32.4,4.479275200528711,0.5789473684210527
20180103T080204Z,10.8,2.6918003852647128,0.5789473684210527
20180103T085239Z,0.0,2.6918003852647128,0.5789473684210527
20180103T094105Z,100.80000000000001,7.453712553094249,0.5789473684210527
20180103T095233Z,39.6,16.0,0.5789473684210527
20180103T100814Z,194.4,4.479275200528711,0.5789473684210527
20180103T104108Z,32.4,3.943814886992401,0.5789473684210527
20180103T113632Z,270.0,3.943814886992401,0.5789473684210527
20180103T115116Z,25.200000000000003,3.943814886992401,0.5789473684210527
20180103T115308Z,288.0,3.0572719704105853,0.5789473684210527
20180103T121102Z,43.2,5.0874361239029895,0.5789473684210527
20180103T124205Z,277.2,3.0572719704105853,0.5789473684210527
20180103T125301Z,244.80000000000004,7.453712553094249,0.5789473684210527
20180103T153325Z,136.8,3.943814886992401,0.5789473684210527
20180103T165322Z,97.2,6.562682848061104,0.5789473684210527
20180103T165452Z,46.800000000000004,5.778168376825359,0.5789473684210527
20180103T165529Z,3.6,3.0572719704105853,0.5789473684210527
20180103T173705Z,288.0,3.0572719704105853,0.5789473684210527
20180103T174453Z,345.6,2.6918003852647128,0.5789473684210527
20180103T174932Z,90.00000000000001,12.40330819986167,0.5789473684210527
20180103T175534Z,273.6,2.3700179062375537,0.5789473684210527
20180103T181504Z,82.8,9.615128393797233,0.5789473684210527
20180103T183520Z,140.4,3.943814886992401,0.5789473684210527
20180103T184645Z,201.60000000000002,5.0874361239029895,0.5789473684210527
20180103T184712Z,244.80000000000004,7.453712553094249,0.5789473684210527
20180103T192224Z,280.8,4.479275200528711,0.5789473684210527
20180103T194439Z,273.6,3.943814886992401,0.5789473684210527
20180103T215807Z,273.6,3.472364426509674,0.5789473684210527
20180103T221302Z,122.40000000000002,5.0874361239029895,0.5789473684210527
20180103T230558Z,46.800000000000004,6.562682848061104,0.5789473684210527
20180103T231411Z,86.4,9.615128393797233,0.5789473684210527
20180103T233626Z,313.2,10.920595260767984,0.43157894736842106
20180103T234131Z,14.4,2.6918003852647128,0.5789473684210527
20180105T002639Z,140.4,3.943814886992401,0.5789473684210527
20180105T020234Z,3.6,3.0572719704105853,0.5789473684210527
20180105T021336Z,252.0,7.453712553094249,0.5789473684210527
20180105T021748Z,3.6,3.943814886992401,0.5789473684210527
20180105T041737Z,259.2,5.0874361239029895,0.5789473684210527
20180105T045854Z,136.8,3.943814886992401,0.5789473684210527
20180105T050849Z,252.0,4.479275200528711,0.5789473684210527
20180105T060335Z,183.6,3.943814886992401,0.5789473684210527
20180105T063757Z,169.20000000000002,4.479275200528711,0.5789473684210527
20180105T071407Z,284.40000000000003,5.778168376825359,0.5789473684210527
20180105T083118Z,244.80000000000004,7.453712553094249,0.5789473684210527
20180105T083352Z,241.20000000000002,2.3700179062375537,0.2473684210526316
20180105T085334Z,302.40000000000003,16.0,0.5789473684210527
20180105T090746Z,201.60000000000002,5.0874361239029895,0.5789473684210527
20180105T093739Z,252.0,8.465719296578376,0.5789473684210527
20180105T095832Z,0.0,3.472364426509674,0.5789473684210527
20180105T103125Z,129.6,4.479275200528711,0.5789473684210527
20180105T115104Z,198.00000000000003,3.943814886992401,0.5789473684210527
20180105T115411Z,262.8,3.943814886992401,0.5789473684210527
20180105T120134Z,3.6,2.6918003852647128,0.5789473684210527
20180105T121259Z,0.0,3.0572719704105853,0.5789473684210527
20180105T121828Z,244.80000000000004,9.615128393797233,0.5789473684210527
20180105T122835Z,32.4,0.9721047414289302,0.35789473684210527
20180105T123536Z,129.6,4.479275200528711,0.5789473684210527
20180105T125208Z,352.8,2.6918003852647128,0.5789473684210527
20180105T125319Z,244.80000000000004,7.453712553094249,0.5789473684210527
20180105T125736Z,345.6,2.6918003852647128,0.5789473684210527
20180105T135057Z,244.80000000000004,5.778168376825359,0.5789473684210527
20180105T135740Z,273.6,4.479275200528711,0.5789473684210527
20180105T143902Z,273.6,4.479275200528711,0.5789473684210527
20180105T143952Z,140.4,3.943814886992401,0.5789473684210527
20180105T145022Z,136.8,3.472364426509674,0.5789473684210527
20180105T151857Z,255.60000000000002,8.465719296578376,0.5789473684210527
20180105T152403Z,270.0,5.0874361239029895,0.5789473684210527
20180105T152710Z,248.4,3.0572719704105853,0.5789473684210527
20180105T152829Z,266.40000000000003,6.562682848061104,0.5789473684210527
20180105T154153Z,277.2,4.479275200528711,0.5789473684210527
20180105T154458Z,244.80000000000004,7.453712553094249,0.5789473684210527
20180105T155135Z,244.80000000000004,6.562682848061104,0.5789473684210527
20180105T155204Z,21.6,3.943814886992401,0.5789473684210527
20180105T160356Z,270.0,5.0874361239029895,0.5789473684210527
20180105T160723Z,3.6,3.472364426509674,0.5789473684210527
20180105T161224Z,252.0,5.778168376825359,0.5789473684210527
20180105T162512Z,165.6,5.0874361239029895,0.5789473684210527
20180105T164056Z,248.4,7.453712553094249,0.5789473684210527
20180105T164706Z,115.2,8.465719296578376,0.5789473684210527
20180105T170943Z,43.2,5.778168376825359,0.5789473684210527
20180105T171349Z,295.2,3.0572719704105853,0.5789473684210527
20180105T175636Z,0.0,3.0572719704105853,0.5789473684210527
20180105T180306Z,352.8,3.0572719704105853,0.5789473684210527
20180105T181451Z,43.2,5.778168376825359,0.5789473684210527
20180105T183454Z,198.00000000000003,5.0874361239029895,0.5789473684210527
20180105T183735Z,190.8,10.920595260767984,0.5789473684210527
20180105T185133Z,277.2,3.943814886992401,0.5789473684210527
20180105T195647Z,36.0,5.0874361239029895,0.5789473684210527
20180105T201205Z,248.4,7.453712553094249,0.5789473684210527
20180105T204634Z,226.8,1.617625394674567,0.6894736842105263
20180105T211503Z,259.2,3.943814886992401,0.5789473684210527
20180105T211816Z,270.0,3.472364426509674,0.5789473684210527
20180105T220124Z,162.00000000000003,5.778168376825359,0.5789473684210527
20180105T223426Z,244.80000000000004,6.562682848061104,0.5789473684210527
20180105T224323Z,25.200000000000003,3.943814886992401,0.5789473684210527
20180105T234353Z,280.8,3.472364426509674,0.5789473684210527
20180106T010048Z,273.6,1.8372539081409522,0.6894736842105263
20180106T015655Z,259.2,3.943814886992401,0.5789473684210527
20180106T022343Z,50.400000000000006,7.453712553094249,0.5789473684210527
20180106T025439Z,280.8,5.778168376825359,0.5789473684210527
20180106T032906Z,259.2,4.479275200528711,0.5789473684210527
20180106T040619Z,273.6,5.778168376825359,0.5789473684210527
20180106T041900Z,259.2,7.453712553094249,0.5789473684210527
20180106T045545Z,309.6,4.479275200528711,0.5789473684210527
20180106T050850Z,244.80000000000004,5.778168376825359,0.5789473684210527
20180106T051450Z,46.800000000000004,7.453712553094249,0.5789473684210527
20180106T052628Z,248.4,5.778168376825359,0.5789473684210527
20180106T053422Z,277.2,3.0572719704105853,0.5789473684210527
20180106T061218Z,252.0,16.0,0.5789473684210527
20180106T070500Z,18.0,3.472364426509674,0.5789473684210527
20180106T092815Z,144.0,5.0874361239029895,0.5789473684210527
20180106T100014Z,277.2,3.472364426509674,0.5789473684210527
20180106T103402Z,252.0,4.479275200528711,0.5789473684210527
20180106T105625Z,50.400000000000006,8.465719296578376,0.5789473684210527
20180106T113628Z,255.60000000000002,5.778168376825359,0.5789473684210527
20180106T122428Z,252.0,7.453712553094249,0.5789473684210527
20180106T122605Z,255.60000000000002,3.943814886992401,0.5789473684210527
20180106T125451Z,252.0,5.778168376825359,0.5789473684210527
20180106T125550Z,18.0,8.465719296578376,0.46842105263157896
20180106T131121Z,118.80000000000001,5.778168376825359,0.5789473684210527
20180106T131136Z,18.0,3.472364426509674,0.5789473684210527
20180106T131404Z,313.2,3.0572719704105853,0.5789473684210527
20180106T131845Z,273.6,3.943814886992401,0.5789473684210527
20180106T135100Z,255.60000000000002,3.943814886992401,0.5789473684210527
20180106T151516Z,255.60000000000002,2.3700179062375537,0.5789473684210527
20180106T151710Z,82.8,6.562682848061104,0.5789473684210527
20180106T153817Z,43.2,8.465719296578376,0.5789473684210527
20180106T155130Z,284.40000000000003,5.778168376825359,0.5789473684210527
20180106T173437Z,46.800000000000004,7.453712553094249,0.5789473684210527
20180106T175706Z,7.2,2.6918003852647128,0.5789473684210527
20180106T190542Z,280.8,2.6918003852647128,0.5789473684210527
20180106T195948Z,280.8,5.0874361239029895,0.5789473684210527
20180106T201653Z,273.6,3.472364426509674,0.5789473684210527
20180106T234143Z,28.8,3.943814886992401,0.5789473684210527
20180106T235440Z,46.800000000000004,7.453712553094249,0.5789473684210527
20180107T080546Z,252.0,5.0874361239029895,0.5789473684210527
20180107T085245Z,3.6,3.472364426509674,0.5789473684210527
20180107T093850Z,10.8,3.472364426509674,0.5789473684210527
20180107T094902Z,244.80000000000004,6.562682848061104,0.5789473684210527
20180107T121856Z,277.2,3.943814886992401,0.5789473684210527
20180107T124003Z,255.60000000000002,5.778168376825359,0.5789473684210527
20180107T132830Z,140.4,3.943814886992401,0.5789473684210527
20180107T141920Z,259.2,4.479275200528711,0.5789473684210527
20180107T145937Z,39.6,5.778168376825359,0.5789473684210527
20180107T153941Z,280.8,5.778168376825359,0.5789473684210527
20180107T154017Z,252.0,4.479275200528711,0.5789473684210527
20180107T160017Z,277.2,3.943814886992401,0.5789473684210527
20180107T162116Z,255.60000000000002,7.453712553094249,0.5789473684210527
20180107T162509Z,273.6,4.479275200528711,0.5789473684210527
20180107T170053Z,140.4,3.472364426509674,0.5789473684210527
20180107T172243Z,277.2,3.943814886992401,0.5789473684210527
20180107T174941Z,252.0,4.479275200528711,0.5789473684210527
20180107T175900Z,255.60000000000002,8.465719296578376,0.5789473684210527
20180107T182840Z,252.0,4.479275200528711,0.5789473684210527
20180107T183329Z,46.800000000000004,5.0874361239029895,0.5789473684210527
20180107T185612Z,252.0,4.479275200528711,0.5789473684210527
20180107T192742Z,280.8,4.479275200528711,0.5789473684210527
20180107T193251Z,147.6,5.0874361239029895,0.5789473684210527
20180107T194008Z,270.0,5.0874361239029895,0.5789473684210527
20180107T202638Z,255.60000000000002,5.0874361239029895,0.5789473684210527
20180107T203023Z,82.8,9.615128393797233,0.5789473684210527
20180107T203756Z,244.80000000000004,9.615128393797233,0.5789473684210527
20180107T204213Z,39.6,5.0874361239029895,0.5789473684210527
20180107T212440Z,352.8,2.6918003852647128,0.5789473684210527
20180107T214638Z,10.8,3.0572719704105853,0.5789473684210527
20180107T215920Z,284.40000000000003,3.943814886992401,0.5421052631578948
20180107T230946Z,198.00000000000003,3.943814886992401,0.5789473684210527
20180108T000722Z,25.200000000000003,3.472364426509674,0.5789473684210527
20180108T001005Z,273.6,3.943814886992401,0.5789473684210527
20180108T001249Z,273.6,4.479275200528711,0.5789473684210527
20180108T002557Z,3.6,6.562682848061104,0.5421052631578948
20180108T002904Z,43.2,5.778168376825359,0.5789473684210527
20180108T004002Z,3.6,3.472364426509674,0.5789473684210527
20180108T005743Z,255.60000000000002,4.479275200528711,0.5789473684210527
20180108T010933Z,255.60000000000002,6.562682848061104,0.5789473684210527
20180108T012013Z,198.00000000000003,4.479275200528711,0.5789473684210527
20180108T021558Z,273.6,3.472364426509674,0.5789473684210527
20180108T044149Z,248.4,7.453712553094249,0.5789473684210527
20180108T052018Z,338.40000000000003,3.472364426509674,0.5789473684210527
20180108T054858Z,25.200000000000003,3.472364426509674,0.5789473684210527
20180108T062755Z,259.2,5.0874361239029895,0.5789473684210527
20180108T064900Z,136.8,3.943814886992401,0.5789473684210527
20180108T074705Z,180.00000000000003,7.453712553094249,0.5789473684210527
20180108T083106Z,259.2,5.778168376825359,0.5789473684210527
20180108T085805Z,356.40000000000003,2.6918003852647128,0.5789473684210527
20180108T090328Z,356.40000000000003,2.6918003852647128,0.5789473684210527
20180108T093549Z,270.0,8.465719296578376,0.5789473684210527
20180108T093842Z,280.8,5.0874361239029895,0.5789473684210527
20180108T094208Z,136.8,3.0572719704105853,0.5789473684210527
20180108T103832Z,154.8,3.472364426509674,0.5789473684210527
20180108T103918Z,64.8,7.453712553094249,0.5789473684210527
20180108T110550Z,0.0,3.0572719704105853,0.5789473684210527
20180108T112859Z,280.8,5.0874361239029895,0.5789473684210527
20180108T121441Z,270.0,16.0,0.5789473684210527
20180108T124334Z,0.0,3.0572719704105853,0.5789473684210527
20180108T124751Z,277.2,7.453712553094249,0.5789473684210527
20180108T125024Z,10.8,3.472364426509674,0.5789473684210527
20180108T125338Z,252.0,9.615128393797233,0.5789473684210527
20180108T130307Z,36.0,4.479275200528711,0.5789473684210527
20180108T132330Z,248.4,7.453712553094249,0.5789473684210527
20180108T134650Z,28.8,4.479275200528711,0.5789473684210527
20180108T135444Z,277.2,16.0,0.5789473684210527
20180108T140440Z,212.4,2.6918003852647128,0.5789473684210527
20180108T141747Z,309.6,2.3700179062375537,0.5789473684210527
20180108T142558Z,32.4,3.943814886992401,0.5789473684210527
20180108T143333Z,244.80000000000004,5.778168376825359,0.5789473684210527
20180108T145141Z,198.00000000000003,3.943814886992401,0.5789473684210527
20180108T145758Z,50.400000000000006,5.778168376825359,0.5789473684210527
20180108T151645Z,144.0,3.472364426509674,0.5789473684210527
20180108T155657Z,280.8,8.465719296578376,0.5789473684210527
20180108T155712Z,280.8,9.615128393797233,0.5789473684210527
20180108T160044Z,147.6,5.0874361239029895,0.5789473684210527
20180108T160451Z,284.40000000000003,9.615128393797233,0.5789473684210527
20180108T161438Z,7.2,3.472364426509674,0.5789473684210527
20180108T161542Z,248.4,7.453712553094249,0.5789473684210527
20180108T162845Z,79.2,16.0,0.43157894736842106
20180108T165134Z,252.0,8.465719296578376,0.5789473684210527
20180108T172012Z,277.2,5.778168376825359,0.5789473684210527
20180108T172859Z,252.0,8.465719296578376,0.5789473684210527
20180108T174852Z,270.0,7.453712553094249,0.5789473684210527
20180108T175759Z,3.6,3.472364426509674,0.5789473684210527
20180108T181730Z,252.0,8.465719296578376,0.5789473684210527
20180108T183846Z,43.2,5.778168376825359,0.5789473684210527
20180108T184136Z,248.4,8.465719296578376,0.5789473684210527
20180108T191718Z,356.40000000000003,2.6918003852647128,0.5789473684210527
20180108T193734Z,3.6,3.943814886992401,0.5789473684210527
20180108T193942Z,356.40000000000003,3.472364426509674,0.5789473684210527
20180108T195042Z,280.8,5.778168376825359,0.5789473684210527
20180108T200629Z,277.2,16.0,0.5789473684210527
20180108T200908Z,273.6,5.0874361239029895,0.5789473684210527
20180108T205937Z,169.20000000000002,3.943814886992401,0.5789473684210527
20180108T212102Z,43.2,6.562682848061104,0.5789473684210527
20180108T233910Z,270.0,3.943814886992401,0.5789473684210527
20180108T234504Z,280.8,4.479275200528711,0.5789473684210527
20180108T235719Z,46.800000000000004,7.453712553094249,0.5789473684210527
20180109T003529Z,316.8,3.0572719704105853,0.5789473684210527
20180109T014216Z,252.0,5.0874361239029895,0.5789473684210527
20180109T023545Z,284.40000000000003,12.40330819986167,0.5789473684210527
20180109T024027Z,248.4,5.0874361239029895,0.5789473684210527
20180109T024315Z,147.6,4.479275200528711,0.5789473684210527
20180109T024341Z,252.0,5.778168376825359,0.5789473684210527
20180109T031041Z,208.8,2.6918003852647128,0.5789473684210527
20180109T034503Z,259.2,4.479275200528711,0.5789473684210527
20180109T034533Z,21.6,3.0572719704105853,0.6157894736842106
20180109T043118Z,198.00000000000003,3.943814886992401,0.5789473684210527
20180109T053244Z,266.40000000000003,3.943814886992401,0.5789473684210527
20180109T061954Z,32.4,1.8372539081409522,0.6526315789473685
20180109T062815Z,187.20000000000002,8.465719296578376,0.5789473684210527
20180109T072809Z,277.2,7.453712553094249,0.5789473684210527
20180109T100457Z,252.0,7.453712553094249,0.5789473684210527
20180109T100514Z,345.6,3.943814886992401,0.5789473684210527
20180109T100828Z,280.8,14.087332295285256,0.5789473684210527
20180109T103022Z,288.0,5.0874361239029895,0.5789473684210527
20180109T110935Z,82.8,8.465719296578376,0.5789473684210527
20180109T121656Z,252.0,4.479275200528711,0.5789473684210527
20180109T131940Z,280.8,16.0,0.5789473684210527
20180109T134757Z,43.2,5.778168376825359,0.5789473684210527
20180109T141050Z,280.8,8.465719296578376,0.5789473684210527
20180109T142039Z,352.8,2.3700179062375537,0.6157894736842106
20180109T154140Z,255.60000000000002,4.479275200528711,0.5789473684210527
20180109T155214Z,352.8,3.0572719704105853,0.5789473684210527
20180109T172632Z,151.20000000000002,0.45286183213195336,0.8
20180109T184939Z,140.4,3.943814886992401,0.5789473684210527
20180109T190135Z,259.2,4.479275200528711,0.5789473684210527
20180109T195103Z,7.2,3.0572719704105853,0.6157894736842106
20180109T200117Z,93.60000000000001,12.40330819986167,0.5789473684210527
20180109T201707Z,36.0,6.562682848061104,0.5421052631578948
20180109T204955Z,205.20000000000002,4.479275200528711,0.5789473684210527
20180109T212632Z,25.200000000000003,3.943814886992401,0.5789473684210527
20180109T231453Z,255.60000000000002,4.479275200528711,0.5789473684210527
20180110T005009Z,165.6,4.479275200528711,0.5789473684210527
20180110T020042Z,3.6,2.3700179062375537,0.5789473684210527
20180110T030545Z,273.6,10.920595260767984,0.5789473684210527
20180110T033034Z,28.8,4.479275200528711,0.5421052631578948
20180110T044251Z,313.2,3.943814886992401,0.5789473684210527
20180110T060522Z,288.0,8.465719296578376,0.5789473684210527
20180110T061616Z,10.8,0.45286183213195336,0.7631578947368421
20180110T075539Z,280.8,4.479275200528711,0.5789473684210527
20180110T112057Z,277.2,5.0874361239029895,0.5789473684210527
20180110T113143Z,356.40000000000003,2.3700179062375537,0.5789473684210527
20180110T120005Z,244.80000000000004,8.465719296578376,0.5789473684210527
20180110T124755Z,212.4,2.6918003852647128,0.5789473684210527
20180110T125214Z,43.2,5.0874361239029895,0.5789473684210527
20180110T134956Z,248.4,5.0874361239029895,0.5789473684210527
20180110T150436Z,356.40000000000003,2.6918003852647128,0.5789473684210527
20180110T150901Z,32.4,4.479275200528711,0.5789473684210527
20180110T153519Z,284.40000000000003,6.562682848061104,0.5789473684210527
20180110T153544Z,273.6,16.0,0.5789473684210527
20180110T153640Z,270.0,4.479275200528711,0.5789473684210527
20180110T154052Z,140.4,3.943814886992401,0.5789473684210527
20180110T154515Z,273.6,10.920595260767984,0.5789473684210527
20180110T160440Z,3.6,3.0572719704105853,0.5789473684210527
20180110T161846Z,270.0,6.562682848061104,0.5789473684210527
20180110T161951Z,352.8,2.6918003852647128,0.6157894736842106
20180110T162928Z,82.8,6.562682848061104,0.5789473684210527
20180110T164450Z,352.8,2.6918003852647128,0.6157894736842106
20180110T170756Z,295.2,2.086701861934038,0.32105263157894737
20180110T174657Z,36.0,5.778168376825359,0.5421052631578948
20180110T175802Z,266.40000000000003,3.943814886992401,0.5789473684210527
20180110T181739Z,284.40000000000003,14.087332295285256,0.5789473684210527
20180110T182150Z,273.6,7.453712553094249,0.5789473684210527
20180110T184211Z,252.0,4.479275200528711,0.5789473684210527
20180110T185149Z,262.8,2.6918003852647128,0.5789473684210527
20180110T192003Z,140.4,3.943814886992401,0.5789473684210527
20180110T192250Z,284.40000000000003,14.087332295285256,0.5789473684210527
20180110T193055Z,280.8,6.562682848061104,0.5789473684210527
20180110T195216Z,0.0,3.0572719704105853,0.5789473684210527
20180110T203744Z,248.4,5.0874361239029895,0.5789473684210527
20180110T204110Z,273.6,5.0874361239029895,0.5789473684210527
20180110T205302Z,147.6,4.479275200528711,0.5789473684210527
20180110T213834Z,273.6,12.40330819986167,0.5789473684210527
20180110T214201Z,144.0,3.943814886992401,0.5789473684210527
20180110T214235Z,273.6,6.562682848061104,0.5789473684210527
20180110T214731Z,230.4,7.453712553094249,0.7631578947368421
20180110T214800Z,165.6,3.943814886992401,0.5789473684210527
20180110T215042Z,244.80000000000004,12.40330819986167,0.6157894736842106
20180110T215208Z,216.00000000000003,7.453712553094249,0.5789473684210527
20180110T215611Z,46.800000000000004,5.778168376825359,0.5789473684210527
20180110T230758Z,309.6,3.943814886992401,0.5789473684210527
20180110T231524Z,252.0,7.453712553094249,0.5789473684210527
20180111T002300Z,198.00000000000003,10.920595260767984,0.5789473684210527
20180111T004434Z,259.2,3.472364426509674,0.5789473684210527
20180111T011002Z,277.2,5.778168376825359,0.5789473684210527
20180111T011451Z,252.0,3.0572719704105853,0.5421052631578948
20180111T011509Z,244.80000000000004,10.920595260767984,0.6157894736842106
20180111T021515Z,352.8,3.0572719704105853,0.5789473684210527
20180111T034047Z,43.2,4.479275200528711,0.6157894736842106
20180111T034618Z,43.2,5.0874361239029895,0.5789473684210527
20180111T050258Z,280.8,9.615128393797233,0.5789473684210527
20180111T052418Z,133.20000000000002,7.453712553094249,0.5789473684210527
20180111T061517Z,25.200000000000003,3.943814886992401,0.5789473684210527
20180111T063207Z,273.6,16.0,0.5789473684210527
20180111T065119Z,25.200000000000003,3.472364426509674,0.5789473684210527
20180111T075337Z,252.0,5.778168376825359,0.5789473684210527
20180111T082637Z,39.6,5.0874361239029895,0.5789473684210527
20180111T082952Z,32.4,3.943814886992401,0.5789473684210527
20180111T100947Z,144.0,3.472364426509674,0.5789473684210527
20180111T114440Z,270.0,5.778168376825359,0.5789473684210527
20180111T122434Z,36.0,5.0874361239029895,0.5789473684210527
20180111T122501Z,277.2,7.453712553094249,0.5789473684210527
20180111T132359Z,230.4,16.0,0.6894736842105263
20180111T134449Z,284.40000000000003,8.465719296578376,0.5789473684210527
20180111T142755Z,0.0,2.6918003852647128,0.5789473684210527
20180111T144835Z,270.0,16.0,0.5789473684210527
20180111T153130Z,277.2,9.615128393797233,0.5789473684210527
20180111T154254Z,50.400000000000006,8.465719296578376,0.5789473684210527
20180111T155111Z,133.20000000000002,7.453712553094249,0.5789473684210527
20180111T161008Z,288.0,12.40330819986167,0.5789473684210527
20180111T170330Z,248.4,6.562682848061104,0.5789473684210527
20180111T173852Z,252.0,7.453712553094249,0.5789473684210527
20180111T174614Z,248.4,2.3700179062375537,0.5421052631578948
20180111T174754Z,144.0,3.943814886992401,0.5789473684210527
20180111T181756Z,3.6,2.6918003852647128,0.5789473684210527
20180111T191209Z,144.0,16.0,0.5789473684210527
20180111T193630Z,212.4,3.0572719704105853,0.5789473684210527
20180111T194445Z,324.00000000000006,3.472364426509674,0.5789473684210527
20180111T195240Z,270.0,10.920595260767984,0.5789473684210527
20180111T205531Z,345.6,3.0572719704105853,0.5789473684210527
20180111T210347Z,277.2,16.0,0.5789473684210527
20180111T211429Z,0.0,3.0572719704105853,0.5789473684210527
20180111T223705Z,82.8,10.920595260767984,0.5789473684210527
20180111T224221Z,316.8,3.943814886992401,0.5789473684210527
20180111T230804Z,252.0,7.453712553094249,0.5789473684210527
20180112T000321Z,46.800000000000004,6.562682848061104,0.5789473684210527
20180112T000641Z,18.0,3.943814886992401,0.5789473684210527
20180112T003251Z,255.60000000000002,3.943814886992401,0.5789473684210527
20180112T010437Z,248.4,5.0874361239029895,0.5789473684210527
20180112T020542Z,198.00000000000003,3.943814886992401,0.5789473684210527
20180112T021759Z,273.6,12.40330819986167,0.5789473684210527
20180112T023227Z,0.0,2.3700179062375537,0.6157894736842106
20180112T042353Z,255.60000000000002,5.778168376825359,0.5789473684210527
20180112T051218Z,342.00000000000006,3.472364426509674,0.5789473684210527
20180112T062801Z,270.0,2.3700179062375537,0.5789473684210527
20180112T063538Z,270.0,3.943814886992401,0.5789473684210527
20180112T071914Z,280.8,5.778168376825359,0.5789473684210527
20180112T095911Z,277.2,3.0572719704105853,0.5789473684210527
20180112T104139Z,270.0,2.6918003852647128,0.5789473684210527
20180112T114033Z,46.800000000000004,2.6918003852647128,0.6526315789473685
20180112T121450Z,43.2,5.0874361239029895,0.5789473684210527
20180112T132707Z,205.20000000000002,4.479275200528711,0.5789473684210527
20180112T133001Z,273.6,2.3700179062375537,0.5789473684210527
20180112T133011Z,270.0,4.479275200528711,0.5789473684210527
20180112T142059Z,277.2,3.0572719704105853,0.5789473684210527
20180112T143802Z,144.0,3.472364426509674,0.5789473684210527
20180112T145630Z,43.2,5.0874361239029895,0.5789473684210527
20180112T161746Z,0.0,2.3700179062375537,0.5789473684210527
20180112T172522Z,270.0,2.3700179062375537,0.5789473684210527
20180112T173942Z,266.40000000000003,3.0572719704105853,0.5789473684210527
20180112T174124Z,288.0,1.617625394674567,0.6526315789473685
20180112T181211Z,43.2,2.3700179062375537,0.6526315789473685
20180112T181218Z,288.0,1.617625394674567,0.6526315789473685
20180112T181321Z,46.800000000000004,5.778168376825359,0.5789473684210527
20180112T191757Z,338.40000000000003,3.0572719704105853,0.5789473684210527
20180112T193103Z,3.6,3.943814886992401,0.39473684210526316
20180112T193209Z,270.0,3.472364426509674,0.5789473684210527
20180112T195511Z,288.0,1.617625394674567,0.6526315789473685
20180112T205026Z,284.40000000000003,5.0874361239029895,0.5789473684210527
20180112T212500Z,244.80000000000004,8.465719296578376,0.5789473684210527
20180112T212639Z,244.80000000000004,7.453712553094249,0.5789473684210527
20180112T215229Z,133.20000000000002,0.9721047414289302,0.7631578947368421
20180112T222008Z,277.2,3.472364426509674,0.5789473684210527
20180112T222315Z,104.4,0.6634976520136784,0.6526315789473685
20180112T223936Z,140.4,3.472364426509674,0.5789473684210527
20180112T225321Z,126.0,0.7535821694056161,0.2105263157894737
20180112T230539Z,255.60000000000002,8.465719296578376,0.5789473684210527
20180112T232312Z,262.8,2.086701861934038,0.5421052631578948
20180112T233758Z,28.8,3.472364426509674,0.5789473684210527
20180112T235029Z,25.200000000000003,3.0572719704105853,0.1736842105263158
20180113T000138Z,25.200000000000003,3.943814886992401,0.5789473684210527
20180113T005947Z,273.6,2.086701861934038,0.5789473684210527
20180113T010107Z,43.2,4.479275200528711,0.5789473684210527
20180113T013233Z,140.4,3.472364426509674,0.5789473684210527
20180113T021034Z,244.80000000000004,6.562682848061104,0.5789473684210527
20180113T031538Z,255.60000000000002,3.943814886992401,0.5789473684210527
20180113T032437Z,0.0,2.6918003852647128,0.5789473684210527
20180113T033122Z,3.6,2.6918003852647128,0.5789473684210527
20180113T034525Z,252.0,7.453712553094249,0.5789473684210527
20180113T043654Z,36.0,2.3700179062375537,0.5789473684210527
20180113T045016Z,147.6,0.07618835338777971,0.8
20180113T050327Z,266.40000000000003,3.472364426509674,0.5789473684210527
20180113T053258Z,140.4,3.943814886992401,0.5789473684210527
20180113T054551Z,252.0,5.0874361239029895,0.5789473684210527
20180113T061957Z,280.8,5.0874361239029895,0.5789473684210527
20180113T070403Z,331.2,4.479275200528711,0.5421052631578948
20180113T070650Z,0.0,2.6918003852647128,0.5789473684210527
20180113T073318Z,36.0,2.3700179062375537,0.5052631578947369
20180113T092027Z,43.2,4.479275200528711,0.5789473684210527
20180113T101032Z,273.6,4.479275200528711,0.5789473684210527
20180113T105921Z,140.4,3.472364426509674,0.5789473684210527
20180113T110612Z,270.0,2.6918003852647128,0.5789473684210527
20180113T113610Z,144.0,4.479275200528711,0.5789473684210527
20180113T114626Z,277.2,3.472364426509674,0.5789473684210527
20180113T120448Z,36.0,2.086701861934038,0.5789473684210527
20180113T121929Z,277.2,4.479275200528711,0.5789473684210527
20180113T125056Z,288.0,1.617625394674567,0.6526315789473685
20180113T125403Z,277.2,1.617625394674567,0.6526315789473685
20180113T125424Z,187.20000000000002,3.0572719704105853,0.5789473684210527
20180113T130444Z,10.8,2.086701861934038,0.5421052631578948
20180113T132138Z,306.00000000000006,6.562682848061104,0.39473684210526316
20180113T134258Z,50.400000000000006,4.479275200528711,0.5789473684210527
20180113T140510Z,25.200000000000003,3.0572719704105853,0.5789473684210527
20180113T141554Z,270.0,1.4242516540045356,0.8
20180113T143334Z,187.20000000000002,2.3700179062375537,0.5421052631578948
20180113T150410Z,0.0,2.3700179062375537,0.5789473684210527
20180113T151127Z,352.8,2.3700179062375537,0.5789473684210527
20180113T153450Z,133.20000000000002,1.1040895136738127,0.6526315789473685
20180113T153806Z,345.6,1.8372539081409522,0.6157894736842106
20180113T155949Z,201.60000000000002,3.943814886992401,0.5789473684210527
20180113T162934Z,248.4,3.472364426509674,0.6157894736842106
20180113T165409Z,147.6,5.0874361239029895,0.5789473684210527
20180113T165554Z,151.20000000000002,1.4242516540045356,0.5789473684210527
20180113T204455Z,10.8,16.0,0.6157894736842106
20180113T220947Z,320.40000000000003,2.3700179062375537,0.6157894736842106
20180113T232342Z,136.8,3.943814886992401,0.5789473684210527
20180113T234424Z,14.4,0.8558976573957302,0.7263157894736842
20180114T002428Z,352.8,2.086701861934038,0.5789473684210527
20180114T004836Z,342.00000000000006,2.6918003852647128,0.5789473684210527
20180114T024344Z,28.8,3.472364426509674,0.5789473684210527
20180114T030147Z,36.0,14.087332295285256,0.5789473684210527
20180114T030750Z,259.2,3.943814886992401,0.5789473684210527
20180114T035735Z,273.6,1.8372539081409522,0.6157894736842106
20180114T040940Z,237.60000000000002,1.8372539081409522,0.8
20180114T044108Z,273.6,1.617625394674567,0.6526315789473685
20180114T054210Z,252.0,3.472364426509674,0.6157894736842106
20180114T054609Z,252.0,16.0,0.5789473684210527
20180114T060357Z,248.4,3.472364426509674,0.6157894736842106
20180114T080413Z,277.2,6.562682848061104,0.5789473684210527
20180114T081745Z,3.6,3.943814886992401,0.5789473684210527
20180114T091411Z,284.40000000000003,4.479275200528711,0.5789473684210527
20180114T091607Z,273.6,3.0572719704105853,0.5789473684210527
20180114T093912Z,140.4,3.0572719704105853,0.5789473684210527
20180114T095637Z,39.6,1.4242516540045356,0.5789473684210527
20180114T102812Z,108.00000000000001,0.7535821694056161,0.32105263157894737
20180114T110550Z,273.6,3.943814886992401,0.5789473684210527
20180114T114526Z,331.2,1.2539941451294703,0.8
20180114T122916Z,266.40000000000003,2.086701861934038,0.6157894736842106
20180114T134157Z,140.4,3.0572719704105853,0.5789473684210527
20180114T141433Z,270.0,1.4242516540045356,0.8
20180114T144645Z,295.2,6.562682848061104,0.5421052631578948
20180114T153554Z,252.0,1.4242516540045356,0.6894736842105263
20180114T154904Z,151.20000000000002,0.8558976573957302,0.8
20180114T161437Z,39.6,0.7535821694056161,0.8
20180114T165412Z,7.2,2.6918003852647128,0.5789473684210527
20180114T165642Z,352.8,14.087332295285256,0.5421052631578948
20180114T174146Z,248.4,5.778168376825359,0.5789473684210527
20180114T183542Z,280.8,3.472364426509674,0.5789473684210527
20180114T184018Z,277.2,4.479275200528711,0.5789473684210527
20180114T184035Z,288.0,1.8372539081409522,0.5789473684210527
20180114T194200Z,46.800000000000004,1.8372539081409522,0.5789473684210527
20180114T200220Z,277.2,4.479275200528711,0.5789473684210527
20180114T202145Z,338.40000000000003,1.1040895136738127,0.8
20180114T203508Z,198.00000000000003,16.0,0.5052631578947369
20180114T230817Z,93.60000000000001,3.472364426509674,0.6157894736842106
20180115T010255Z,230.4,4.479275200528711,0.6157894736842106
20180115T011826Z,36.0,9.615128393797233,0.6157894736842106
20180115T022828Z,255.60000000000002,3.0572719704105853,0.6157894736842106
20180115T030634Z,252.0,16.0,0.5789473684210527
20180115T034510Z,10.8,10.920595260767984,0.6157894736842106
20180115T040523Z,255.60000000000002,12.40330819986167,0.5789473684210527
20180115T050310Z,248.4,2.3700179062375537,0.6894736842105263
20180115T070700Z,14.4,8.465719296578376,0.6157894736842106
20180115T072120Z,356.40000000000003,1.8372539081409522,0.5789473684210527
20180115T072931Z,10.8,10.920595260767984,0.6157894736842106
20180115T080046Z,356.40000000000003,2.3700179062375537,0.5789473684210527
20180115T092613Z,32.4,3.943814886992401,0.5789473684210527
20180115T105059Z,306.00000000000006,0.9721047414289302,0.8
20180115T122652Z,201.60000000000002,7.453712553094249,0.5421052631578948
20180115T140634Z,50.400000000000006,1.2539941451294703,0.6526315789473685
20180115T154201Z,277.2,1.617625394674567,0.6526315789473685
20180115T165738Z,208.8,3.0572719704105853,0.6526315789473685
20180115T170853Z,140.4,3.472364426509674,0.5789473684210527
20180115T200943Z,10.8,2.086701861934038,0.5421052631578948
20180115T232251Z,345.6,3.0572719704105853,0.6526315789473685
20180115T234416Z,104.4,1.8372539081409522,0.6526315789473685
20180116T000143Z,7.2,3.0572719704105853,0.5789473684210527
20180116T001418Z,252.0,3.0572719704105853,0.6157894736842106
20180116T011331Z,140.4,3.0572719704105853,0.5789473684210527
20180116T013141Z,259.2,2.6918003852647128,0.6157894736842106
20180116T021450Z,284.40000000000003,3.943814886992401,0.5789473684210527
20180116T022146Z,277.2,1.4242516540045356,0.7631578947368421
20180116T023155Z,252.0,3.472364426509674,0.6157894736842106
20180116T023551Z,244.80000000000004,3.0572719704105853,0.6526315789473685
20180116T025820Z,252.0,3.472364426509674,0.6157894736842106
20180116T030757Z,18.0,3.472364426509674,0.5789473684210527
20180116T031640Z,259.2,2.6918003852647128,0.6157894736842106
20180116T035427Z,7.2,9.615128393797233,0.6526315789473685
20180116T044651Z,273.6,2.086701861934038,0.5789473684210527
20180116T044658Z,273.6,2.086701861934038,0.5789473684210527
20180116T060501Z,248.4,3.943814886992401,0.6157894736842106
20180116T060720Z,248.4,2.3700179062375537,0.6894736842105263
20180116T060755Z,259.2,2.3700179062375537,0.35789473684210527
20180116T064554Z,32.4,1.8372539081409522,0.5421052631578948
20180116T065106Z,54.00000000000001,2.6918003852647128,0.5789473684210527
20180116T065858Z,252.0,16.0,0.5789473684210527
20180116T075908Z,273.6,1.8372539081409522,0.5421052631578948
20180116T081425Z,198.00000000000003,5.778168376825359,0.5421052631578948
20180116T091132Z,252.0,3.0572719704105853,0.6157894736842106
20180116T113042Z,255.60000000000002,5.0874361239029895,0.5789473684210527
20180116T113451Z,284.40000000000003,3.943814886992401,0.5789473684210527
20180116T120007Z,262.8,1.4242516540045356,0.7631578947368421
20180116T151255Z,122.40000000000002,8.465719296578376,0.5789473684210527
20180116T153944Z,273.6,3.943814886992401,0.5789473684210527
20180116T163235Z,140.4,3.943814886992401,0.5789473684210527
20180116T165031Z,208.8,5.0874361239029895,0.5789473684210527
20180116T165946Z,144.0,4.479275200528711,0.5789473684210527
20180116T170749Z,187.20000000000002,3.0572719704105853,0.5421052631578948
20180116T173738Z,28.8,0.8558976573957302,0.7263157894736842
20180116T193448Z,273.6,3.943814886992401,0.5789473684210527
20180116T195215Z,273.6,3.472364426509674,0.5789473684210527
20180116T195421Z,270.0,3.472364426509674,0.5789473684210527
20180116T220125Z,140.4,3.472364426509674,0.5789473684210527
20180116T220922Z,172.8,1.617625394674567,0.6526315789473685
20180116T223736Z,273.6,3.472364426509674,0.5789473684210527
20180116T223923Z,144.0,3.472364426509674,0.5789473684210527
20180116T230111Z,252.0,3.0572719704105853,0.6157894736842106
20180116T233423Z,277.2,3.0572719704105853,0.5789473684210527
20180117T005541Z,244.80000000000004,1.4242516540045356,0.8
20180117T012605Z,273.6,3.943814886992401,0.5789473684210527
20180117T013357Z,219.60000000000002,8.465719296578376,0.7263157894736842
20180117T013531Z,349.2,1.617625394674567,0.6157894736842106
20180117T013736Z,280.8,3.0572719704105853,0.5789473684210527
20180117T014312Z,288.0,3.472364426509674,0.43157894736842106
20180117T020346Z,277.2,3.0572719704105853,0.5789473684210527
20180117T020428Z,277.2,3.0572719704105853,0.5789473684210527
20180117T021751Z,252.0,3.472364426509674,0.6157894736842106
20180117T024558Z,277.2,4.479275200528711,0.5789473684210527
20180117T044018Z,284.40000000000003,3.943814886992401,0.5789473684210527
20180117T051822Z,93.60000000000001,0.2721452912874363,0.43157894736842106
20180117T053932Z,252.0,3.943814886992401,0.5421052631578948
20180117T063222Z,345.6,1.8372539081409522,0.6157894736842106
20180117T080823Z,255.60000000000002,2.6918003852647128,0.6157894736842106
20180117T101259Z,14.4,12.40330819986167,0.6157894736842106
20180117T115409Z,198.00000000000003,5.0874361239029895,0.5421052631578948
20180117T123354Z,0.0,3.0572719704105853,0.5789473684210527
20180117T134550Z,7.2,3.943814886992401,0.5789473684210527
20180117T150903Z,32.4,3.943814886992401,0.5789473684210527
20180117T154040Z,46.800000000000004,5.778168376825359,0.5789473684210527
20180117T170737Z,252.0,3.943814886992401,0.5789473684210527
20180117T181027Z,291.6,3.0572719704105853,0.5789473684210527
20180117T181721Z,144.0,3.943814886992401,0.5789473684210527
20180117T183357Z,277.2,1.4242516540045356,0.7631578947368421
20180117T194019Z,25.200000000000003,1.8372539081409522,0.8
20180117T212008Z,14.4,3.0572719704105853,0.5421052631578948
20180117T221739Z,118.80000000000001,16.0,0.5789473684210527
20180117T222014Z,3.6,3.472364426509674,0.5421052631578948
20180117T230558Z,280.8,2.086701861934038,0.5789473684210527
20180118T005246Z,46.800000000000004,6.562682848061104,0.5789473684210527
20180118T014421Z,345.6,3.943814886992401,0.5789473684210527
20180118T020505Z,277.2,2.6918003852647128,0.5789473684210527
20180118T025828Z,277.2,2.6918003852647128,0.5789473684210527
20180118T041121Z,288.0,16.0,0.5789473684210527
20180118T050814Z,140.4,3.472364426509674,0.5789473684210527
20180118T052453Z,262.8,16.0,0.5421052631578948
20180118T053347Z,259.2,7.453712553094249,0.5421052631578948
20180118T072859Z,36.0,1.8372539081409522,0.7631578947368421
20180118T111158Z,352.8,1.617625394674567,0.8
20180118T114451Z,237.60000000000002,3.0572719704105853,0.5421052631578948
20180118T122410Z,345.6,14.087332295285256,0.46842105263157896
20180118T142835Z,262.8,16.0,0.5421052631578948
20180118T154817Z,277.2,3.943814886992401,0.5789473684210527
20180118T184526Z,43.2,1.617625394674567,0.7631578947368421
20180118T203834Z,39.6,1.617625394674567,0.7631578947368421
20180118T214614Z,82.8,5.0874361239029895,0.5789473684210527
20180118T224501Z,255.60000000000002,14.087332295285256,0.5421052631578948
20180118T231148Z,248.4,1.8372539081409522,0.6894736842105263
20180119T003702Z,129.6,0.9721047414289302,0.6526315789473685
20180119T013444Z,266.40000000000003,16.0,0.5421052631578948
20180119T014300Z,136.8,2.3700179062375537,0.5789473684210527
20180119T020548Z,280.8,2.086701861934038,0.5789473684210527
20180119T022310Z,262.8,3.0572719704105853,0.5789473684210527
20180119T023524Z,291.6,1.4242516540045356,0.7631578947368421
20180119T025230Z,262.8,1.8372539081409522,0.6526315789473685
20180119T030201Z,28.8,2.3700179062375537,0.7263157894736842
20180119T032919Z,255.60000000000002,5.0874361239029895,0.5789473684210527
20180119T033149Z,277.2,2.6918003852647128,0.5789473684210527
20180119T033933Z,266.40000000000003,12.40330819986167,0.5421052631578948
20180119T041405Z,277.2,1.4242516540045356,0.7631578947368421
20180119T042604Z,18.0,5.778168376825359,0.5421052631578948
20180119T061833Z,10.8,1.8372539081409522,0.6894736842105263
20180119T100143Z,252.0,1.8372539081409522,0.6894736842105263
20180119T103518Z,0.0,12.40330819986167,0.46842105263157896
20180119T133435Z,259.2,1.8372539081409522,0.6526315789473685
20180119T170639Z,259.2,1.4242516540045356,0.7631578947368421
20180119T172415Z,18.0,3.472364426509674,0.6157894736842106
20180119T184507Z,28.8,3.0572719704105853,0.6526315789473685
20180119T194759Z,3.6,8.465719296578376,0.39473684210526316
20180119T205551Z,39.6,12.40330819986167,0.5789473684210527
20180119T205710Z,32.4,3.0572719704105853,0.6526315789473685
20180119T212411Z,266.40000000000003,2.086701861934038,0.6894736842105263
20180120T000749Z,14.4,1.8372539081409522,0.7263157894736842
20180120T004553Z,14.4,2.6918003852647128,0.6526315789473685
20180120T034159Z,277.2,2.086701861934038,0.5789473684210527
20180120T034429Z,280.8,2.086701861934038,0.5789473684210527
20180120T042340Z,21.6,6.562682848061104,0.5421052631578948
20180120T063256Z,277.2,5.0874361239029895,0.5789473684210527
20180120T120353Z,252.0,2.086701861934038,0.6526315789473685
20180120T120450Z,252.0,3.472364426509674,0.5789473684210527
20180120T133207Z,154.8,1.8372539081409522,0.43157894736842106
20180120T142810Z,255.60000000000002,1.4242516540045356,0.7631578947368421
20180120T143226Z,39.6,1.617625394674567,0.8
20180120T143543Z,266.40000000000003,3.0572719704105853,0.46842105263157896
20180120T150746Z,273.6,1.4242516540045356,0.7631578947368421
20180120T151254Z,255.60000000000002,4.479275200528711,0.5421052631578948
20180120T155650Z,136.8,1.2539941451294703,0.5052631578947369
20180120T164012Z,21.6,2.6918003852647128,0.6894736842105263
20180120T175351Z,212.4,5.0874361239029895,0.5421052631578948
20180120T194847Z,126.0,0.8558976573957302,0.7631578947368421
20180120T202357Z,43.2,2.3700179062375537,0.6526315789473685
20180120T203241Z,64.8,14.087332295285256,0.6894736842105263
20180120T211738Z,320.40000000000003,5.778168376825359,0.5421052631578948
20180120T225740Z,18.0,16.0,0.5052631578947369
20180121T002648Z,356.40000000000003,5.0874361239029895,0.5052631578947369
20180121T011014Z,32.4,2.3700179062375537,0.6894736842105263
20180121T014310Z,43.2,16.0,0.5789473684210527
20180121T023707Z,144.0,3.472364426509674,0.5789473684210527
20180121T031951Z,262.8,4.479275200528711,0.5789473684210527
20180121T045751Z,262.8,1.4242516540045356,0.7631578947368421
20180121T081010Z,212.4,1.1040895136738127,0.7263157894736842
20180121T094054Z,255.60000000000002,2.086701861934038,0.6526315789473685
20180121T135705Z,54.00000000000001,1.1040895136738127,0.5789473684210527
20180121T182923Z,147.6,12.40330819986167,0.6157894736842106
20180121T183426Z,140.4,3.943814886992401,0.5789473684210527
20180122T003953Z,14.4,9.615128393797233,0.5052631578947369
20180122T004451Z,32.4,4.479275200528711,0.6157894736842106
20180122T014924Z,259.2,1.617625394674567,0.6894736842105263
20180122T020856Z,262.8,1.617625394674567,0.6894736842105263
20180122T030203Z,316.8,6.562682848061104,0.5789473684210527
20180122T031607Z,28.8,2.086701861934038,0.7631578947368421
20180122T035820Z,262.8,3.0572719704105853,0.5789473684210527
20180122T041508Z,255.60000000000002,1.8372539081409522,0.6894736842105263
20180122T064928Z,288.0,16.0,0.5789473684210527
20180122T071848Z,144.0,10.920595260767984,0.6157894736842106
20180122T210240Z,316.8,0.2721452912874363,0.35789473684210527
20180122T232733Z,39.6,1.617625394674567,0.8
20180122T233753Z,3.6,2.6918003852647128,0.5789473684210527
20180122T234918Z,273.6,1.617625394674567,0.6894736842105263
20180123T051608Z,280.8,5.0874361239029895,0.5789473684210527
20180123T051904Z,277.2,2.3700179062375537,0.5789473684210527
20180123T093729Z,10.8,12.40330819986167,0.43157894736842106
20180123T111617Z,25.200000000000003,2.3700179062375537,0.7263157894736842
20180123T144612Z,270.0,3.472364426509674,0.5789473684210527
20180123T150030Z,252.0,3.472364426509674,0.5789473684210527
20180123T161435Z,144.0,16.0,0.6157894736842106
20180123T161446Z,270.0,2.3700179062375537,0.6157894736842106
20180123T162755Z,147.6,10.920595260767984,0.6157894736842106
20180123T173050Z,259.2,1.8372539081409522,0.6526315789473685
20180123T181041Z,342.00000000000006,3.943814886992401,0.5789473684210527
20180123T195704Z,147.6,12.40330819986167,0.6157894736842106
20180123T211344Z,18.0,3.943814886992401,0.5421052631578948
20180123T213947Z,7.2,5.0874361239029895,0.5052631578947369
20180123T220827Z,277.2,10.920595260767984,0.39473684210526316
20180123T230700Z,122.40000000000002,1.4242516540045356,0.6157894736842106
20180123T231141Z,352.8,3.0572719704105853,0.7631578947368421
20180123T232233Z,28.8,5.778168376825359,0.5789473684210527
20180123T235644Z,136.8,3.943814886992401,0.5789473684210527
20180124T000839Z,234.0,8.465719296578376,0.5052631578947369
20180124T012432Z,36.0,5.0874361239029895,0.6157894736842106
20180124T014821Z,32.4,16.0,0.5789473684210527
20180124T022113Z,25.200000000000003,2.6918003852647128,0.6894736842105263
20180124T033524Z,342.00000000000006,6.562682848061104,0.5052631578947369
20180124T051323Z,0.0,7.453712553094249,0.46842105263157896
20180124T065954Z,140.4,4.479275200528711,0.5789473684210527
20180124T073339Z,255.60000000000002,3.472364426509674,0.5789473684210527
20180124T111645Z,28.8,3.472364426509674,0.6157894736842106
20180124T161810Z,3.6,2.3700179062375537,0.7263157894736842
20180124T171416Z,21.6,2.3700179062375537,0.7263157894736842
20180124T172446Z,129.6,0.7535821694056161,0.8
20180124T180941Z,244.80000000000004,2.086701861934038,0.6526315789473685
20180124T182556Z,270.0,3.0572719704105853,0.5789473684210527
20180124T183513Z,136.8,3.472364426509674,0.5789473684210527
20180124T184911Z,32.4,2.6918003852647128,0.6526315789473685
20180124T185106Z,136.8,3.943814886992401,0.5789473684210527
20180124T190911Z,262.8,16.0,0.6894736842105263
20180124T193931Z,122.40000000000002,1.617625394674567,0.6157894736842106
20180124T194930Z,288.0,7.453712553094249,0.5789473684210527
20180124T203442Z,180.00000000000003,0.30909504861018205,0.32105263157894737
20180124T210752Z,18.0,8.465719296578376,0.46842105263157896
20180124T214454Z,338.40000000000003,8.465719296578376,0.7631578947368421
20180124T234905Z,273.6,2.6918003852647128,0.5789473684210527
20180124T235244Z,234.0,3.472364426509674,0.5421052631578948
20180125T211636Z,54.00000000000001,3.943814886992401,0.46842105263157896
20180125T233735Z,57.6,2.6918003852647128,0.46842105263157896
20180126T011412Z,129.6,3.0572719704105853,0.5789473684210527
20180126T021040Z,7.2,10.920595260767984,0.5052631578947369
20180126T042454Z,43.2,2.086701861934038,0.6894736842105263
20180126T145704Z,46.800000000000004,16.0,0.5052631578947369
20180126T154626Z,277.2,1.617625394674567,0.6526315789473685
20180126T170651Z,277.2,1.4242516540045356,0.7631578947368421
20180126T191254Z,298.8,6.562682848061104,0.5052631578947369
20180126T192007Z,194.4,5.778168376825359,0.5421052631578948
20180126T200544Z,0.0,12.40330819986167,0.46842105263157896
20180126T204608Z,273.6,12.40330819986167,0.5421052631578948
20180126T214923Z,277.2,1.4242516540045356,0.7263157894736842
20180127T000115Z,108.00000000000001,14.087332295285256,0.5789473684210527
20180127T000734Z,21.6,2.086701861934038,0.6894736842105263
20180127T003101Z,129.6,3.0572719704105853,0.5789473684210527
20180127T003913Z,3.6,2.086701861934038,0.7631578947368421
20180127T014106Z,273.6,8.465719296578376,0.5789473684210527
20180127T015509Z,302.40000000000003,0.9721047414289302,0.32105263157894737
20180127T020348Z,0.0,2.3700179062375537,0.6526315789473685
20180127T022912Z,86.4,5.0874361239029895,0.1368421052631579
20180127T065440Z,316.8,5.0874361239029895,0.6157894736842106
20180128T014023Z,140.4,6.562682848061104,0.6526315789473685
20180128T062158Z,259.2,3.943814886992401,0.5789473684210527
20180128T192747Z,25.200000000000003,1.2539941451294703,0.7631578947368421
20180128T195753Z,32.4,3.943814886992401,0.6526315789473685
20180128T210203Z,266.40000000000003,7.453712553094249,0.5789473684210527
20180128T233919Z,324.00000000000006,12.40330819986167,0.1368421052631579
