event_id,baz,rad,slow,vel,baz_opt,rad_opt,slow_opt,vel_opt
20180125T000053Z,4.0212385965949355,1.8372539081409522,0.5903614457831325,1.693877551020408,4.0745899027881,1.3805110739902817,0.6775040614228158,1.4760059119054068
20180125T000110Z,4.775220833456486,1.8372539081409522,0.6102117061021171,1.6387755102040817,4.786065183684196,1.6882222420121995,0.6393868183913094,1.5639984610818058
20180125T000231Z,0.5026548245743669,1.2539941451294703,0.5903614457831325,1.693877551020408,0.5085095040183644,1.2840744138010591,0.5823974362254435,1.7170405255920536
20180125T000318Z,2.6389378290154264,0.39872594456840704,0.5542986425339367,1.804081632653061,2.6373909957795316,0.4270416037929682,0.5338150273801788,1.8733080724754643
20180125T000326Z,2.6389378290154264,0.2721452912874363,0.6786703601108034,1.473469387755102,2.6557785993251217,0.28264791210922074,0.6689014849359636,1.4949884587200966
20180125T000748Z,1.7592918860102844,2.3700179062375537,0.6703146374829002,1.4918367346938775,1.7488942889369161,2.4415445566036675,0.6714485586490582,1.489317367829311
20180125T001016Z,4.272566008882119,1.617625394674567,0.5968331303288673,1.6755102040816325,4.262386811781471,1.7295373417245123,0.5725803047662252,1.7464799115091514
20180125T001327Z,4.1469023027385274,0.6634976520136784,0.5030800821355237,1.987755102040816,4.137107048373185,0.6636396105877356,0.5152055353115956,1.9409729349961298
20180125T001537Z,4.0212385965949355,1.617625394674567,0.4382826475849732,2.2816326530612243,4.0612448248895,1.382052219550244,0.46021417583717583,2.1729013413828455
20180125T001605Z,2.8902652413026098,0.584181993816139,0.5658198614318707,1.76734693877551,2.9234250062834963,0.5190259716684622,0.6185878717840112,1.6165852025452647
20180125T001834Z,1.884955592153876,7.453712553094249,0.5840286054827175,1.7122448979591838,1.908800198329733,7.326971608475529,0.5813221239863967,1.7202166556857221
20180125T002012Z,4.39822971502571,0.8558976573957302,0.6621621621621622,1.510204081632653,4.383813156297805,0.8950185412914662,0.6278443129712823,1.5927515457892507
20180125T002044Z,4.523893421169302,0.2721452912874363,0.6542056074766356,1.5285714285714285,4.546636083983685,0.27305179013231806,0.6887545256146176,1.4518960860658434
20180125T002121Z,0.5026548245743669,5.0874361239029895,0.5968331303288673,1.6755102040816325,0.49020753355984836,4.263049710275341,0.6128012434667529,1.6318504746217184
20180125T002133Z,0.3769911184307752,2.6918003852647128,0.6034482758620691,1.6571428571428568,0.3703322149866809,2.4833308659679147,0.6163637897610184,1.6224184752769597
20180125T002330Z,4.39822971502571,0.45286183213195336,0.5778301886792453,1.730612244897959,4.420715556727123,0.4409398359191061,0.5900715563741699,1.6947097164702016
20180125T002416Z,3.267256359733385,14.087332295285256,0.49395161290322587,2.024489795918367,3.2669958769245024,16.0,0.4965586257730261,2.013860897982052
20180125T002600Z,3.518583772020569,0.6634976520136784,0.5223880597014926,1.9142857142857141,3.5562833281782638,0.5706240544307726,0.5741515791112568,1.741700339042739
20180125T002845Z,4.523893421169302,3.943814886992401,0.4766536964980545,2.0979591836734692,4.528069645052424,4.48464828727581,0.4722802937955388,2.1173866729932276
20180125T002944Z,5.277875658030853,0.18574928614211858,0.4347826086956522,2.3,5.3232635156339345,0.18774152608019345,0.4347826086956522,2.3
20180125T003007Z,5.403539364174445,0.5143478667381388,0.6960227272727273,1.436734693877551,5.4062572047729605,0.5285455936214787,0.6585141913767676,1.5185701585402158
20180125T003302Z,3.6442474781641603,0.9721047414289302,0.6872370266479664,1.4551020408163264,3.6452409631266534,1.0006689859562494,0.6859166719386103,1.4579030382417943
20180125T003324Z,4.272566008882119,1.8372539081409522,0.56,1.7857142857142856,4.2534270392322355,1.877333051712017,0.5739074604953178,1.7424411927611776
20180125T003831Z,3.0159289474462017,4.479275200528711,0.624203821656051,1.6020408163265305,2.998701622397686,5.023681785735221,0.6185721217684322,1.6166263638605403
20180125T003905Z,2.261946710584651,3.943814886992401,0.6960227272727273,1.436734693877551,2.2678196028484727,3.959302382574113,0.6969562563965335,1.4348102780083944
20180125T004110Z,4.523893421169302,3.0572719704105853,0.5432372505543238,1.840816326530612,4.526692765135747,2.7528112595951,0.5475948262157246,1.8261677286301654
20180125T004216Z,4.1469023027385274,4.479275200528711,0.5658198614318707,1.76734693877551,4.164374013000051,3.502851690522051,0.5675447861548808,1.7619754852740446
20180125T004856Z,3.6442474781641603,3.472364426509674,0.4418394950405771,2.263265306122449,3.650386397219423,3.2987877575122324,0.4475385083807384,2.2344445925293677
20180125T005511Z,0.3769911184307752,6.562682848061104,0.4491292392300642,2.226530612244898,0.38333206630172323,7.867636418354229,0.44114015228313136,2.266853277409631
20180125T005848Z,4.523893421169302,0.6634976520136784,0.7050359712230216,1.4183673469387754,4.47781481373549,0.6994500834080604,0.6837749123554027,1.462469567003117
20180125T010009Z,2.5132741228718345,1.617625394674567,0.7142857142857143,1.4,2.516044656833611,1.6503277114007322,0.7142857142857142,1.4000000000000001
20180125T011115Z,4.39822971502571,1.617625394674567,0.624203821656051,1.6020408163265305,4.393663118410334,1.604580234707274,0.630948265969314,1.5849159969775315
20180125T011240Z,4.1469023027385274,2.3700179062375537,0.527448869752422,1.8959183673469386,4.146197454860502,2.3895370315843034,0.5256382649760025,1.9024490160465277
20180125T011409Z,4.0212385965949355,2.086701861934038,0.49395161290322587,2.024489795918367,3.996046514818526,2.641173786378486,0.4643570559579141,2.153515246876388
20180125T011832Z,4.272566008882119,0.7535821694056161,0.6542056074766356,1.5285714285714285,4.339318863989567,0.6761807079883877,0.7011868318045541,1.4261534225142662
20180125T012124Z,4.272566008882119,3.472364426509674,0.6314432989690723,1.5836734693877548,4.27370109398619,3.3518856470237175,0.6339512680491657,1.5774083125935883
20180125T012650Z,5.906194188748811,5.0874361239029895,0.4491292392300642,2.226530612244898,5.91242865026871,4.688805826700742,0.45760526852718475,2.185289525224497
20180125T013541Z,4.1469023027385274,2.3700179062375537,0.5840286054827175,1.7122448979591838,4.155437239457967,2.2728196716775546,0.5824274132026406,1.716952151172314
20180125T013634Z,0.7539822368615504,0.584181993816139,0.5125523012552302,1.951020408163265,0.7744406599725213,0.6281204660227646,0.494654338571323,2.021613725027123
20180125T013657Z,4.39822971502571,9.615128393797233,0.5174234424498416,1.9326530612244897,4.413231525463773,16.0,0.5090681881765484,1.9643733849917822
20180125T013854Z,0.7539822368615504,2.6918003852647128,0.6464379947229552,1.546938775510204,0.746592524970837,2.357345469923565,0.6619472256027372,1.5106944501345227
20180125T014028Z,4.0212385965949355,4.479275200528711,0.4984740590030519,2.0061224489795917,4.021050482290935,4.826772571486853,0.49190620918582406,2.0329078619583694
20180125T014106Z,5.026548245743669,0.7535821694056161,0.6464379947229552,1.546938775510204,5.043736927438175,0.7378219846561908,0.6677165849623183,1.497641398343331
20180125T015042Z,4.900884539600078,16.0,0.4725168756027001,2.1163265306122447,4.887811840436358,13.930198601162154,0.4737770505636334,2.110697423630673
20180125T015148Z,4.0212385965949355,2.3700179062375537,0.5840286054827175,1.7122448979591838,3.9976459773870316,3.3160547227509634,0.5378272282953851,1.8593331601478174
20180125T015414Z,2.261946710584651,0.3510615547429147,0.6872370266479664,1.4551020408163264,2.2878461290284746,0.3708941054655198,0.6683497772450158,1.496222538028021
20180125T020025Z,6.031857894892403,5.0874361239029895,0.6703146374829002,1.4918367346938775,6.032303286997124,4.8862910969937285,0.6717149801465898,1.488726661688813
20180125T021227Z,4.39822971502571,1.8372539081409522,0.6464379947229552,1.546938775510204,4.396398886212765,1.765325825068916,0.6687795981570424,1.4952609241605195
20180125T021840Z,0.12566370614359174,0.7535821694056161,0.5223880597014926,1.9142857142857141,0.11473201167715014,0.7410339538444636,0.5286992261241248,1.891434582439177
20180125T023717Z,4.523893421169302,2.6918003852647128,0.5903614457831325,1.693877551020408,4.556365630651083,2.0600120814340457,0.6118008679899487,1.6345187663519776
20180125T024217Z,0.3769911184307752,7.453712553094249,0.6621621621621622,1.510204081632653,0.3876990390299112,9.411498757263715,0.6501219640210799,1.5381729203777146
20180125T025046Z,1.1309733552923256,5.0874361239029895,0.5903614457831325,1.693877551020408,1.0876320917425444,16.0,0.6119614441386987,1.6340898753963884
20180125T030756Z,2.387610416728243,6.562682848061104,0.5840286054827175,1.7122448979591838,2.3754924558901562,5.403698761041732,0.580325208217749,1.7231717420498147
20180125T030943Z,2.1362830044410597,1.617625394674567,0.6034482758620691,1.6571428571428568,2.1272639660392496,1.5614490698274843,0.6086602132323533,1.6429527974062836
20180125T032834Z,5.026548245743669,9.615128393797233,0.5778301886792453,1.730612244897959,5.033131824929098,5.571549903841033,0.5745777988264427,1.7404083520847289
20180125T033941Z,4.523893421169302,6.562682848061104,0.5077720207253886,1.9693877551020407,4.514051448205464,4.962870322552721,0.5146106857346385,1.9432165474225205
20180125T034746Z,4.900884539600078,3.943814886992401,0.5658198614318707,1.76734693877551,4.890788839634257,4.3154975156392315,0.5680418663339302,1.7604336216516445
20180125T040835Z,0.7539822368615504,7.453712553094249,0.6034482758620691,1.6571428571428568,0.7418918550958262,4.462203439970053,0.6107702844617304,1.6372767723650739
20180125T043257Z,2.1362830044410597,16.0,0.5840286054827175,1.7122448979591838,2.1290729593489788,7.648876388894751,0.5820999048601345,1.7179181643059664
20180125T044725Z,4.523893421169302,16.0,0.527448869752422,1.8959183673469386,4.50519597857445,16.0,0.5368245549742583,1.8628059963612353
20180125T050056Z,4.39822971502571,1.617625394674567,0.6960227272727273,1.436734693877551,4.3957437688678125,1.5900175558917662,0.7055424750301018,1.4173491113449055
20180125T050442Z,4.900884539600078,1.617625394674567,0.6542056074766356,1.5285714285714285,4.909245922464672,1.658191378643731,0.6341094550389608,1.5770148072284433
20180125T052406Z,4.523893421169302,3.472364426509674,0.5778301886792453,1.730612244897959,4.510603475621969,3.3364405855923516,0.5889951518654836,1.697806844135761
20180125T070447Z,4.900884539600078,5.778168376825359,0.5658198614318707,1.76734693877551,4.880478119612514,6.005754902143684,0.5703466067205165,1.75331980275991
20180125T070507Z,0.6283185307179586,2.086701861934038,0.6786703601108034,1.473469387755102,0.626064702968555,1.9414896976774747,0.6865800370193941,1.4564944304836418
20180125T070658Z,2.6389378290154264,5.778168376825359,0.6388526727509779,1.5653061224489795,2.643044410742939,6.186765630811152,0.6406777952357746,1.560846977117401
20180125T081518Z,0.5026548245743669,6.562682848061104,0.5778301886792453,1.730612244897959,0.4921719137480085,5.105138865785181,0.5802928135395492,1.7232679376130964
20180125T082446Z,1.884955592153876,1.617625394674567,0.6171284634760705,1.620408163265306,1.8701820318878464,1.8572673600822465,0.6065854002303742,1.648572483973751
20180125T082718Z,4.39822971502571,1.8372539081409522,0.6786703601108034,1.473469387755102,4.393531420682249,1.8824477240113409,0.673221137158945,1.4853960233929846
20180125T085029Z,4.39822971502571,16.0,0.5223880597014926,1.9142857142857141,4.347904293853466,3.128012403472114,0.5872860832370246,1.7027476532189627
20180125T092347Z,2.7646015351590183,2.3700179062375537,0.5174234424498416,1.9326530612244897,2.8493272003083607,3.8643829427788905,0.5615881699471497,1.7806642901578726
20180125T095015Z,4.39822971502571,1.617625394674567,0.6960227272727273,1.436734693877551,4.401354443106734,1.6058000265730286,0.6960577233421079,1.4366624583928458
20180125T100934Z,2.5132741228718345,9.615128393797233,0.6102117061021171,1.6387755102040817,2.528383253130857,9.904964926856792,0.6143221552917619,1.6278104108504223
20180125T101511Z,4.775220833456486,0.21096887018620009,0.624203821656051,1.6020408163265305,4.804359360504611,0.20142922404729535,0.6188415585985765,1.6159225024650765
20180125T102616Z,3.1415926535897936,2.3700179062375537,0.5432372505543238,1.840816326530612,3.1343127809378313,2.3337034044041607,0.5385989385251719,1.8566690880198682
20180125T105112Z,2.1362830044410597,16.0,0.5840286054827175,1.7122448979591838,2.1207156770821145,16.0,0.5835578407125914,1.7136261913281547
20180125T120025Z,5.277875658030853,1.617625394674567,0.7050359712230216,1.4183673469387754,5.292875212004647,1.6099602017986512,0.7142857142857143,1.4
20180125T124204Z,4.649557127312894,0.584181993816139,0.4347826086956522,2.3,4.669227961162058,0.5822847596971406,0.4347826086956522,2.3
20180125T131020Z,4.0212385965949355,1.4242516540045356,0.5174234424498416,1.9326530612244897,4.01255669429284,1.423099115144041,0.522821656649602,1.912698120441873
20180125T131449Z,5.403539364174445,1.8372539081409522,0.5778301886792453,1.730612244897959,5.3985648494103495,1.7545499903990298,0.5897877633960218,1.6955251737370058
20180125T132547Z,4.775220833456486,2.3700179062375537,0.5840286054827175,1.7122448979591838,4.7609861417894415,2.181682613519868,0.5960790724369857,1.6776297747069702
20180125T141449Z,2.5132741228718345,12.40330819986167,0.6314432989690723,1.5836734693877548,2.5090081688114987,11.998719717390856,0.6292269991212109,1.5892515759759465
20180125T143542Z,5.026548245743669,5.0874361239029895,0.5778301886792453,1.730612244897959,5.030983216074571,4.4585425735341015,0.5752859531657833,1.7382659779836906
20180125T144648Z,5.906194188748811,1.2539941451294703,0.5030800821355237,1.987755102040816,5.874155208066607,1.1610572172715203,0.5236569541651941,1.9096471307140086
20180125T150422Z,2.1362830044410597,1.617625394674567,0.5903614457831325,1.693877551020408,2.1417258376448265,1.7183714653116091,0.5833713119047133,1.714174111056284
20180125T151018Z,2.261946710584651,2.6918003852647128,0.5778301886792453,1.730612244897959,2.2897389134925565,3.2734380316439196,0.5804409769793135,1.722828056013763
20180125T152855Z,2.6389378290154264,6.562682848061104,0.6464379947229552,1.546938775510204,2.6480237997016713,6.7817710241671545,0.650703945590845,1.5367971975212031
20180125T153234Z,2.8902652413026098,0.3510615547429147,0.7050359712230216,1.4183673469387754,2.889471317654789,0.3469759047007986,0.7081691546063713,1.4120920030128112
20180125T154859Z,5.6548667764616285,2.086701861934038,0.7050359712230216,1.4183673469387754,5.669839946399705,2.2220501882613983,0.692073252944694,1.4449337490577945
20180125T154925Z,4.775220833456486,8.465719296578376,0.5432372505543238,1.840816326530612,4.750521172192586,5.745970888194689,0.5470771522974085,1.8278957470634203
20180125T155001Z,5.026548245743669,3.943814886992401,0.5717619603267211,1.7489795918367348,5.015219376925099,4.76811913786424,0.5738607420551003,1.7425830462261926
20180125T160033Z,4.649557127312894,1.617625394674567,0.4984740590030519,2.0061224489795917,4.635908749401711,1.6799217391447425,0.4910258130731021,2.0365528112289355
20180125T160317Z,4.775220833456486,0.9721047414289302,0.7142857142857143,1.4,4.741372057548871,1.0246279281917228,0.6754218869322561,1.480556107741736
20180125T161538Z,1.7592918860102844,3.943814886992401,0.5840286054827175,1.7122448979591838,1.6933761385324657,8.438539774949946,0.5867770658440146,1.7042247528226235
20180125T162605Z,4.775220833456486,0.8558976573957302,0.7050359712230216,1.4183673469387754,4.74505569416837,0.8944839409476399,0.670846788452596,1.4906533313018355
20180125T173223Z,4.900884539600078,8.465719296578376,0.56,1.7857142857142856,4.857873279443147,10.194158937937832,0.5693441302379374,1.75640697232109
20180125T174528Z,1.6336281798666925,16.0,0.6314432989690723,1.5836734693877548,1.630840178714977,15.012383550305884,0.633981732345671,1.5773325144560504
20180125T175845Z,4.523893421169302,2.6918003852647128,0.5778301886792453,1.730612244897959,4.513146990165071,2.662762665427757,0.587240066824797,1.7028810813386646
20180125T184957Z,3.267256359733385,0.8558976573957302,0.6542056074766356,1.5285714285714285,3.2755831698299405,0.85060161399538,0.6639356602751096,1.5061700400090547
20180125T185302Z,4.900884539600078,3.472364426509674,0.5717619603267211,1.7489795918367348,4.90940370231791,3.793682083397737,0.5713531203059794,1.7502310995772026
20180125T193038Z,4.900884539600078,4.479275200528711,0.7142857142857143,1.4,4.896658358565752,4.065004524275022,0.7142857142857142,1.4000000000000001
20180125T194001Z,2.387610416728243,1.8372539081409522,0.49395161290322587,2.024489795918367,2.40305405221323,1.8965620851260647,0.4953562680274133,2.018749059100751
20180125T195507Z,2.261946710584651,6.562682848061104,0.5717619603267211,1.7489795918367348,2.203901521615604,3.3007427213188114,0.5702700289417082,1.753555244444063
20180125T200343Z,5.529203070318037,7.453712553094249,0.5903614457831325,1.693877551020408,5.537226520015287,7.305203124319174,0.5932328683305856,1.6856786826631778
20180125T200701Z,4.0212385965949355,1.8372539081409522,0.532608695652174,1.8775510204081631,4.024338738293849,1.7802494521261871,0.5433186179404665,1.8405406459117029
20180125T201613Z,5.277875658030853,0.7535821694056161,0.7050359712230216,1.4183673469387754,5.260481639295289,0.7554431247058215,0.698183455389835,1.4322883080087367
20180125T201725Z,4.1469023027385274,6.562682848061104,0.7050359712230216,1.4183673469387754,4.173748245848863,4.713422536640912,0.6841651558247654,1.4616353836296934
20180125T202022Z,4.39822971502571,3.0572719704105853,0.5658198614318707,1.76734693877551,4.386238863411325,2.8423434770984644,0.582865674510576,1.7156611612781723
20180125T202249Z,4.39822971502571,2.3700179062375537,0.4808635917566242,2.0795918367346937,4.393922231240004,2.3726554893715326,0.48233514497532315,2.073247223258345
20180125T202329Z,5.529203070318037,0.3510615547429147,0.6960227272727273,1.436734693877551,5.588770271947666,0.3579425253002344,0.7023610011418834,1.4237692559441961
20180125T202432Z,4.1469023027385274,5.0874361239029895,0.6703146374829002,1.4918367346938775,4.163243440110646,4.291354204412646,0.6623767657095823,1.509714790386304
20180125T202713Z,4.900884539600078,1.1040895136738127,0.5968331303288673,1.6755102040816325,4.89982005758907,1.062745660045736,0.6293893652997926,1.5888415901715738
20180125T202918Z,0.12566370614359174,1.8372539081409522,0.6872370266479664,1.4551020408163264,0.13262181719930316,1.822891357489326,0.70950634251403,1.4094306704245223
20180125T202948Z,6.157521601035995,0.11162520220704067,0.45286506469500926,2.2081632653061223,6.134320342850555,0.11007809440862161,0.45548841600245815,2.195445514896702
20180125T203112Z,2.0106192982974678,3.0572719704105853,0.5125523012552302,1.951020408163265,2.004812321007173,2.918683693824477,0.5144801158095695,1.9437097164123278
20180125T203235Z,4.1469023027385274,2.086701861934038,0.46445497630331756,2.1530612244897958,4.156340103349949,2.088036816715277,0.4537931664019009,2.2036471107067137
20180125T203301Z,1.6336281798666925,14.087332295285256,0.5968331303288673,1.6755102040816325,1.676165880568458,8.26573378683004,0.589991367522062,1.6949400534451144
20180125T203701Z,4.1469023027385274,2.086701861934038,0.56,1.7857142857142856,4.164909564397393,1.907380559656878,0.5687262513711377,1.7583151781531232
20180125T204136Z,4.39822971502571,5.0874361239029895,0.4454545454545455,2.2448979591836733,4.387235371407562,5.461348088668277,0.4502799345695584,2.2208406887061094
20180125T204238Z,2.5132741228718345,7.453712553094249,0.5903614457831325,1.693877551020408,2.516463305658176,8.318561483058861,0.5926649512840252,1.687293972477151
20180125T204346Z,4.39822971502571,1.617625394674567,0.5903614457831325,1.693877551020408,4.4011725628215945,1.589319086308489,0.5986037149472173,1.670554283292706
20180125T204442Z,4.649557127312894,3.0572719704105853,0.6542056074766356,1.5285714285714285,4.659461530046943,2.858481036688388,0.6522343079795898,1.5331913512763158
20180125T204538Z,4.523893421169302,3.472364426509674,0.527448869752422,1.8959183673469386,4.505790390448892,3.2827610768845195,0.5396908719383124,1.852912569020255
20180125T204603Z,5.152211951887261,0.39872594456840704,0.6034482758620691,1.6571428571428568,4.97352227883508,0.42594660221320196,0.5261445556850939,1.9006183551550733
20180125T204630Z,4.272566008882119,2.086701861934038,0.5077720207253886,1.9693877551020407,4.280652876278014,2.0756205580694624,0.5023548395266326,1.9906247960949213
20180125T204721Z,2.8902652413026098,2.3700179062375537,0.4808635917566242,2.0795918367346937,2.9105777547344545,2.467599325302602,0.4893389440586744,2.0435732985112556
20180125T204800Z,5.026548245743669,1.2539941451294703,0.5487122060470325,1.8224489795918366,5.01492909090317,1.27571261824927,0.5362930297121646,1.864652241586494
20180125T204904Z,3.267256359733385,1.617625394674567,0.45286506469500926,2.2081632653061223,3.253464389276209,1.7968480556042277,0.43749658702153504,2.2857321169245526
20180125T205032Z,4.523893421169302,1.1040895136738127,0.5717619603267211,1.7489795918367348,4.5260985445219815,1.1100501238371554,0.5679789623880365,1.7606285905301047
20180125T205228Z,5.529203070318037,3.943814886992401,0.5717619603267211,1.7489795918367348,5.503967687310201,3.685146219868403,0.5682639002514872,1.759745779306844
20180125T205247Z,4.523893421169302,1.4242516540045356,0.6960227272727273,1.436734693877551,4.4893621542429845,1.5217985737282458,0.6830220803717855,1.4640815117655872
20180125T205337Z,5.7805304826052195,3.943814886992401,0.5778301886792453,1.730612244897959,5.807011166207873,5.2487244120795005,0.566762764315591,1.7644066670603806
20180125T205443Z,3.769911184307752,9.615128393797233,0.5903614457831325,1.693877551020408,3.7735120747419613,9.011415796639213,0.5819467983155922,1.71837013777623
20180125T205522Z,0.3769911184307752,5.778168376825359,0.4347826086956522,2.3,0.3722863954183352,5.1235825738670355,0.4347826086956522,2.3
20180125T205539Z,4.39822971502571,1.8372539081409522,0.5432372505543238,1.840816326530612,4.371587282717156,2.009924379278527,0.539027781382821,1.855191948427225
20180125T205553Z,4.0212385965949355,1.4242516540045356,0.6703146374829002,1.4918367346938775,4.023312314310731,1.3853527079549135,0.6928807737017555,1.4432497450570643
20180125T205642Z,3.392920065876977,0.584181993816139,0.6872370266479664,1.4551020408163264,3.394304154773045,0.5955634985557514,0.6849448828640483,1.4599714882438002
20180125T205706Z,2.1362830044410597,1.2539941451294703,0.6388526727509779,1.5653061224489795,2.114225969271385,1.0220241881845462,0.7142857142857143,1.4
20180125T205859Z,4.39822971502571,1.8372539081409522,0.4766536964980545,2.0979591836734692,4.38860217729988,1.7184143594105237,0.5107313371944238,1.9579765860721463
20180125T205919Z,0.6283185307179586,3.0572719704105853,0.6388526727509779,1.5653061224489795,0.6544569377581331,4.803699843246984,0.6021618460133293,1.660683098108252
20180125T210017Z,0.6283185307179586,1.1040895136738127,0.6171284634760705,1.620408163265306,0.6125344312423884,1.0682471622102359,0.6336143466902178,1.5782470918211593
20180125T210039Z,4.1469023027385274,1.4242516540045356,0.4725168756027001,2.1163265306122447,4.154764077004463,1.3336560908165598,0.502927764021617,1.9883571191289764
20180125T210106Z,4.0212385965949355,2.3700179062375537,0.5778301886792453,1.730612244897959,4.033621865123685,2.234209038037963,0.5749240679229917,1.7393601273515396
20180125T210214Z,4.0212385965949355,0.9721047414289302,0.5223880597014926,1.9142857142857141,4.003056840150114,1.015049090271516,0.521415694859885,1.9178555802174697
20180125T210247Z,4.39822971502571,6.562682848061104,0.456663560111836,2.1897959183673468,4.4022156408008275,9.135222345394606,0.452694021590651,2.208997584033153
20180125T210254Z,4.523893421169302,6.562682848061104,0.5030800821355237,1.987755102040816,4.516052781845948,5.814760893232643,0.507256159345588,1.9713905520439647
20180125T210317Z,6.031857894892403,5.778168376825359,0.4382826475849732,2.2816326530612243,6.028070252840758,5.965103845094384,0.4347826086956522,2.3
20180125T210344Z,1.5079644737231008,2.3700179062375537,0.6703146374829002,1.4918367346938775,1.5068934881106504,2.4948561582715723,0.6647981960195712,1.504215874813476
20180125T210514Z,0.0,10.920595260767984,0.6388526727509779,1.5653061224489795,0.01227624169085777,16.0,0.6379773525632757,1.5674537598900398
20180125T210531Z,4.272566008882119,1.2539941451294703,0.5174234424498416,1.9326530612244897,4.3045305444569735,1.1698327906879595,0.5313059812892491,1.88215460622791
20180125T210546Z,0.5026548245743669,5.778168376825359,0.5903614457831325,1.693877551020408,0.4936618021768161,4.645599464731879,0.5996109644369956,1.6677480221512453
20180125T210722Z,4.272566008882119,1.8372539081409522,0.6171284634760705,1.620408163265306,4.292396942258252,1.603815071419118,0.6632224650340284,1.5077896976072611
20180125T210933Z,4.39822971502571,2.6918003852647128,0.5174234424498416,1.9326530612244897,4.40822711967752,2.8931153606264814,0.5031566492680148,1.987452618294493
20180125T211048Z,4.523893421169302,1.8372539081409522,0.49395161290322587,2.024489795918367,4.5295540943192005,1.7461966152597475,0.5081172575756643,1.9680496678487425
20180125T211136Z,2.1362830044410597,5.0874361239029895,0.5840286054827175,1.7122448979591838,2.1631744180562507,16.0,0.5846446530947698,1.710440683424675
20180125T211238Z,4.1469023027385274,5.0874361239029895,0.4454545454545455,2.2448979591836733,4.155523245812876,4.8253420072024955,0.4403755411918399,2.2707891480384736
20180125T211314Z,4.775220833456486,1.2539941451294703,0.4725168756027001,2.1163265306122447,4.8215678647961635,1.1521948201699257,0.513673484797355,1.9467619598751562
20180125T211330Z,2.0106192982974678,1.4242516540045356,0.6542056074766356,1.5285714285714285,1.9911547898531021,1.2295601632676891,0.694578560307284,1.4397219510455324
20180125T211404Z,4.0212385965949355,0.584181993816139,0.6786703601108034,1.473469387755102,4.055502813041629,0.5510927905333582,0.7142857142857142,1.4000000000000001
20180125T211415Z,4.0212385965949355,1.4242516540045356,0.6621621621621622,1.510204081632653,4.011144709897248,1.5033057310804558,0.6417888647252936,1.5581448276265004
20180125T211535Z,4.775220833456486,1.1040895136738127,0.5432372505543238,1.840816326530612,4.775171720699133,1.1023175897702737,0.545371990659419,1.8336108511749607
20180125T211636Z,3.769911184307752,2.6918003852647128,0.5432372505543238,1.840816326530612,3.779625949500706,2.4465156715762175,0.5556857400576126,1.7995783010309416
20180125T211726Z,4.39822971502571,16.0,0.45286506469500926,2.2081632653061223,4.386415573396233,15.999382801071025,0.45844983897302416,2.1812637174005887
20180125T211739Z,0.12566370614359174,4.479275200528711,0.5840286054827175,1.7122448979591838,0.11954002045935053,4.296002183100306,0.5807691165632486,1.7218546432316966
20180125T211804Z,0.7539822368615504,0.6634976520136784,0.7142857142857143,1.4,0.751302163114373,0.6867207034129867,0.7142857142857142,1.4000000000000001
20180125T211834Z,4.272566008882119,2.6918003852647128,0.5223880597014926,1.9142857142857141,4.278074459414242,2.63723902223659,0.5197087405079965,1.9241546698301362
20180125T211850Z,4.272566008882119,1.8372539081409522,0.5968331303288673,1.6755102040816325,4.248207806067359,2.0682759800461383,0.5774444591790766,1.7317682836919919
20180125T211908Z,4.0212385965949355,0.7535821694056161,0.6314432989690723,1.5836734693877548,3.98163448547409,0.8475324034587672,0.5885595129325984,1.6990635237842455
20180125T211920Z,4.39822971502571,1.1040895136738127,0.6034482758620691,1.6571428571428568,4.368219374521749,1.173753253625286,0.5856108428124098,1.707618655415389
20180125T211939Z,3.1415926535897936,0.12678079837091594,0.6621621621621622,1.510204081632653,3.189724711095935,0.11473442364025019,0.6857479687999223,1.4582617018174
20180125T212025Z,2.387610416728243,1.1040895136738127,0.5223880597014926,1.9142857142857141,2.388091416770991,1.1705499395116048,0.5019987563144787,1.992036807703856
20180125T212050Z,4.39822971502571,3.0572719704105853,0.5174234424498416,1.9326530612244897,4.4051690545080255,2.9422426653141223,0.5140974115905996,1.9451566521333663
20180125T212057Z,2.7646015351590183,5.0874361239029895,0.4725168756027001,2.1163265306122447,2.7752694622290655,5.902292662227985,0.4788317850819852,2.088416080876462
20180125T212140Z,4.39822971502571,1.2539941451294703,0.5077720207253886,1.9693877551020407,4.419643509674415,1.174484629850471,0.5335994594592604,1.8740648669572888
20180125T212341Z,2.5132741228718345,1.4242516540045356,0.6314432989690723,1.5836734693877548,2.529122123556303,1.4084013419930366,0.6340699117648465,1.577113156523446
20180125T212354Z,4.1469023027385274,1.4242516540045356,0.6786703601108034,1.473469387755102,4.142616312643593,1.4647705617708668,0.6635727276626191,1.5069938204398763
20180125T212503Z,0.3769911184307752,3.0572719704105853,0.5542986425339367,1.804081632653061,0.38316581522107185,3.4388690638733674,0.5396804949665217,1.8529481968067671
20180125T212523Z,4.39822971502571,1.4242516540045356,0.5658198614318707,1.76734693877551,4.372561408811209,1.5023563449548616,0.5616749016968884,1.780389326599565
20180125T212623Z,4.39822971502571,3.0572719704105853,0.4851485148514852,2.061224489795918,4.397611451179469,3.1772946601070817,0.48170475999351925,2.075960387050055
20180125T212635Z,2.0106192982974678,0.14399410274531194,0.7050359712230216,1.4183673469387754,1.9675743687379943,0.13810574368366402,0.7142855183477981,1.4000003840384212
20180125T212707Z,4.523893421169302,1.617625394674567,0.6171284634760705,1.620408163265306,4.529778983166782,1.6233820961793515,0.6093818692851358,1.6410071424886619
20180125T212733Z,2.261946710584651,2.3700179062375537,0.5778301886792453,1.730612244897959,2.272132965319298,2.531354136378429,0.5776352762775094,1.731196208175445
20180125T212917Z,3.8955748904513436,1.2539941451294703,0.4725168756027001,2.1163265306122447,3.8820143994234657,1.3366994161048935,0.45443626475673277,2.2005286055577375
20180125T212936Z,4.649557127312894,2.3700179062375537,0.5125523012552302,1.951020408163265,4.677435443846599,2.048738053801804,0.5166229531655508,1.9356476398747073
20180125T212947Z,4.272566008882119,3.472364426509674,0.46052631578947373,2.1714285714285713,4.290524667364361,3.3772601784669156,0.4492346161244488,2.2260083353037423
20180125T213037Z,4.39822971502571,1.8372539081409522,0.4851485148514852,2.061224489795918,4.412921441082663,1.706574187139237,0.49823688645817565,2.0070774107246767
20180125T213126Z,4.272566008882119,1.2539941451294703,0.5778301886792453,1.730612244897959,4.258170247992158,1.2668492271667882,0.5890351069282573,1.6976916795585784
20180125T213145Z,4.39822971502571,2.6918003852647128,0.4491292392300642,2.226530612244898,4.388233489727038,2.8721057333281177,0.44967803989576915,2.223813287017062
20180125T213206Z,4.523893421169302,1.1040895136738127,0.7142857142857143,1.4,4.529049846981998,1.0972432931296225,0.7142857142857143,1.4
20180125T213230Z,4.39822971502571,1.617625394674567,0.6314432989690723,1.5836734693877548,4.404471029367983,1.5240605501474347,0.6578035277593921,1.520210758683822
20180125T213245Z,4.1469023027385274,1.8372539081409522,0.6034482758620691,1.6571428571428568,4.148380050589168,1.7262815177303246,0.6330866709788758,1.579562555714219
20180125T213252Z,4.523893421169302,1.617625394674567,0.4766536964980545,2.0979591836734692,4.525306005034826,1.6200655126042813,0.47693743782274456,2.0967110582995447
20180125T213302Z,0.6283185307179586,0.45286183213195336,0.6703146374829002,1.4918367346938775,0.6027180151958444,0.43388930335940545,0.692227422500798,1.4446119403754871
20180125T213324Z,4.39822971502571,1.617625394674567,0.6542056074766356,1.5285714285714285,4.389928060483173,1.6240158255476895,0.6621061566610698,1.5103318251002114
20180125T213338Z,0.25132741228718347,3.472364426509674,0.5223880597014926,1.9142857142857141,0.25676026529005447,3.6868787333349085,0.5172609097324342,1.9332603357119607
20180125T213443Z,1.7592918860102844,0.7535821694056161,0.5717619603267211,1.7489795918367348,1.8413031536111424,0.842989108421673,0.5178167042528666,1.9311852858104548
20180125T213502Z,4.39822971502571,1.617625394674567,0.5223880597014926,1.9142857142857141,4.405121214239804,1.588645353630014,0.5235475050992934,1.9100463477719085
20180125T213526Z,4.1469023027385274,1.8372539081409522,0.624203821656051,1.6020408163265305,4.168501756273062,1.6786220313051774,0.634967550871078,1.5748836277194849
20180125T213537Z,5.026548245743669,1.617625394674567,0.5778301886792453,1.730612244897959,5.001000966655635,1.4977355990647618,0.6320079104768499,1.5822586765496338
20180125T213604Z,4.523893421169302,2.3700179062375537,0.6034482758620691,1.6571428571428568,4.524579803525974,2.8053454416436248,0.5819402080339853,1.7183895977533143
20180125T213624Z,4.523893421169302,1.2539941451294703,0.4984740590030519,2.0061224489795917,4.518880787431252,1.2730835204389002,0.492060681323354,2.032269673143946
20180125T213632Z,0.25132741228718347,2.3700179062375537,0.6034482758620691,1.6571428571428568,0.25487753265370666,2.4119015936766717,0.6047797185042525,1.6534946020895185
20180125T213701Z,5.6548667764616285,16.0,0.4851485148514852,2.061224489795918,5.657385641716719,16.0,0.48617011727381604,2.0568931830024213
20180125T213726Z,4.775220833456486,0.3510615547429147,0.4984740590030519,2.0061224489795917,4.774108309950481,0.35212580380731595,0.49610627959489684,2.015697122029105
20180125T213748Z,4.272566008882119,1.8372539081409522,0.46445497630331756,2.1530612244897958,4.299726434746274,1.6016320586800767,0.4945317372114775,2.0221149114487837
20180125T213755Z,4.39822971502571,3.0572719704105853,0.5077720207253886,1.9693877551020407,4.403502826408351,2.778168447396832,0.5122505615700423,1.9521696509907398
20180125T213804Z,4.272566008882119,2.6918003852647128,0.45286506469500926,2.2081632653061223,4.293070353750757,2.4097320302356025,0.45494235041845066,2.198080699851776
20180125T213907Z,5.6548667764616285,10.920595260767984,0.5223880597014926,1.9142857142857141,5.6517177884729115,10.26495057671719,0.5217210578608669,1.9167330605748352
20180125T213934Z,5.152211951887261,1.1040895136738127,0.5658198614318707,1.76734693877551,5.113953056033146,1.154896879429232,0.5284481708701798,1.8923331655275293
20180125T214035Z,4.272566008882119,3.0572719704105853,0.6314432989690723,1.5836734693877548,4.264166659276575,3.011308029030906,0.6442543035707872,1.5521821033363503
20180125T214051Z,4.1469023027385274,3.0572719704105853,0.4418394950405771,2.263265306122449,4.156760289598298,2.8696161326147958,0.4394119096264004,2.2757689950876077
20180125T214321Z,3.518583772020569,0.584181993816139,0.6102117061021171,1.6387755102040817,3.4760300940916284,0.6314542251165574,0.5605450182358114,1.783978034712134
20180125T214342Z,4.272566008882119,4.479275200528711,0.6703146374829002,1.4918367346938775,4.279693063755185,4.472728228748645,0.6636876178774394,1.50673294643967
20180125T214354Z,0.25132741228718347,3.943814886992401,0.5077720207253886,1.9693877551020407,0.24273388424713482,3.596440497789862,0.5146328914500167,1.9431327002485699
20180125T214429Z,4.523893421169302,1.617625394674567,0.5378704720087816,1.8591836734693876,4.494981041701907,1.7381507010920134,0.5287237801881803,1.8913467437460174
20180125T214452Z,4.39822971502571,1.617625394674567,0.6034482758620691,1.6571428571428568,4.3878912927092095,1.6890511047284993,0.5920766273416518,1.6889705720860353
20180125T214509Z,5.026548245743669,3.0572719704105853,0.4454545454545455,2.2448979591836733,5.016842409398571,3.0622163889330323,0.44529854829501514,2.2456843927043058
20180125T214738Z,4.0212385965949355,2.3700179062375537,0.45286506469500926,2.2081632653061223,4.050665558519105,1.8405935292399689,0.4989751641920782,2.0041077627964956
20180125T214815Z,3.8955748904513436,1.617625394674567,0.5658198614318707,1.76734693877551,3.9053857176350606,1.5195389858551454,0.5921625515140372,1.6887254985024074
20180125T214837Z,4.0212385965949355,1.2539941451294703,0.6960227272727273,1.436734693877551,4.029584207016471,1.2278665965828557,0.6944253506245337,1.4400395940336088
20180125T214904Z,5.403539364174445,16.0,0.5487122060470325,1.8224489795918366,5.393299022908385,16.0,0.545917333679917,1.8317791693097647
20180125T214925Z,3.392920065876977,1.4242516540045356,0.5077720207253886,1.9693877551020407,3.382229765099124,1.3841001946581346,0.4986651453591676,2.0053537114163893
20180125T214950Z,3.8955748904513436,0.8558976573957302,0.5174234424498416,1.9326530612244897,3.9499731998867036,0.7504532126167617,0.5864916685298973,1.7050540590058245
20180125T215056Z,3.267256359733385,0.7535821694056161,0.49395161290322587,2.024489795918367,3.253768792558171,0.7596960413062983,0.4867691759822017,2.054361798859187
20180125T215214Z,5.277875658030853,0.6634976520136784,0.468451242829828,2.1346938775510202,5.255295968118938,0.661504254186631,0.4687982319152723,2.1331138471118076
20180125T215242Z,4.272566008882119,1.8372539081409522,0.532608695652174,1.8775510204081631,4.279141202404319,1.8496733501626985,0.522750867955572,1.912957129867432
20180125T215328Z,3.1415926535897936,3.0572719704105853,0.6314432989690723,1.5836734693877548,3.1434222175802318,3.4035055487370194,0.6361547999552397,1.5719444387912513
20180125T215338Z,4.39822971502571,0.9721047414289302,0.6464379947229552,1.546938775510204,4.386150268898774,1.0158194644134317,0.6179261110900542,1.618316465436211
20180125T215408Z,5.403539364174445,0.14399410274531194,0.7050359712230216,1.4183673469387754,5.379813428798959,0.1463930739044924,0.7142857142857142,1.4000000000000001
20180125T215448Z,4.523893421169302,14.087332295285256,0.49395161290322587,2.024489795918367,4.522489385657918,16.0,0.4958201623842734,2.0168602970707235
20180125T215528Z,3.8955748904513436,5.778168376825359,0.4766536964980545,2.0979591836734692,3.8927021203667955,5.872341785912918,0.48090707363068796,2.079403807580399
20180125T215636Z,4.900884539600078,14.087332295285256,0.6786703601108034,1.473469387755102,4.890041580280631,13.319527659346138,0.6802027651737961,1.4701498600119536
20180125T215720Z,4.272566008882119,1.8372539081409522,0.46052631578947373,2.1714285714285713,4.267187062367752,1.8692654894988014,0.4588228428805047,2.179490440628386
20180125T215805Z,4.1469023027385274,1.617625394674567,0.6703146374829002,1.4918367346938775,4.155226155143241,1.587905893052787,0.6644209023432428,1.505070048930212
20180125T215815Z,4.523893421169302,1.8372539081409522,0.4808635917566242,2.0795918367346937,4.554660964189413,1.5439100269121935,0.5308802233139842,1.8836640659875536
20180125T215954Z,2.6389378290154264,1.1040895136738127,0.6960227272727273,1.436734693877551,2.6478482837216175,1.071501286849263,0.7142663805938982,1.4000378950616714
20180125T220017Z,4.39822971502571,0.6634976520136784,0.7142857142857143,1.4,4.377068944426292,0.6912663205621723,0.6843669908262124,1.4612043149432659
20180125T220122Z,6.157521601035995,1.4242516540045356,0.6464379947229552,1.546938775510204,6.157634297649158,1.418654567044228,0.6498447694336023,1.538829035850499
20180125T220139Z,3.8955748904513436,0.9721047414289302,0.46052631578947373,2.1714285714285713,3.8722744508425477,1.0765888073800487,0.4437662896461313,2.2534384051511016
20180125T220205Z,5.7805304826052195,3.472364426509674,0.4382826475849732,2.2816326530612243,5.800304504404078,3.9223857342299935,0.436003261898409,2.293560822563307
20180125T220226Z,5.277875658030853,1.617625394674567,0.5840286054827175,1.7122448979591838,5.287966038196545,1.632993200125283,0.5845514507019294,1.710713400504267
20180125T220257Z,4.272566008882119,1.617625394674567,0.527448869752422,1.8959183673469386,4.261606068486853,1.5993225196691743,0.5458532050419826,1.8319943727784616
20180125T220319Z,4.1469023027385274,1.617625394674567,0.46052631578947373,2.1714285714285713,4.146847967836768,1.5768414943723739,0.47414888074642736,2.1090422030012035
20180125T220351Z,3.8955748904513436,5.0874361239029895,0.4418394950405771,2.263265306122449,3.908734932860786,4.25550070085457,0.43645896806034523,2.291166119106388
20180125T220434Z,3.769911184307752,1.8372539081409522,0.5030800821355237,1.987755102040816,3.7608273714237828,1.9940790932000971,0.48852126015174924,2.0469938190394625
20180125T220528Z,5.529203070318037,14.087332295285256,0.7142857142857143,1.4,5.530833640532489,16.0,0.7132981011645416,1.401938401865061
20180125T220628Z,2.0106192982974678,2.6918003852647128,0.5968331303288673,1.6755102040816325,2.0066280788237147,2.311716936013549,0.6029951199988884,1.6583882138247543
20180125T220745Z,4.1469023027385274,0.3510615547429147,0.5030800821355237,1.987755102040816,4.098400565133661,0.3824056184154567,0.49196478567677115,2.0326658108757734
20180125T220833Z,0.25132741228718347,4.479275200528711,0.46445497630331756,2.1530612244897958,0.24606368339709006,3.9511573378685347,0.4817050879875047,2.075958973524356
20180125T220922Z,4.272566008882119,2.086701861934038,0.4491292392300642,2.226530612244898,4.277333374594776,1.9766845775819268,0.4585814484908222,2.1806377106857897
20180125T221000Z,4.523893421169302,2.6918003852647128,0.532608695652174,1.8775510204081631,4.503514069348003,2.8248003939778386,0.5410821637189329,1.8481481502307542
20180125T221016Z,4.272566008882119,3.0572719704105853,0.5125523012552302,1.951020408163265,4.263515832780399,3.3910267018359352,0.5098218542510644,1.9614694655822753
20180125T221045Z,4.272566008882119,8.465719296578376,0.4418394950405771,2.263265306122449,4.268493741586286,6.990778750405834,0.4468201163258725,2.23803710590032
20180125T221140Z,5.026548245743669,0.7535821694056161,0.6542056074766356,1.5285714285714285,5.07031242106218,0.7115301225393256,0.7142857142857143,1.4
20180125T221220Z,4.0212385965949355,1.8372539081409522,0.4454545454545455,2.2448979591836733,4.002660638004816,1.9648471454029162,0.45106238620873473,2.216988227294212
20180125T221242Z,0.7539822368615504,0.8558976573957302,0.5030800821355237,1.987755102040816,0.7657415285858944,0.8607642148076393,0.4938842915580294,2.024765754029867
20180125T221346Z,0.25132741228718347,1.2539941451294703,0.6464379947229552,1.546938775510204,0.2657685550704711,1.3379068669223102,0.6367498158186375,1.5704755229718437
20180125T221427Z,0.3769911184307752,12.40330819986167,0.5658198614318707,1.76734693877551,0.3703032136975087,10.491678741087833,0.5634524035491412,1.7747728001532708
20180125T221439Z,0.25132741228718347,2.086701861934038,0.6542056074766356,1.5285714285714285,0.24098974724957473,1.8567172839831254,0.7116446065997936,1.405195782734806
20180125T221453Z,0.12566370614359174,3.943814886992401,0.5030800821355237,1.987755102040816,0.12083955033340668,3.817808089406565,0.5020785130847927,1.9917203663147336
20180125T221506Z,3.769911184307752,0.7535821694056161,0.4984740590030519,2.0061224489795917,3.870712859490416,0.5859095955883276,0.6077918010660943,1.6453002463112447
20180125T221525Z,5.7805304826052195,5.778168376825359,0.4851485148514852,2.061224489795918,5.778934286646733,4.312147837827013,0.5022402653880007,1.9910789096677861
20180125T221614Z,4.0212385965949355,1.4242516540045356,0.6786703601108034,1.473469387755102,4.019065399110968,1.4422875417970742,0.6701620330923361,1.4921764448303478
20180125T221700Z,2.5132741228718345,5.0874361239029895,0.5840286054827175,1.7122448979591838,2.5309085584914675,6.395361732857285,0.5917433361526663,1.689921861227358
20180125T221734Z,4.775220833456486,1.617625394674567,0.45286506469500926,2.2081632653061223,4.802121867409305,1.4766809078042689,0.4870040539638204,2.0533709973475704
20180125T221746Z,4.0212385965949355,2.3700179062375537,0.49395161290322587,2.024489795918367,4.014780321226107,2.5773784278299825,0.4794463450470883,2.085739124576674
20180125T221830Z,4.523893421169302,1.1040895136738127,0.6034482758620691,1.6571428571428568,4.547266091287566,1.0693524118695632,0.6131002799064202,1.631054548128136
20180125T221840Z,6.031857894892403,1.2539941451294703,0.5968331303288673,1.6755102040816325,6.00785421785303,1.149698331484959,0.6316849694300231,1.583067586525467
20180125T221850Z,2.8902652413026098,0.584181993816139,0.49395161290322587,2.024489795918367,2.8991130615917267,0.5703987604309784,0.5057634744357177,1.9772088150804168
20180125T221902Z,3.518583772020569,5.778168376825359,0.4418394950405771,2.263265306122449,3.5118190987362623,6.696149309382324,0.44167642918023464,2.264100898153047
20180125T221939Z,5.7805304826052195,12.40330819986167,0.4347826086956522,2.3,5.792104775585031,16.0,0.4347826086956522,2.3
20180125T222002Z,0.7539822368615504,1.8372539081409522,0.7142857142857143,1.4,0.7609277505434509,1.897946161475033,0.7106372515827388,1.407187700578304
20180125T222009Z,4.272566008882119,2.6918003852647128,0.5658198614318707,1.76734693877551,4.27775579804669,2.4869672837407215,0.576343878943036,1.7350752502723064
20180125T222017Z,3.6442474781641603,3.0572719704105853,0.6786703601108034,1.473469387755102,3.646478069929743,2.9658426975340273,0.6803414565392552,1.4698501618389923
20180125T222128Z,2.5132741228718345,0.45286183213195336,0.45286506469500926,2.2081632653061223,2.5281245528768137,0.46063003608859754,0.44943825387582353,2.2249997444060305
20180125T222159Z,1.2566370614359172,0.9721047414289302,0.5968331303288673,1.6755102040816325,1.2648198622039915,0.954295761835878,0.6007304023570461,1.6646402380774574
20180125T222241Z,1.7592918860102844,3.472364426509674,0.5903614457831325,1.693877551020408,1.7902674595987391,3.0007567531239374,0.5898491786715714,1.6953486351411893
20180125T222308Z,2.7646015351590183,3.0572719704105853,0.5487122060470325,1.8224489795918366,2.7760623524534425,3.0415423894655205,0.5530632113115943,1.808111585705531
20180125T222324Z,4.775220833456486,1.2539941451294703,0.4808635917566242,2.0795918367346937,4.750386873961652,1.3758829661705851,0.4347908684934074,2.2999563064999435
20180125T222356Z,4.523893421169302,2.3700179062375537,0.5840286054827175,1.7122448979591838,4.525284410376685,2.1918024000394576,0.5969543487848687,1.6751699724368394
20180125T222408Z,3.1415926535897936,2.6918003852647128,0.6621621621621622,1.510204081632653,3.1575517816196665,2.336430495825593,0.67296700144585,1.4859569605218816
20180125T222427Z,0.25132741228718347,10.920595260767984,0.4984740590030519,2.0061224489795917,0.2520655972379087,11.620455529234505,0.4969711983531615,2.0121890429742213
20180125T222443Z,4.900884539600078,1.1040895136738127,0.6464379947229552,1.546938775510204,4.856731490976619,1.1289603666332304,0.639089321825209,1.5647265035567284
20180125T222612Z,4.39822971502571,0.9721047414289302,0.6464379947229552,1.546938775510204,4.3886837660254,0.9801893733110016,0.651161410388889,1.5357175410667785
20180125T222652Z,3.8955748904513436,7.453712553094249,0.5378704720087816,1.8591836734693876,3.8992071966654835,6.892939533927597,0.5366224356339042,1.8635076239753463
20180125T222709Z,1.7592918860102844,3.943814886992401,0.5903614457831325,1.693877551020408,1.7214939881314457,6.551238145788789,0.5879210480562063,1.7009086565385192
20180125T222737Z,3.8955748904513436,0.7535821694056161,0.6621621621621622,1.510204081632653,3.931646623794328,0.694275458326316,0.6994210358040276,1.4297539662221317
20180125T222953Z,4.39822971502571,3.472364426509674,0.48951048951048953,2.0428571428571427,4.412793449266953,3.3540723090250735,0.48245789067919254,2.072719752996939
20180125T223039Z,5.7805304826052195,2.6918003852647128,0.5968331303288673,1.6755102040816325,5.80195518779056,3.158383343317113,0.5813815238890083,1.7200409006993318
20180125T223141Z,1.884955592153876,3.472364426509674,0.5903614457831325,1.693877551020408,1.8463612777721163,6.336075003201199,0.5854973583660705,1.7079496358287067
20180125T223249Z,4.1469023027385274,2.086701861934038,0.5658198614318707,1.76734693877551,4.131832327694882,2.1610195927912024,0.5738820161630277,1.7425184477569013
20180125T223302Z,3.8955748904513436,5.778168376825359,0.5030800821355237,1.987755102040816,3.8922881719020577,6.379563344285589,0.5027981564382749,1.9888696630946443
20180125T223331Z,4.39822971502571,1.4242516540045356,0.49395161290322587,2.024489795918367,4.383468499030975,1.4230311401087352,0.5071356620318106,1.9718589617491227
20180125T223349Z,4.523893421169302,1.617625394674567,0.6171284634760705,1.620408163265306,4.5160849299970725,1.6174968414423647,0.6219832767813542,1.6077602683705754
20180125T223412Z,5.403539364174445,3.472364426509674,0.6034482758620691,1.6571428571428568,5.39765818980908,3.264161911289814,0.604656010612276,1.6538328941564606
20180125T223500Z,2.7646015351590183,0.39872594456840704,0.6786703601108034,1.473469387755102,2.679243648382578,0.5215582941933149,0.561113998363355,1.7821690474961918
20180125T223517Z,4.39822971502571,2.3700179062375537,0.5840286054827175,1.7122448979591838,4.376953218775058,2.556834002590674,0.5879884648537996,1.7007136360211506
20180125T223529Z,4.649557127312894,9.615128393797233,0.5030800821355237,1.987755102040816,4.61142166849948,5.8838658977672,0.5145281358134655,1.9435283134109018
20180125T223551Z,4.775220833456486,9.615128393797233,0.5487122060470325,1.8224489795918366,4.707486719311143,4.56764784719301,0.5646631630080006,1.7709673049556294
20180125T223618Z,4.272566008882119,1.8372539081409522,0.5903614457831325,1.693877551020408,4.276774158771163,1.8501985709375552,0.5808526453728325,1.721607034014847
20180125T223630Z,5.529203070318037,12.40330819986167,0.527448869752422,1.8959183673469386,5.554682642674601,9.29490554078971,0.5365993683114847,1.8635877324021017
20180125T223652Z,0.12566370614359174,1.4242516540045356,0.5778301886792453,1.730612244897959,0.11904550004827541,1.3740879967636772,0.582881751954724,1.7156138387356414
20180125T223725Z,4.523893421169302,1.1040895136738127,0.5174234424498416,1.9326530612244897,4.514355114460487,1.1152099868593894,0.5161068693112186,1.9375832011974017
20180125T223939Z,0.25132741228718347,9.615128393797233,0.5487122060470325,1.8224489795918366,0.24915936449473958,9.435924243896523,0.5445644054445014,1.8363300832777507
20180125T224002Z,4.1469023027385274,1.1040895136738127,0.527448869752422,1.8959183673469386,4.186381132527646,0.9723226361412927,0.5845186757591165,1.710809323074744
20180125T224013Z,2.8902652413026098,0.8558976573957302,0.4766536964980545,2.0979591836734692,2.8848262547969155,0.8567064643379367,0.4746562125261092,2.106787973295501
20180125T224057Z,0.25132741228718347,5.778168376825359,0.6960227272727273,1.436734693877551,0.25404712031846344,6.272543711640076,0.6836747010125199,1.4626839321668674
20180125T224130Z,4.775220833456486,0.9721047414289302,0.5658198614318707,1.76734693877551,4.756733107509767,0.996711654120424,0.55397025454921,1.8051510740657801
20180125T224148Z,5.529203070318037,1.1040895136738127,0.5717619603267211,1.7489795918367348,5.533269008394399,1.1563362295196473,0.5432542751304908,1.8407586387788626
20180125T224243Z,2.6389378290154264,0.45286183213195336,0.5223880597014926,1.9142857142857141,2.6469079921537073,0.44754438738001834,0.5288904319491032,1.8907507861594914
20180125T224329Z,5.7805304826052195,1.2539941451294703,0.6960227272727273,1.436734693877551,5.783057338507661,1.2286154818012687,0.7118309436981938,1.404827942439077
20180125T224341Z,0.3769911184307752,14.087332295285256,0.4491292392300642,2.226530612244898,0.3765278006148194,13.301210274635022,0.45084754248336567,2.218044695312708
20180125T224448Z,0.7539822368615504,2.086701861934038,0.48951048951048953,2.0428571428571427,0.7566799304819507,2.121459219347866,0.48704907793646013,2.053181178859472
20180125T224455Z,0.25132741228718347,16.0,0.46052631578947373,2.1714285714285713,0.23597453310621216,12.472387247787491,0.4459938711938236,2.2421832778177615
20180125T224519Z,2.387610416728243,1.1040895136738127,0.5030800821355237,1.987755102040816,2.3776831889004573,1.147796225556274,0.48945670121506796,2.043081640352491
20180125T224528Z,4.523893421169302,3.943814886992401,0.5125523012552302,1.951020408163265,4.519580369998114,4.210337624055467,0.5138421972718368,1.9461227694209244
20180125T224553Z,4.523893421169302,1.1040895136738127,0.624203821656051,1.6020408163265305,4.551338303779902,1.0566472775724614,0.6403555461329404,1.5616324494086538
20180125T224706Z,4.523893421169302,1.2539941451294703,0.4491292392300642,2.226530612244898,4.499423382140458,1.2869787356944231,0.44892003502774314,2.2275682125396794
20180125T224728Z,4.39822971502571,5.0874361239029895,0.5432372505543238,1.840816326530612,4.393489021541458,4.385709981860984,0.5505698285705718,1.816300036993074
20180125T224740Z,0.12566370614359174,0.7535821694056161,0.6171284634760705,1.620408163265306,0.15324017285322838,0.7868362865908036,0.5856847175236752,1.7074032667748016
20180125T224918Z,2.261946710584651,7.453712553094249,0.4766536964980545,2.0979591836734692,2.2551609639898924,6.746939051511521,0.47568753320301993,2.1022203236367085
20180125T224959Z,3.769911184307752,0.5143478667381388,0.456663560111836,2.1897959183673468,3.7356675451814025,0.58890099507237,0.43478448666519853,2.29999006558401
20180125T225035Z,4.272566008882119,3.472364426509674,0.527448869752422,1.8959183673469386,4.272910041700738,3.65773386388528,0.5236809733110439,1.909559542859395
20180125T225138Z,4.39822971502571,0.6634976520136784,0.49395161290322587,2.024489795918367,4.466094634463579,0.5919962974013336,0.5579616294919452,1.7922379374197384
20180125T225154Z,5.403539364174445,0.30909504861018205,0.5432372505543238,1.840816326530612,5.391935218076487,0.3138883058122204,0.5352799078179196,1.8681814605680274
20180125T225233Z,2.0106192982974678,1.2539941451294703,0.6786703601108034,1.473469387755102,2.0124398185581116,1.2717929264532488,0.6781901056477957,1.474512812369648
20180125T225351Z,3.518583772020569,3.472364426509674,0.5778301886792453,1.730612244897959,3.524875276439309,3.2951802157772514,0.5823326433923676,1.7172315709016746
20180125T225422Z,0.25132741228718347,3.943814886992401,0.6314432989690723,1.5836734693877548,0.2434150365164291,3.7735941266616058,0.6270982219969503,1.5946465241371122
20180125T225534Z,2.387610416728243,5.0874361239029895,0.5840286054827175,1.7122448979591838,2.350942164217596,3.4821261470901606,0.5754664071067082,1.7377208950001681
20180125T225621Z,1.5079644737231008,1.1040895136738127,0.4725168756027001,2.1163265306122447,1.5003835992446142,1.1066587963815542,0.4762626270702328,2.0996818628234153
20180125T225729Z,0.7539822368615504,7.453712553094249,0.5030800821355237,1.987755102040816,0.7561631889985099,7.640729073271002,0.49975530095655385,2.000979275429306
20180125T225854Z,3.769911184307752,10.920595260767984,0.6542056074766356,1.5285714285714285,3.7665804571098853,12.944210490413564,0.6514719866298715,1.5349854184415481
20180125T225949Z,1.884955592153876,2.3700179062375537,0.4808635917566242,2.0795918367346937,1.8875264679583887,2.2613646036627486,0.483453090694665,2.0684530086737434
20180125T230004Z,4.900884539600078,0.7535821694056161,0.5487122060470325,1.8224489795918366,4.887652147045229,0.7719883165615529,0.5320871489878256,1.8793913777137294
20180125T230048Z,5.152211951887261,1.617625394674567,0.5968331303288673,1.6755102040816325,5.154615229269254,1.6084719908538383,0.602251524793477,1.660435812666341
20180125T230144Z,4.523893421169302,2.6918003852647128,0.5903614457831325,1.693877551020408,4.5118285137730965,2.884365449231801,0.593299539973136,1.6854892556385246
20180125T230214Z,2.8902652413026098,8.465719296578376,0.624203821656051,1.6020408163265305,2.889783536405221,8.670068687698956,0.6257339801160793,1.5981232149395035
20180125T230315Z,3.8955748904513436,2.6918003852647128,0.5378704720087816,1.8591836734693876,3.894353501646828,2.851954028282733,0.5202905596672978,1.9220029681865738
20180125T230344Z,4.0212385965949355,2.3700179062375537,0.5840286054827175,1.7122448979591838,4.021671025795016,2.4525702847763347,0.5707742219925551,1.7520062425192067
20180125T230430Z,2.0106192982974678,3.943814886992401,0.6960227272727273,1.436734693877551,2.010083728250109,3.5508200568078534,0.6986853831230577,1.4312593681724017
20180125T230446Z,5.906194188748811,5.0874361239029895,0.5125523012552302,1.951020408163265,5.889794332201012,4.515652195261275,0.5150960452978905,1.9413855127186612
20180125T230524Z,4.1469023027385274,1.617625394674567,0.5778301886792453,1.730612244897959,4.144293353870472,1.6391221034185244,0.573406509810259,1.7439634585434012
20180125T230602Z,0.0,2.6918003852647128,0.5658198614318707,1.76734693877551,6.282076176326688,2.5246589955423477,0.5769560470788666,1.7332342819925513
20180125T230836Z,4.272566008882119,2.086701861934038,0.6388526727509779,1.5653061224489795,4.275023388237145,2.1272880072909435,0.6292201210513513,1.589268948248381
20180125T231008Z,4.1469023027385274,1.4242516540045356,0.4851485148514852,2.061224489795918,4.141156101069494,1.4559069726590903,0.48247211204687485,2.0726586574248347
20180125T231039Z,3.1415926535897936,0.5143478667381388,0.5903614457831325,1.693877551020408,3.1382314101779856,0.4898719255979491,0.6032316956427282,1.657737826482286
20180125T231233Z,5.7805304826052195,2.086701861934038,0.6314432989690723,1.5836734693877548,5.777485412315483,1.9772847259370518,0.6482333401227915,1.542654377836498
20180125T231259Z,4.272566008882119,7.453712553094249,0.4725168756027001,2.1163265306122447,4.257579132301161,3.518996529985314,0.5112735672410096,1.9559000583509716
20180125T231326Z,3.8955748904513436,0.30909504861018205,0.7050359712230216,1.4183673469387754,3.8926924028071674,0.3105135739583794,0.7037119033148489,1.4210360735543623
20180125T231426Z,0.3769911184307752,1.2539941451294703,0.56,1.7857142857142856,0.37661183258279374,1.249747729068216,0.5621610922395974,1.7788495394017632
20180125T231454Z,4.39822971502571,2.3700179062375537,0.5840286054827175,1.7122448979591838,4.411689840688368,2.343818801324536,0.5767427034699777,1.7338754248358774
20180125T231504Z,3.518583772020569,0.39872594456840704,0.7142857142857143,1.4,3.521718069757685,0.3942745326961512,0.714204508819072,1.4001591808115117
20180125T231602Z,2.387610416728243,10.920595260767984,0.6621621621621622,1.510204081632653,2.3869388491879633,10.959592131781559,0.6618681064567913,1.51087503725379
20180125T231624Z,4.39822971502571,1.617625394674567,0.6621621621621622,1.510204081632653,4.395582065594821,1.6163813291799634,0.6665891527292098,1.5001744266400214
20180125T231635Z,2.7646015351590183,3.472364426509674,0.6542056074766356,1.5285714285714285,2.744226610987567,3.588095204512391,0.6474662102553841,1.5444821430998905
20180125T231804Z,0.12566370614359174,2.086701861934038,0.5968331303288673,1.6755102040816325,0.12994484022035485,2.155270940600702,0.5963831154568058,1.6767744996168104
20180125T231904Z,4.1469023027385274,0.5143478667381388,0.532608695652174,1.8775510204081631,4.149518161726368,0.509979857337131,0.531739879058383,1.8806187750499783
20180125T232058Z,5.6548667764616285,12.40330819986167,0.4984740590030519,2.0061224489795917,5.629014092667704,15.99978693977106,0.48897461834152606,2.0450959262297466
20180125T232132Z,4.39822971502571,1.4242516540045356,0.5968331303288673,1.6755102040816325,4.401798848541013,1.4165651233417345,0.5949948036634711,1.6806869469159258
20180125T232244Z,4.39822971502571,6.562682848061104,0.4725168756027001,2.1163265306122447,4.400858145953025,6.00900577951445,0.4723218109975812,2.117200554189781
20180125T232252Z,3.518583772020569,0.23961257193520702,0.6703146374829002,1.4918367346938775,3.5863540455370946,0.21888788094764944,0.7142747840675527,1.4000214235554265
20180125T232324Z,4.1469023027385274,12.40330819986167,0.56,1.7857142857142856,4.144847956111283,15.49149793052323,0.5597182310504103,1.7866132359550324
20180125T232345Z,4.523893421169302,2.3700179062375537,0.4766536964980545,2.0979591836734692,4.521027286686592,2.3204383333627696,0.48054949638517785,2.0809510935341065
20180125T232430Z,5.026548245743669,5.0874361239029895,0.46052631578947373,2.1714285714285713,5.028662724216929,4.8176514698290855,0.4596035901322869,2.175788051856104
20180125T232458Z,4.1469023027385274,2.3700179062375537,0.527448869752422,1.8959183673469386,4.138083108609727,2.4207990253759206,0.5308529315976472,1.8837609071695518
20180125T232550Z,4.1469023027385274,1.2539941451294703,0.5125523012552302,1.951020408163265,4.136912526077225,1.325566313685469,0.4878390617254702,2.049856353164984
20180125T232740Z,4.272566008882119,1.8372539081409522,0.49395161290322587,2.024489795918367,4.26174493739714,1.840355331333626,0.5055983462579055,1.9778545705327535
20180125T232838Z,0.12566370614359174,0.39872594456840704,0.6786703601108034,1.473469387755102,0.13655464101786202,0.4056223771736725,0.6740765175105419,1.4835111059693027
20180125T232921Z,4.39822971502571,1.4242516540045356,0.5903614457831325,1.693877551020408,4.413509111130484,1.3751657073405292,0.597056164350261,1.674884306886334
20180125T233046Z,5.026548245743669,2.3700179062375537,0.46445497630331756,2.1530612244897958,5.011036211653925,2.2258902864401,0.4647342248548597,2.151767497460098
20180125T233109Z,5.906194188748811,3.943814886992401,0.6786703601108034,1.473469387755102,5.908514244528211,4.014663315079753,0.6775061942084624,1.47600126544719
20180125T233137Z,0.25132741228718347,12.40330819986167,0.6786703601108034,1.473469387755102,0.2591923320749425,16.0,0.6746762598861642,1.4821923631472176
20180125T233144Z,3.0159289474462017,0.5143478667381388,0.5658198614318707,1.76734693877551,3.0062700412487833,0.5230466274957928,0.5566603522012599,1.7964275631371915
20180125T233219Z,4.272566008882119,1.617625394674567,0.46052631578947373,2.1714285714285713,4.277987873532912,1.49602714178002,0.49046170272860884,2.038895176599218
20180125T233308Z,5.403539364174445,1.1040895136738127,0.6464379947229552,1.546938775510204,5.365849939083473,1.0641871065938755,0.6642457927091565,1.5054668181208266
20180125T233426Z,3.0159289474462017,0.45286183213195336,0.6872370266479664,1.4551020408163264,2.980522287937705,0.4686157484212059,0.6611126903915323,1.5126014286728753
20180125T233445Z,4.39822971502571,3.472364426509674,0.4347826086956522,2.3,4.400652884913001,3.468086349450802,0.4347826086956522,2.3
20180125T233536Z,4.1469023027385274,1.1040895136738127,0.5223880597014926,1.9142857142857141,4.178136685232261,0.9990050147730258,0.5653709878643185,1.7687501153490153
20180125T233550Z,6.031857894892403,0.8558976573957302,0.6621621621621622,1.510204081632653,6.049605326165949,0.8374815093126837,0.7142857142857143,1.4
20180125T233615Z,5.152211951887261,3.0572719704105853,0.6102117061021171,1.6387755102040817,5.128514001950618,3.8844195678982274,0.6074290083912581,1.6462829173213909
20180125T233735Z,0.7539822368615504,2.6918003852647128,0.6464379947229552,1.546938775510204,0.747988501384464,2.4109562311460753,0.6585048064245828,1.5185918010676327
20180125T233847Z,4.39822971502571,0.8558976573957302,0.6621621621621622,1.510204081632653,4.384411640786949,0.8802261850988298,0.6457413677076973,1.548607616002483
20180125T234004Z,4.0212385965949355,0.45286183213195336,0.6786703601108034,1.473469387755102,4.013132962344292,0.45631602629339607,0.6682544671981872,1.4964359373349698
20180125T234241Z,0.3769911184307752,10.920595260767984,0.4851485148514852,2.061224489795918,0.3612481317160599,6.9268372496333335,0.4993738988112688,2.00250754470837
20180125T234438Z,5.6548667764616285,5.0874361239029895,0.6388526727509779,1.5653061224489795,5.657722231512953,4.843698924802024,0.645451101096399,1.5493040422447875
20180125T234831Z,1.5079644737231008,0.9721047414289302,0.5432372505543238,1.840816326530612,1.5203269271220172,0.9557552637693605,0.5427524056183168,1.842460742040886
20180125T234935Z,1.1309733552923256,0.30909504861018205,0.5077720207253886,1.9693877551020407,1.111700517452367,0.3133134703821018,0.5122068893908145,1.952336098386601
20180125T235016Z,3.518583772020569,10.920595260767984,0.5174234424498416,1.9326530612244897,3.516048965489105,12.389978701568964,0.5194552208377707,1.9250937518487403
20180125T235114Z,3.6442474781641603,0.3510615547429147,0.5778301886792453,1.730612244897959,3.5888069923171813,0.36594637768303373,0.5426326174517944,1.842867472095587
20180125T235307Z,5.6548667764616285,1.1040895136738127,0.624203821656051,1.6020408163265305,5.665496739636271,1.0357778928351609,0.6781564022626152,1.4745860935081923
