event_id,baz,rad,corr,baz_opt,rad_opt,corr_opt,N
20180207T000013Z,2.1362830044410597,0.2721452912874363,0.7292144219993515,2.4766867461114264,0.18059345369433855,0.729453625513276,3.0
20180207T000033Z,1.5079644737231008,16.0,0.42815379045930674,1.448249669612288,16.0,0.4287154974425251,3.0
20180207T000058Z,4.523893421169302,5.0874361239029895,0.8441755169051515,4.560273730525402,3.971118387738825,0.844217343916689,3.0
20180207T000112Z,3.518583772020569,16.0,0.17881693481116928,3.5042379836922617,16.0,0.1788441886918041,3.0
20180207T000121Z,4.1469023027385274,3.472364426509674,0.7340662574892937,4.142848753625212,3.758330215443506,0.7341440436964344,3.0
20180207T000138Z,4.523893421169302,1.1040895136738127,0.9413946303825851,4.582689703297568,1.0839598257692074,0.9414433259486311,3.0
20180207T000216Z,3.0159289474462017,16.0,0.3669507705737414,3.001497256193774,16.0,0.3670498758171654,3.0
20180207T000242Z,3.1415926535897936,16.0,0.2256135271704265,3.115544641152381,16.0,0.2259673139873288,3.0
20180207T000307Z,6.031857894892403,3.0572719704105853,0.7395573681431447,5.987293707066728,2.5738187991737993,0.740564783508324,3.0
20180207T000323Z,3.8955748904513436,16.0,0.6114473780325916,3.9373171202507407,16.0,0.6118216594073038,3.0
20180207T000333Z,2.261946710584651,16.0,0.533413133185728,2.2247551066978657,16.0,0.53358942499348,3.0
20180207T000343Z,1.5079644737231008,5.0874361239029895,0.7527633423964544,1.5686383154319867,16.0,0.7530573307728265,3.0
20180207T000446Z,3.6442474781641603,9.615128393797233,0.6889783750119077,3.6009076482985374,15.687548992126276,0.6891565433118589,3.0
20180207T000517Z,5.026548245743669,16.0,0.9205414344250189,5.02225309953759,16.0,0.9205423310176382,3.0
20180207T000533Z,0.0,16.0,0.3696330924936438,0.023000000000000007,16.0,0.36975562593848493,3.0
20180207T000547Z,4.523893421169302,6.562682848061104,0.8659357027327751,4.5241638301443015,6.264522192523792,0.8659364606426566,3.0
20180207T000607Z,2.261946710584651,16.0,0.6849327924914054,2.2582493375168506,16.0,0.6849346420456139,3.0
20180207T000616Z,2.1362830044410597,0.2721452912874363,0.40862843509474356,2.4767364794804165,0.18058720663868813,0.4091456688892982,3.0
20180207T000630Z,4.649557127312894,1.4242516540045356,0.959695152702145,4.607548092147961,1.5761070545304847,0.9599639914817379,3.0
20180207T000645Z,4.649557127312894,2.6918003852647128,0.9551889483602936,4.77354144869461,1.498160197580663,0.9552555737342096,3.0
20180207T000704Z,4.1469023027385274,0.23961257193520702,0.6892439055335344,4.148878811478815,0.24029820629934345,0.689243912755913,3.0
20180207T000723Z,0.8796459430051422,3.943814886992401,0.7163715818095784,0.8173551255073328,3.210620273498222,0.716657900469596,3.0
20180207T000731Z,2.261946710584651,0.21096887018620009,0.7771155000432289,2.4767650163646477,0.18057730920516873,0.7785755717479809,3.0
20180207T000757Z,6.031857894892403,3.0572719704105853,0.7592994544000559,6.05645242638351,3.2965587542165116,0.7593663540796262,3.0
20180207T000818Z,4.649557127312894,0.9721047414289302,0.878830387386458,4.563809619484211,1.0043573133295944,0.8793326624519924,3.0
20180207T000854Z,6.031857894892403,2.3700179062375537,0.8248128274513465,6.035165346321954,2.5252409634606985,0.8248829893741555,3.0
20180207T000915Z,5.152211951887261,1.1040895136738127,0.11290615038658958,4.937767882879614,0.9819793318315286,0.11891300957329974,3.0
20180207T000928Z,0.8796459430051422,16.0,0.7907726643655085,0.912632665867835,16.0,0.7908273238551828,3.0
20180207T000936Z,3.267256359733385,2.086701861934038,0.4335812332541198,3.2595384045759825,2.0933576945969277,0.4336067647206791,3.0
20180207T001006Z,5.152211951887261,1.1040895136738127,0.4352875509786024,4.937713975899481,0.9819522858808749,0.43734892361741656,3.0
20180207T001034Z,4.649557127312894,2.3700179062375537,0.9133838126631945,4.617160700647675,2.8989578168722794,0.9133989609895601,3.0
20180207T001042Z,0.7539822368615504,16.0,0.6258527057635269,0.7571483732077464,16.0,0.6258541506795009,3.0
20180207T001049Z,2.0106192982974678,0.3510615547429147,0.9444883162375011,2.0550258340663023,0.32963313746562717,0.9444953783624935,3.0
20180207T001110Z,2.261946710584651,0.23961257193520702,0.9122066171627886,2.4768798255647857,0.18056557864281003,0.9125880311133169,3.0
20180207T001128Z,4.523893421169302,1.617625394674567,0.7834083133497299,4.937570940605361,0.9819275225608299,0.7854414862810242,3.0
20180207T001228Z,0.0,16.0,0.39821520383884135,0.0004375,16.0,0.398242397898476,3.0
20180207T001244Z,2.261946710584651,16.0,0.6384516323674966,2.2098711307975103,16.0,0.6387663261357346,3.0
20180207T001317Z,4.523893421169302,9.615128393797233,0.694924469052424,4.492384383853399,16.0,0.6950109004380672,3.0
20180207T001328Z,6.031857894892403,16.0,0.6937025719854399,6.012492921426135,16.0,0.6938213846276647,3.0
20180207T001346Z,3.6442474781641603,16.0,0.17809173222864402,3.6365070111084896,16.0,0.1780962773580943,3.0
20180207T001435Z,0.6283185307179586,16.0,0.3822846321555153,0.5843739958603773,16.0,0.38253467964878124,3.0
20180207T001510Z,5.403539364174445,1.617625394674567,0.6846206151243014,5.34362476342924,1.4850683408653276,0.6847315016509252,3.0
20180207T001550Z,3.1415926535897936,16.0,0.28899119305085597,3.174530097319675,16.0,0.2891172976101434,3.0
20180207T001618Z,4.775220833456486,0.9721047414289302,0.9159627267837782,4.642111084321737,0.99033412216223,0.9161562862576048,3.0
20180207T001643Z,5.6548667764616285,16.0,0.19709030193983967,5.694121973995429,16.0,0.19726534256780368,3.0
20180207T001701Z,4.39822971502571,16.0,0.9263973812755538,4.425752704668703,16.0,0.9266439266529648,3.0
20180207T001711Z,4.649557127312894,1.617625394674567,0.8313066337887344,4.640209965511197,1.6939757124281836,0.8313753345876728,3.0
20180207T001731Z,6.157521601035995,5.0874361239029895,0.621769059721411,6.166296759988998,4.996350704781023,0.6217892272938332,3.0
20180207T001759Z,4.272566008882119,5.0874361239029895,0.6865321818150026,4.3062483601744646,4.009591211079405,0.686580031711892,3.0
20180207T001812Z,4.900884539600078,1.2539941451294703,0.9510256880298499,4.93753228140787,0.9821896293159049,0.951577334930342,3.0
20180207T001846Z,1.5079644737231008,16.0,0.7236831848782094,1.5330726712592115,15.999999237060546,0.7237369412680817,3.0
20180207T001900Z,1.6336281798666925,0.8558976573957302,0.8591236057177042,1.6548693939509196,0.8842458018091515,0.8591356774603442,3.0
20180207T001906Z,2.261946710584651,0.23961257193520702,0.9399574951621839,2.4769292174793565,0.18055741652327,0.940463842105087,3.0
20180207T001919Z,2.1362830044410597,0.2721452912874363,0.9705381108180458,2.476820360123738,0.18057269537560083,0.9706035871888854,3.0
20180207T001937Z,5.026548245743669,1.4242516540045356,0.9412165055104076,5.038811015852664,1.448319217295116,0.9413136726013266,3.0
20180207T002009Z,0.0,0.21096887018620009,0.4577618945217658,0.019899603365949592,0.20140299211371557,0.4577749416051466,3.0
20180207T002027Z,4.523893421169302,16.0,0.8285819730232781,4.582240023801021,5.0760287356040426,0.8287132151229076,3.0
20180207T002053Z,5.529203070318037,1.2539941451294703,0.8207954820088426,5.541349971144619,1.2691307372217762,0.8208017459644911,3.0
20180207T002145Z,4.775220833456486,0.7535821694056161,0.8860575687734712,4.771284122918017,0.7587993231746402,0.8860595942023176,3.0
20180207T002217Z,2.1362830044410597,16.0,0.7123452956008183,2.1901272720290565,16.0,0.7126414609419052,3.0
20180207T002315Z,4.523893421169302,2.086701861934038,0.918220810740998,4.61915065909031,1.6215637780860042,0.918666410747075,3.0
20180207T002327Z,1.5079644737231008,16.0,0.899545964927598,1.4851500003718263,10.105529313241291,0.8995606999626996,3.0
20180207T002356Z,4.649557127312894,10.920595260767984,0.31045296005793827,4.612310045452977,16.0,0.31057814034492004,3.0
20180207T002430Z,4.523893421169302,5.778168376825359,0.8218143836480506,4.463186631081091,16.0,0.8219152480157383,3.0
20180207T002451Z,4.39822971502571,0.7535821694056161,0.8461374220070943,4.52184569212194,0.7849127497515359,0.846387389230424,3.0
20180207T002534Z,2.6389378290154264,0.2721452912874363,0.24117601864174312,2.693554097939052,0.31024831676267284,0.24139826506892423,3.0
20180207T002553Z,4.649557127312894,0.8558976573957302,0.04752508367463202,4.723051091279192,0.8592244305187862,0.04767531542554965,3.0
20180207T002620Z,6.157521601035995,16.0,0.19467515115348405,6.179954856843305,16.0,0.19478047334290038,3.0
20180207T002630Z,2.1362830044410597,16.0,0.5966847028792645,2.1961051872070243,16.0,0.5972770329036077,3.0
20180207T002737Z,1.3823007675795091,16.0,0.28011364656120535,1.4191531220276736,16.0,0.2801566187335133,3.0
20180207T002806Z,3.518583772020569,4.479275200528711,0.5045077552943039,3.5576111026609136,3.7760402502224992,0.5047451393689328,3.0
20180207T002826Z,2.5132741228718345,16.0,0.565155145464251,2.474495088554086,16.0,0.5655085003310156,3.0
20180207T002849Z,6.031857894892403,5.778168376825359,0.5480982213229387,6.086618116832462,8.163789437962706,0.5484358796256938,3.0
20180207T002945Z,2.387610416728243,0.18574928614211858,0.15271140178073017,2.476920171500459,0.18055646632251374,0.1538273718243393,3.0
20180207T002953Z,5.026548245743669,1.1040895136738127,0.9611675901961907,4.93772550060849,0.982098450328592,0.9625257628248106,3.0
20180207T003012Z,4.775220833456486,1.617625394674567,0.9517486215037307,4.795417525629466,1.4747338759488686,0.9517665823992507,3.0
20180207T003056Z,0.0,2.6918003852647128,0.7539881635672429,0.04082578287575497,2.896562880868588,0.754021830703208,3.0
20180207T003121Z,6.157521601035995,16.0,0.4296594532278971,6.202113528966061,16.0,0.4309791769177075,3.0
20180207T003132Z,1.1309733552923256,16.0,0.7803605541323481,1.1896205087747695,16.0,0.7806498224937951,3.0
20180207T003200Z,1.7592918860102844,0.9721047414289302,0.9683001899688057,1.72966711210658,1.164429340728967,0.9683149584463892,3.0
20180207T003237Z,0.8796459430051422,16.0,0.4260649832398626,0.916068782832699,16.0,0.4262218016097423,3.0
20180207T003356Z,5.6548667764616285,16.0,0.405902858201306,5.683949681504216,16.0,0.406142442344354,3.0
20180207T003406Z,3.8955748904513436,3.0572719704105853,0.7696111083353498,3.841620812602219,3.571171136695611,0.7699234846071907,3.0
20180207T003434Z,2.0106192982974678,0.5143478667381388,0.9800436702686991,1.9609325883217268,0.6473333151105009,0.9800491801681815,3.0
20180207T003444Z,0.12566370614359174,2.6918003852647128,0.20231690303498345,0.07012156865200002,2.371964256580309,0.2028298538400005,3.0
20180207T003526Z,4.523893421169302,2.3700179062375537,0.9265150322950423,4.4807787701791995,2.900781308513505,0.9265509246206337,3.0
20180207T003601Z,5.026548245743669,1.1040895136738127,0.18356921826281514,4.937708328481488,0.9820371552643035,0.18475069945491263,3.0
20180207T003611Z,0.8796459430051422,16.0,0.7154086627215946,0.9084234225858767,16.0,0.7154911263480785,3.0
20180207T003624Z,1.1309733552923256,16.0,0.8003291037544564,1.1133571199242471,16.0,0.8003449465918187,3.0
20180207T003642Z,1.5079644737231008,16.0,0.8459732543667513,1.5445591193989006,16.0,0.8461198700433613,3.0
20180207T003714Z,2.0106192982974678,0.30909504861018205,0.7677281771822713,2.476774807482932,0.18057732048952985,0.767937397813045,3.0
20180207T003728Z,4.900884539600078,1.1040895136738127,0.9420297732650696,4.937514436367014,0.9821024102722161,0.9424099193053155,3.0
20180207T003746Z,4.523893421169302,0.6634976520136784,0.8450987666093965,4.487123308531579,0.6456779359982368,0.8451341838578473,3.0
20180207T003808Z,5.277875658030853,7.453712553094249,0.8946616150830431,5.318953323891377,16.0,0.895008240853364,3.0
20180207T003828Z,0.0,2.086701861934038,0.598087169693454,0.05330710109803818,2.465508328764714,0.59844723964606,3.0
20180207T003841Z,4.523893421169302,3.472364426509674,0.9106921712172081,4.504092726048299,3.7287723479161663,0.9107325076846219,3.0
20180207T003922Z,0.12566370614359174,16.0,0.16669792979558162,0.07244646115506641,16.0,0.16715233469919,3.0
20180207T003937Z,4.523893421169302,1.1040895136738127,0.5423121911016932,4.805180404185004,0.9984992461293676,0.5429147853731402,3.0
20180207T003953Z,4.523893421169302,1.1040895136738127,0.9303697488603,4.6216087249474525,1.0689067564281447,0.930571614906831,3.0
20180207T004021Z,3.769911184307752,16.0,0.585355874044714,3.7041954473547287,16.0,0.5861878672821133,3.0
20180207T004032Z,2.261946710584651,0.23961257193520702,0.7542627401391725,2.476822525989921,0.18057358334077367,0.755651429787386,3.0
20180207T004100Z,2.261946710584651,0.21096887018620009,0.275458979831838,2.476815380512731,0.18057024313978653,0.27716766814202376,3.0
20180207T004133Z,2.5132741228718345,1.2539941451294703,0.43996678257186356,2.5239114981970996,1.2128142471514591,0.4399792024236238,3.0
20180207T004150Z,4.900884539600078,1.1040895136738127,0.9533029111964518,4.937570253153712,0.9819616640780411,0.953833389615562,3.0
20180207T004159Z,3.518583772020569,4.479275200528711,0.4841232056145103,3.5203193980454586,4.321722314903182,0.4841314860443266,3.0
20180207T004207Z,4.900884539600078,1.2539941451294703,0.9494013969748908,4.9375479634220545,0.9820791439248974,0.9496737004751721,3.0
20180207T004231Z,4.39822971502571,0.9721047414289302,0.10187577632168164,4.336627412021425,0.9940460529924108,0.10191281389706495,3.0
20180207T004250Z,4.272566008882119,5.778168376825359,0.7390179720657597,4.226389137397246,9.793570669779596,0.7390939557541041,3.0
20180207T004302Z,4.0212385965949355,16.0,0.18280484465034866,4.0602139804535335,16.0,0.18287981719499175,3.0
20180207T004314Z,2.261946710584651,0.23961257193520702,0.9538800636083618,2.4767870169861013,0.18057685835665951,0.9541012246052883,3.0
20180207T004357Z,2.387610416728243,16.0,0.5017374264817768,2.32739553488058,16.0,0.5023074882111942,3.0
20180207T004406Z,2.7646015351590183,9.615128393797233,0.2546808501313553,2.7960234033994915,7.4026315774218325,0.2549152800896475,3.0
20180207T004432Z,3.267256359733385,0.8558976573957302,0.5326100118560064,3.2459887009995176,0.9073242139267408,0.532772080343893,3.0
20180207T004526Z,2.261946710584651,0.23961257193520702,0.971193213117673,2.4769379330097427,0.18055624556370828,0.9713458882852123,3.0
20180207T004556Z,3.8955748904513436,16.0,0.628473032037326,3.880003147373809,16.0,0.6285180101728709,3.0
20180207T004621Z,2.261946710584651,0.23961257193520702,0.9075480647941264,2.476845708337608,0.18056947150616598,0.9082726617025098,3.0
20180207T004653Z,0.7539822368615504,3.0572719704105853,0.6395367761759048,0.6908318621800988,2.445359624449142,0.6397414164036325,3.0
20180207T004706Z,4.649557127312894,1.8372539081409522,0.9472937065051447,4.643601771498101,1.82410510236324,0.9473346222532966,3.0
20180207T004755Z,1.6336281798666925,3.472364426509674,0.9391461738222687,1.6177677266185437,2.8543453084845973,0.9391511387996935,3.0
20180207T004810Z,5.026548245743669,16.0,0.9596740113498544,4.9926779499471525,16.0,0.9597485994354489,3.0
20180207T004846Z,4.649557127312894,1.4242516540045356,0.8799016146990801,4.658273470088946,1.3936557193076706,0.8799178613742165,3.0
20180207T004855Z,4.523893421169302,16.0,0.4744447497160337,4.514722900524126,16.0,0.47447598655967965,3.0
20180207T004927Z,2.1362830044410597,16.0,0.6560769703011196,2.0895611853827867,16.0,0.6562383484133973,3.0
20180207T004941Z,4.39822971502571,2.6918003852647128,0.7100334266339724,4.333927624980724,3.3299564230274443,0.710126918407277,3.0
20180207T004954Z,4.272566008882119,16.0,0.4128796806217963,4.270479795010597,16.0,0.4128799226847307,3.0
20180207T005025Z,0.25132741228718347,2.6918003852647128,0.7250622984937464,0.19725233353239763,2.427859258744575,0.7252542725726553,3.0
20180207T005036Z,0.3769911184307752,2.3700179062375537,0.6177720110704722,0.3560926266673977,2.172674701906702,0.6182739044370931,3.0
20180207T005046Z,2.261946710584651,0.21096887018620009,0.9371826464873473,2.47686955400369,0.18056054246432884,0.9373722826301402,3.0
20180207T005112Z,5.277875658030853,16.0,0.13251879298720415,5.311957643176097,16.0,0.13256756721998275,3.0
20180207T005129Z,4.272566008882119,6.562682848061104,0.8481435969653958,4.2169728587178845,10.530236122428978,0.8482480179515178,3.0
20180207T005213Z,5.152211951887261,1.1040895136738127,0.9415817183924887,4.937968180084488,0.9820832452090158,0.9438075378099331,3.0
20180207T005244Z,4.900884539600078,1.4242516540045356,0.19369373970338732,4.937579586509397,0.9820238343487369,0.19563051524504904,3.0
20180207T005359Z,0.5026548245743669,16.0,0.6468786133433949,0.5269039928692631,16.0,0.6469568646406441,3.0
20180207T005421Z,1.3823007675795091,2.6918003852647128,0.8491775305819612,1.409064597089289,2.9311983549625187,0.849183875680755,3.0
20180207T005453Z,4.649557127312894,2.086701861934038,0.8883803145006228,4.654013620803923,2.083565362905314,0.8883861517167994,3.0
20180207T005612Z,1.6336281798666925,14.087332295285256,0.8460318615064739,1.6097337304039425,10.538725047038263,0.8460859979931129,3.0
20180207T005624Z,0.6283185307179586,16.0,0.7291394133250954,0.6152457786644485,16.0,0.7291564690555595,3.0
20180207T005637Z,4.39822971502571,2.086701861934038,0.8450512352797744,4.367535659147107,2.277850777194513,0.8450608805170383,3.0
20180207T005654Z,2.1362830044410597,16.0,0.8450265081251135,2.1734176113541945,16.0,0.8451230264055775,3.0
20180207T005712Z,4.39822971502571,16.0,0.6112738200245188,4.362794758825552,16.0,0.6113911377938097,3.0
20180207T005730Z,2.8902652413026098,16.0,0.4848394516611169,2.8530964826722442,16.0,0.4851764914984576,3.0
20180207T005800Z,5.026548245743669,1.4242516540045356,0.23072331610314248,4.937600257929283,0.9819490383934997,0.23136292817105136,3.0
20180207T005834Z,3.518583772020569,3.472364426509674,0.6661902000340868,3.499137746234515,3.598811042188697,0.6662463411304581,3.0
20180207T005851Z,2.387610416728243,0.3510615547429147,0.4483544927001608,2.4022896420163935,0.3166735524469573,0.4483637620849727,3.0
20180207T005907Z,1.3823007675795091,16.0,0.8238223169465235,1.3517929576700394,16.0,0.8239219690649728,3.0
20180207T005943Z,4.39822971502571,1.2539941451294703,0.8586865705409469,4.4699594433965135,1.2176598382679278,0.8589438748820668,3.0
20180207T010015Z,5.403539364174445,0.9721047414289302,0.8107892063322959,5.309239673465935,0.9455370497484658,0.8110283171269198,3.0
20180207T010052Z,4.39822971502571,16.0,0.6077958312443925,4.45739535401446,16.0,0.6092467787588731,3.0
20180207T010115Z,5.7805304826052195,16.0,0.8416197456201383,5.771286714377423,16.0,0.8416261686537153,3.0
20180207T010143Z,2.1362830044410597,16.0,0.8572139263291989,2.1247045174540995,16.0,0.8572427823616873,3.0
20180207T010201Z,4.649557127312894,1.4242516540045356,0.869979684647623,4.937522843125378,0.9819756316478756,0.8702451163756909,3.0
20180207T010417Z,5.529203070318037,0.9721047414289302,0.8364441483540321,5.578185985979076,0.9936987021086305,0.8364867208242921,3.0
20180207T010502Z,1.5079644737231008,5.778168376825359,0.8642062189718063,1.5532884649507448,6.588642021231013,0.8642798679513748,3.0
20180207T010520Z,4.649557127312894,1.2539941451294703,0.7909532074318074,4.624003173811998,1.221031796943962,0.7914352591790402,3.0
20180207T010535Z,5.277875658030853,0.8558976573957302,0.1290559400056538,4.937680102427008,0.981853751785345,0.12916110764573446,3.0
20180207T010543Z,0.0,16.0,0.1987740651686535,0.060000000000000026,16.0,0.19960372876940755,3.0
20180207T010727Z,5.906194188748811,0.8558976573957302,0.19798232631613144,5.9635534196025315,0.8906403182000492,0.19816578766183965,3.0
20180207T010812Z,4.649557127312894,2.6918003852647128,0.9290853871445408,4.744703254581289,1.7189077804693553,0.9291270089261889,3.0
20180207T010826Z,2.1362830044410597,0.2721452912874363,0.8210774377879831,2.476748953269957,0.1805858709214198,0.8214555834404945,3.0
20180207T010849Z,5.529203070318037,0.9721047414289302,0.7733271834944999,5.444776040359056,0.9182554531359037,0.773822229934097,3.0
20180207T010916Z,2.0106192982974678,4.479275200528711,0.8120658947946798,1.9681404144370398,16.0,0.8123143809611033,3.0
20180207T010934Z,0.12566370614359174,2.086701861934038,0.7622690785784989,0.08626517768733102,2.036947636491738,0.7624298616650335,3.0
20180207T010942Z,1.3823007675795091,16.0,0.8883682293387309,1.4240127731636953,16.0,0.8884320871098125,3.0
20180207T010949Z,2.1362830044410597,16.0,0.8873457796407822,2.1080669618286914,16.0,0.887465142858215,3.0
20180207T011012Z,4.39822971502571,16.0,0.8259449347375032,4.412750312186865,16.0,0.8259633650478984,3.0
20180207T011022Z,4.775220833456486,2.6918003852647128,0.9442334621555643,4.708757553601785,7.368198351493998,0.9443618916027717,3.0
20180207T011118Z,1.5079644737231008,16.0,0.8445054238901243,1.5644395104098985,16.0,0.8446968953571855,3.0
20180207T011126Z,3.392920065876977,16.0,0.2375577206050599,3.3945048798614,16.0,0.2375581023077583,3.0
20180207T011225Z,2.261946710584651,0.21096887018620009,0.9458785152228065,2.476732321543322,0.18057828207028417,0.9464662859867853,3.0
20180207T011326Z,3.267256359733385,16.0,0.4818685900778686,3.226654956239628,16.0,0.4824359424643957,3.0
20180207T011340Z,1.0053096491487339,16.0,0.742130252184475,1.0149307766503526,16.0,0.7421363824602892,3.0
20180207T011410Z,2.1362830044410597,16.0,0.5407802270234652,2.0748961612714503,16.0,0.5410743294038165,3.0
20180207T011438Z,2.387610416728243,12.40330819986167,0.6665261386134084,2.4528742425619847,5.660656844223109,0.6668600826377675,3.0
20180207T011450Z,4.523893421169302,7.453712553094249,0.9478633320470418,4.559305625641549,4.655376829342274,0.9478711263641937,3.0
20180207T011542Z,5.529203070318037,0.9721047414289302,0.8661149367537129,5.288994959597636,0.9182144994626028,0.8672013750993541,3.0
20180207T011643Z,6.157521601035995,1.4242516540045356,0.7693053994309766,6.214253643041152,1.543665876590451,0.7696115736714177,3.0
20180207T011707Z,2.261946710584651,0.21096887018620009,0.16015460751170163,2.47690074875839,0.1805603763710849,0.16178101827728145,3.0
20180207T011729Z,2.7646015351590183,16.0,0.4631754584601649,2.810633230641895,16.0,0.4636039450616006,3.0
20180207T011802Z,4.272566008882119,1.4242516540045356,0.23475045182026544,4.29644591520406,1.4277880033498025,0.23481098917756804,3.0
20180207T011824Z,1.7592918860102844,0.8558976573957302,0.9096638238665816,1.75270725038006,0.8988446712949988,0.9096642460836081,3.0
20180207T011854Z,2.0106192982974678,16.0,0.9460558136481633,2.0296652037598566,16.0,0.9460866114289167,3.0
20180207T011906Z,4.649557127312894,1.4242516540045356,0.8378558353813241,4.85292928148041,1.0668533543427294,0.8383946151755853,3.0
20180207T011933Z,0.5026548245743669,16.0,0.38695394420655543,0.4719474054148737,16.0,0.38705866194158245,3.0
20180207T012000Z,4.649557127312894,1.1040895136738127,0.6082558757542399,4.6447316461556225,1.0986471623604186,0.6082718662544843,3.0
20180207T012042Z,4.649557127312894,2.6918003852647128,0.9607691343539208,4.653687655810534,2.7314259266832734,0.9607734037053819,3.0
20180207T012239Z,4.775220833456486,16.0,0.9122405900361815,4.836972293672787,16.0,0.9124830986948241,3.0
20180207T012415Z,5.026548245743669,16.0,0.6343653889621895,4.967582024257346,16.0,0.6347334054043422,3.0
20180207T012508Z,6.157521601035995,1.617625394674567,0.6986789191004137,6.163522065223912,1.732901651710347,0.6987735486463873,3.0
20180207T012550Z,0.0,1.617625394674567,0.7415352061585984,0.056747790531973964,1.8170694029380332,0.7418180636223799,3.0
20180207T012725Z,1.0053096491487339,16.0,0.5997975526554832,0.9626036240139977,16.0,0.5999136793232356,3.0
20180207T012738Z,4.523893421169302,1.617625394674567,0.917218258500818,4.612451580932245,1.394648447399923,0.9176074532524257,3.0
20180207T012812Z,2.261946710584651,0.23961257193520702,0.9223967844089653,2.476848778123142,0.1805708814785157,0.922683584418412,3.0
20180207T012829Z,2.7646015351590183,16.0,0.49855111927187296,2.7963917530071605,16.0,0.49896130851588466,3.0
20180207T013238Z,5.026548245743669,0.9721047414289302,0.8822217978674668,4.937622413663201,0.9819148650766834,0.883395646198924,3.0
20180207T013253Z,4.523893421169302,3.0572719704105853,0.8449792636665695,4.459928292744946,4.720511172338476,0.8451791677064249,3.0
20180207T013258Z,4.775220833456486,1.617625394674567,0.9365786885789268,4.785276278146728,1.5797010671651772,0.9365914699966055,3.0
20180207T013355Z,4.775220833456486,1.4242516540045356,0.9524546527770547,4.937539862645989,0.9820096399646341,0.9529026246281238,3.0
20180207T013547Z,4.523893421169302,1.2539941451294703,0.7252028404793249,4.48539917229847,1.337732208554843,0.7254709785819524,3.0
20180207T013738Z,5.026548245743669,1.2539941451294703,0.30353884780522455,4.937666388702447,0.9820917274178831,0.3039825135596856,3.0
20180207T013816Z,1.2566370614359172,16.0,0.7080965281535312,1.2799224703481493,16.0,0.7081531776726514,3.0
20180207T013833Z,5.906194188748811,2.6918003852647128,0.7874200173154543,5.957851403894036,3.207690453003943,0.7876702452843616,3.0
20180207T013846Z,5.026548245743669,0.8558976573957302,0.17676648641711504,4.937721667959533,0.981780404751311,0.1798639241648278,3.0
20180207T013856Z,4.523893421169302,1.4242516540045356,0.596234326045031,4.584375070080267,1.331001913404199,0.5964390472863509,3.0
20180207T013908Z,4.775220833456486,1.4242516540045356,0.8966777600361069,4.9375206235314835,0.9820447557678714,0.8970777027802206,3.0
20180207T014213Z,1.6336281798666925,4.479275200528711,0.8929597719501872,1.6312637627734579,4.473377628787267,0.8929602144157646,3.0
20180207T014302Z,5.026548245743669,1.2539941451294703,0.7923980419635228,4.937727874496344,0.9821873326693042,0.7933354182194101,3.0
20180207T014323Z,4.523893421169302,2.6918003852647128,0.9195556550722175,4.55552166850302,2.436395105401721,0.9196243037672295,3.0
20180207T014346Z,4.523893421169302,1.4242516540045356,0.9020646601888291,4.606185724963283,1.231187983688022,0.902956248894564,3.0
20180207T014403Z,4.1469023027385274,16.0,0.5760689677954383,4.090510101014274,16.0,0.5763346136514714,3.0
20180207T014415Z,3.1415926535897936,0.3510615547429147,0.27560239873170933,3.147535025728876,0.3314232897528213,0.2757020081044368,3.0
20180207T014533Z,2.261946710584651,0.23961257193520702,0.8934570833642763,2.4768160138377557,0.1805720494629982,0.8946129946532042,3.0
20180207T014558Z,1.884955592153876,0.45286183213195336,0.792891037274742,1.833040554424744,0.5051028241742341,0.7929308054930874,3.0
20180207T014606Z,4.649557127312894,3.472364426509674,0.8390906443522653,4.679640307962273,2.800653951011407,0.8391477805413878,3.0
20180207T014633Z,1.5079644737231008,16.0,0.8987503859311312,1.557297295861503,16.0,0.8988119396065775,3.0
20180207T014751Z,4.900884539600078,1.1040895136738127,0.9154528180535639,4.93748398353973,0.9821703024881578,0.9157332301178828,3.0
20180207T014921Z,2.387610416728243,0.18574928614211858,0.48311176794284644,2.4766808600808634,0.180566539171015,0.4836279552730301,3.0
20180207T014943Z,5.529203070318037,16.0,0.38284445366765674,5.505309785565929,16.0,0.3829614628463302,3.0
20180207T015007Z,3.392920065876977,16.0,0.8658996176395787,3.3607801004091975,16.0,0.8662826651924805,3.0
20180207T015104Z,2.261946710584651,0.23961257193520702,0.8192068464726047,2.4767139247831187,0.18059837871653073,0.8192527417122194,3.0
20180207T015143Z,6.157521601035995,16.0,0.36791069071001214,6.193149838815428,16.0,0.3684984286084491,3.0
20180207T015151Z,4.523893421169302,0.9721047414289302,0.8736264142862076,4.567152684988459,0.9288555647845029,0.8739753990418501,3.0
20180207T015342Z,2.0106192982974678,0.7535821694056161,0.9806583135720589,2.2514809294273723,0.2728665681001592,0.9806617272049986,3.0
20180207T015548Z,2.0106192982974678,0.39872594456840704,0.6531695587104416,2.158881129635223,0.27634596081312,0.6531995463233109,3.0
20180207T015610Z,3.6442474781641603,14.087332295285256,0.2836102265427406,3.668483940001064,12.163163087555859,0.2836861379076295,3.0
20180207T015705Z,2.0106192982974678,16.0,0.9381950884160475,2.0011945203366976,16.0,0.9382104543308876,3.0
20180207T015909Z,4.900884539600078,1.1040895136738127,0.8681725549901107,4.909012833505779,1.0699014121942914,0.8682039165307579,3.0
20180207T015925Z,6.031857894892403,16.0,0.2263131378216918,5.996956764006432,16.0,0.22655441156743575,3.0
20180207T015948Z,1.5079644737231008,16.0,0.8762489437042069,1.532041836169753,16.0,0.8762980482810078,3.0
20180207T020028Z,2.261946710584651,0.23961257193520702,0.9544668549747386,2.4767691989884657,0.18058559827434084,0.9545475932688187,3.0
20180207T020216Z,1.884955592153876,0.6634976520136784,0.9566211283871399,1.835030017770709,0.8490186760939719,0.9566266000321956,3.0
20180207T020324Z,4.39822971502571,1.1040895136738127,0.7861369471816977,4.5226302809071095,1.046470198431689,0.7870251142993427,3.0
20180207T020531Z,1.3823007675795091,16.0,0.8405653816198053,1.4192881123370076,16.0,0.8406959704898312,3.0
20180207T020723Z,2.1362830044410597,0.2721452912874363,0.920295791748666,2.476854261212992,0.1805684634665291,0.9204353704706417,3.0
20180207T020806Z,5.152211951887261,0.9721047414289302,0.8876457120138188,5.227243723655463,0.9979232237630038,0.8880129412551252,3.0
20180207T020847Z,5.026548245743669,0.9721047414289302,0.9000944158779576,5.023278256044646,0.9794459516605245,0.9004197192278854,3.0
20180207T021438Z,2.5132741228718345,16.0,0.7909774829159573,2.4911870765290134,16.0,0.7911437350639595,3.0
20180207T021449Z,4.649557127312894,2.3700179062375537,0.9568449218829802,4.667653063546944,2.270043143971427,0.9568675630616029,3.0
20180207T021641Z,4.900884539600078,12.40330819986167,0.932765703275305,4.864585802413518,16.0,0.9328028344900006,3.0
20180207T021829Z,2.261946710584651,0.21096887018620009,0.959402475432818,2.4768428405579366,0.1805639771996027,0.9598701195010753,3.0
20180207T022028Z,4.649557127312894,1.1040895136738127,0.7957434225389907,4.70173080840561,1.061064338799135,0.7961354339695483,3.0
20180207T022300Z,4.900884539600078,16.0,0.19263705033861495,4.894423412521505,16.0,0.19263947409991505,3.0
20180207T022348Z,4.523893421169302,2.086701861934038,0.903853881303583,4.604803393692761,1.6182127293124635,0.9044354502363832,3.0
20180207T022519Z,3.769911184307752,2.086701861934038,0.9024014324095666,3.7409461920649223,2.29415817715336,0.9025865424239712,3.0
20180207T022958Z,5.7805304826052195,1.617625394674567,0.8801193749967088,5.832384566184995,1.7851016138381648,0.8803397287948054,3.0
20180207T023226Z,4.39822971502571,2.086701861934038,0.843499313511419,4.357796590478377,2.2089607897723367,0.8436216620408673,3.0
20180207T023655Z,2.0106192982974678,16.0,0.869605668081744,2.063437324785945,16.0,0.8700446493575015,3.0
20180207T024247Z,2.1362830044410597,16.0,0.719965858959561,2.132329384676333,16.0,0.7199703570552602,3.0
20180207T024318Z,4.900884539600078,1.4242516540045356,0.8608103160936806,4.878091143613108,1.849202382878346,0.8608349422773731,3.0
20180207T024536Z,5.026548245743669,2.086701861934038,0.963726554845045,4.93760228897997,0.9819822268199254,0.9638847578977671,3.0
20180207T024730Z,5.026548245743669,3.943814886992401,0.9585122459429102,5.0929732753397445,16.0,0.9585962002263434,3.0
20180207T025437Z,4.523893421169302,1.2539941451294703,0.6755526856826539,4.536786839157995,1.2433608857235516,0.6755629597750235,3.0
20180207T025511Z,2.387610416728243,0.18574928614211858,0.9245901618613366,2.4767774512557628,0.18056592099928154,0.925003866648059,3.0
20180207T025616Z,5.026548245743669,1.2539941451294703,0.9080916882054358,4.937622330344701,0.9819936921864605,0.9085444755027926,3.0
20180207T025724Z,2.0106192982974678,16.0,0.6608690388785322,2.0628482761633973,16.0,0.6614109275014324,3.0
20180207T030448Z,2.1362830044410597,0.2721452912874363,0.9175464404899182,2.476852560730214,0.18056738504548342,0.9182471329890626,3.0
20180207T030914Z,5.7805304826052195,2.086701861934038,0.84777680237643,5.756383013343408,1.8976806994885176,0.8479330664370937,3.0
20180207T030941Z,2.7646015351590183,0.18574928614211858,0.5749823885495813,2.7939479756138095,0.1850551399009297,0.5750292720207041,3.0
20180207T031137Z,4.775220833456486,1.2539941451294703,0.8239890234590257,4.937442417907339,0.982070830040007,0.8271154393946232,3.0
20180207T032359Z,4.649557127312894,9.615128393797233,0.915717741418042,4.657372522516414,7.5638332494407425,0.9157200769906826,3.0
20180207T032843Z,5.152211951887261,1.617625394674567,0.946978906327166,4.937728893113052,0.9821391356919845,0.9478899591863457,3.0
20180207T033135Z,1.2566370614359172,16.0,0.9189479032653305,1.2112312301145018,16.0,0.9191341842755003,3.0
20180207T033301Z,4.649557127312894,3.472364426509674,0.676278361040604,4.610172695745426,4.723084405255221,0.6763991279565257,3.0
20180207T033645Z,5.026548245743669,1.2539941451294703,0.911828534333664,4.937681370339332,0.9821145945940761,0.9124793973919643,3.0
20180207T034054Z,1.2566370614359172,16.0,0.8346789600187978,1.3143147390604173,16.0,0.8349402727291337,3.0
20180207T035510Z,5.277875658030853,3.472364426509674,0.8569925147845697,5.257378880927497,3.103299129930945,0.8570056672852364,3.0
20180207T035748Z,2.0106192982974678,0.14399410274531194,0.2462127248862424,2.476793576768275,0.18053129031167342,0.24742888319963027,3.0
20180207T035832Z,5.529203070318037,0.9721047414289302,0.8083570717136207,5.208297131833909,0.9206396746815807,0.8102610605734307,3.0
20180207T040111Z,4.649557127312894,2.6918003852647128,0.8171745540507486,4.742407298303606,1.696193092540954,0.817353159685408,3.0
20180207T040843Z,5.6548667764616285,1.2539941451294703,0.7604398763686164,5.649263368540498,1.306093614722078,0.7606843230866424,3.0
20180207T040945Z,5.026548245743669,1.2539941451294703,0.9879148664948032,4.937637147573035,0.9820458457718167,0.9882281986194862,3.0
20180207T041016Z,4.649557127312894,1.617625394674567,0.2773692833866332,4.594258067904362,1.9007235786031496,0.2774398324007806,3.0
20180207T041051Z,4.900884539600078,16.0,0.9673450052903227,4.844009713664524,16.0,0.9674628575649958,3.0
20180207T041104Z,4.900884539600078,1.2539941451294703,0.8645710114152976,4.937085136450886,0.9840623586505008,0.8662122969801519,3.0
20180207T041418Z,5.529203070318037,1.617625394674567,0.8822410308221845,5.518499742912958,1.5709754291235896,0.8822764524147121,3.0
20180207T041448Z,5.026548245743669,1.2539941451294703,0.9436218356071132,4.937648551960818,0.9820317962552241,0.9444512924474526,3.0
20180207T041644Z,4.900884539600078,1.8372539081409522,0.9490301289356478,4.937577240866277,0.982055902427436,0.9490721592691672,3.0
20180207T041853Z,6.031857894892403,16.0,0.11796650395254073,6.077730056373339,16.0,0.11822256459164465,3.0
20180207T042859Z,2.0106192982974678,16.0,0.9157216870784383,1.9874500524772425,16.0,0.915793246452584,3.0
20180207T043533Z,0.0,16.0,0.0752314960989129,0.056187500000000015,16.0,0.07596216294657919,3.0
20180207T043733Z,4.900884539600078,1.2539941451294703,0.9024484606554808,4.937506513631595,0.982426638518024,0.9025687372849756,3.0
20180207T043948Z,5.403539364174445,3.472364426509674,0.9368201539686273,5.4272124180936725,4.1924828902399245,0.9368623540021863,3.0
20180207T044824Z,5.6548667764616285,3.0572719704105853,0.5241253803684114,5.717338511134843,4.141918999773635,0.5245711336107888,3.0
20180207T045112Z,5.529203070318037,16.0,0.7007557389311229,5.512126796187294,16.0,0.7008468366916814,3.0
20180207T045441Z,4.649557127312894,2.3700179062375537,0.9080600564835056,4.6144414417655675,2.811084330704973,0.9080912167474549,3.0
20180207T045724Z,5.6548667764616285,14.087332295285256,0.9139402021881495,5.633501840396278,10.376977651033737,0.9139967293995772,3.0
20180207T050239Z,4.1469023027385274,0.3510615547429147,0.7247725923010077,4.17006357389143,0.3392680591773609,0.7248211490025339,3.0
20180207T051141Z,2.261946710584651,0.23961257193520702,0.6516586819631744,2.4768989712853227,0.1805628895811906,0.653027580602877,3.0
20180207T051259Z,4.39822971502571,16.0,0.03438471601954499,4.398551850991167,16.0,0.03438471792400506,3.0
20180207T051347Z,1.884955592153876,0.39872594456840704,0.9459098007481377,1.914882060153219,0.38441108639725136,0.9459181181927706,3.0
20180207T052238Z,4.649557127312894,2.3700179062375537,0.9440858150845414,4.657972232531523,2.35330874160236,0.9441075598830307,3.0
20180207T052249Z,4.900884539600078,16.0,0.9757621922795494,4.902619471871177,16.0,0.9757623206253399,3.0
20180207T052400Z,4.649557127312894,1.4242516540045356,0.9211803590364973,4.631657992372455,1.472260022095686,0.9211954822611769,3.0
20180207T052703Z,5.026548245743669,1.2539941451294703,0.2638122158385875,4.937600851711965,0.9819456868239188,0.2661631336908365,3.0
20180207T053130Z,5.026548245743669,0.9721047414289302,0.16876082115985502,4.937765439050222,0.981917401233626,0.16998476965827977,3.0
20180207T053439Z,0.12566370614359174,2.3700179062375537,0.7639136550986485,0.07629238292613646,2.1977897111219598,0.7641189852102807,3.0
20180207T053637Z,4.649557127312894,0.8558976573957302,0.6961699085025265,4.5509942929678555,0.8318670816740497,0.6964663106016229,3.0
20180207T053718Z,2.261946710584651,0.23961257193520702,0.913850291645578,2.47685151158924,0.18056838828963487,0.9145790703054125,3.0
20180207T054548Z,5.6548667764616285,2.6918003852647128,0.811208889857693,5.714762929236385,3.3365064923337133,0.8113584998738772,3.0
20180207T054629Z,2.5132741228718345,16.0,0.48805801099896784,2.5145013075021434,16.0,0.4880582032387133,3.0
20180207T055722Z,2.0106192982974678,16.0,0.9570508872758664,2.024756465238622,16.0,0.9570862375314743,3.0
20180207T060231Z,4.649557127312894,2.6918003852647128,0.9485848777249707,4.660348580716545,2.6142011336443307,0.9486013780258755,3.0
20180207T061000Z,4.523893421169302,1.4242516540045356,0.6883661141998396,4.533033254348934,1.4758348602139553,0.6883661448904697,3.0
20180207T061219Z,4.39822971502571,0.9721047414289302,0.9593117305768304,4.4008229804184245,0.9913463952225932,0.9593117306747632,3.0
20180207T061346Z,5.7805304826052195,0.07618835338777971,0.627514107283299,5.778840998680991,0.07660613801454824,0.6275141079859006,3.0
20180207T062237Z,2.387610416728243,2.6918003852647128,0.036135233069955155,2.387659823698325,2.783561380506607,0.03613523427250628,3.0
20180207T064419Z,4.0212385965949355,3.472364426509674,0.3746593609999213,4.025639418761276,3.550536791082611,0.3746600711153994,3.0
20180207T065255Z,1.7592918860102844,7.453712553094249,0.8594072982380669,1.7579841603155406,7.626974769956766,0.8594073329526417,3.0
20180207T065413Z,5.906194188748811,9.615128393797233,0.7104250472680363,5.906250210768021,9.829502381280356,0.7104250491221386,3.0
20180207T065819Z,3.392920065876977,2.086701861934038,0.5470585992226843,3.3937543289283134,2.12783610940401,0.5470586344213881,3.0
20180207T065926Z,4.523893421169302,4.479275200528711,0.31530148506342354,4.5235979832764315,4.581212539850954,0.3153015221226418,3.0
20180207T070758Z,6.157521601035995,5.778168376825359,0.4539879216933166,6.157471974489532,5.82893484637685,0.4539879349858275,3.0
20180207T072122Z,1.0053096491487339,0.03125,0.36696909433940994,1.001763277314741,0.03125,0.3669690950405697,3.0
20180207T072225Z,4.649557127312894,3.943814886992401,0.9645905989007043,4.651684492515543,3.9779537741944404,0.9645906050837111,3.0
20180207T073428Z,4.900884539600078,0.03125,0.22787517385308909,4.910256576037739,0.031574773653835334,0.22787517894272183,3.0
20180207T073456Z,0.7539822368615504,0.05200138568326893,0.17104282532195053,0.7561744136316776,0.05194091895868916,0.17104282560796705,3.0
20180207T074140Z,2.8902652413026098,4.479275200528711,0.5727058462377856,2.890828783546448,4.571155995035963,0.5727058527145055,3.0
20180207T074503Z,4.272566008882119,0.3510615547429147,0.21314117112300743,4.272429936106096,0.3516045965480842,0.21314120537296097,3.0
20180207T074703Z,0.0,0.03125,,0.0,0.03125,,3.0
20180207T075232Z,0.0,0.03125,,0.0,0.03125,,3.0
20180207T075259Z,0.0,0.03125,,0.0,0.03125,,3.0
20180207T075322Z,0.0,0.03125,,0.0,0.03125,,3.0
20180207T075528Z,0.0,0.03125,,0.0,0.03125,,3.0
20180207T075645Z,0.0,0.03125,,0.0,0.03125,,3.0
20180207T080159Z,0.0,0.03125,,0.0,0.03125,,3.0
20180207T080351Z,0.0,0.03125,,0.0,0.03125,,3.0
20180207T081122Z,0.0,0.03125,,0.0,0.03125,,3.0
20180207T081316Z,0.0,0.03125,,0.0,0.03125,,3.0
20180207T082221Z,0.0,0.03125,,0.0,0.03125,,3.0
20180207T083015Z,0.0,0.03125,,0.0,0.03125,,3.0
20180207T083240Z,0.0,0.03125,,0.0,0.03125,,3.0
20180207T083418Z,0.0,0.03125,,0.0,0.03125,,3.0
20180207T083509Z,0.0,0.03125,,0.0,0.03125,,3.0
20180207T083712Z,0.0,0.03125,,0.0,0.03125,,3.0
20180207T084335Z,0.0,0.03125,,0.0,0.03125,,3.0
20180207T084401Z,0.0,0.03125,,0.0,0.03125,,3.0
20180207T084732Z,0.0,0.03125,,0.0,0.03125,,3.0
20180207T084826Z,0.0,0.03125,,0.0,0.03125,,3.0
20180207T084933Z,0.0,0.03125,,0.0,0.03125,,3.0
20180207T085235Z,0.0,0.03125,,0.0,0.03125,,3.0
20180207T085348Z,0.0,0.03125,,0.0,0.03125,,3.0
20180207T085751Z,0.0,0.03125,,0.0,0.03125,,3.0
20180207T085818Z,0.0,0.03125,,0.0,0.03125,,3.0
20180207T090327Z,0.0,0.03125,,0.0,0.03125,,3.0
20180207T090610Z,0.0,0.03125,,0.0,0.03125,,3.0
20180207T090653Z,0.0,0.03125,,0.0,0.03125,,3.0
20180207T090833Z,0.0,0.03125,,0.0,0.03125,,3.0
20180207T091027Z,0.0,0.03125,,0.0,0.03125,,3.0
20180207T091150Z,0.0,0.03125,,0.0,0.03125,,3.0
20180207T091346Z,0.0,0.03125,,0.0,0.03125,,3.0
20180207T091416Z,0.0,0.03125,,0.0,0.03125,,3.0
20180207T091509Z,0.0,0.03125,,0.0,0.03125,,3.0
20180207T091543Z,0.0,0.03125,,0.0,0.03125,,3.0
20180207T091636Z,0.0,0.03125,,0.0,0.03125,,3.0
20180207T091910Z,0.0,0.03125,,0.0,0.03125,,3.0
20180207T092029Z,0.0,0.03125,,0.0,0.03125,,3.0
20180207T092455Z,0.0,0.03125,,0.0,0.03125,,3.0
20180207T092526Z,0.0,0.03125,,0.0,0.03125,,3.0
20180207T092806Z,0.0,0.03125,,0.0,0.03125,,3.0
20180207T092958Z,0.0,0.03125,,0.0,0.03125,,3.0
20180207T093100Z,0.0,0.03125,,0.0,0.03125,,3.0
20180207T093230Z,0.0,0.03125,,0.0,0.03125,,3.0
20180207T093257Z,0.0,0.03125,,0.0,0.03125,,3.0
20180207T093440Z,0.0,0.03125,,0.0,0.03125,,3.0
20180207T093517Z,0.0,0.03125,,0.0,0.03125,,3.0
20180207T093700Z,0.0,0.03125,,0.0,0.03125,,3.0
20180207T094101Z,0.0,0.03125,,0.0,0.03125,,3.0
20180207T094300Z,0.0,0.03125,,0.0,0.03125,,3.0
20180207T094359Z,0.0,0.03125,,0.0,0.03125,,3.0
20180207T094456Z,0.0,0.03125,,0.0,0.03125,,3.0
20180207T094537Z,0.0,0.03125,,0.0,0.03125,,3.0
20180207T094713Z,0.0,0.03125,,0.0,0.03125,,3.0
20180207T095011Z,0.0,0.03125,,0.0,0.03125,,3.0
20180207T095305Z,0.0,0.03125,,0.0,0.03125,,3.0
20180207T095340Z,0.0,0.03125,,0.0,0.03125,,3.0
20180207T095426Z,0.0,0.03125,,0.0,0.03125,,3.0
20180207T095608Z,0.0,0.03125,,0.0,0.03125,,3.0
20180207T095716Z,0.0,0.03125,,0.0,0.03125,,3.0
20180207T095915Z,0.0,0.03125,,0.0,0.03125,,3.0
20180207T100013Z,0.0,0.03125,,0.0,0.03125,,3.0
20180207T100123Z,0.0,0.03125,,0.0,0.03125,,3.0
20180207T100502Z,0.0,0.03125,,0.0,0.03125,,3.0
20180207T101001Z,0.0,0.03125,,0.0,0.03125,,3.0
20180207T101106Z,0.0,0.03125,,0.0,0.03125,,3.0
20180207T101136Z,0.0,0.03125,,0.0,0.03125,,3.0
20180207T101243Z,0.0,0.03125,,0.0,0.03125,,3.0
20180207T101305Z,0.0,0.03125,,0.0,0.03125,,3.0
20180207T101325Z,0.0,0.03125,,0.0,0.03125,,3.0
20180207T101502Z,0.0,0.03125,,0.0,0.03125,,3.0
20180207T101528Z,0.0,0.03125,,0.0,0.03125,,3.0
20180207T101724Z,0.0,0.03125,,0.0,0.03125,,3.0
20180207T101740Z,0.0,0.03125,,0.0,0.03125,,3.0
20180207T101817Z,0.0,0.03125,,0.0,0.03125,,3.0
20180207T102100Z,0.0,0.03125,,0.0,0.03125,,3.0
20180207T102110Z,0.0,0.03125,,0.0,0.03125,,3.0
20180207T102533Z,0.0,0.03125,,0.0,0.03125,,3.0
20180207T102557Z,0.0,0.03125,,0.0,0.03125,,3.0
20180207T102743Z,0.0,0.03125,,0.0,0.03125,,3.0
20180207T103153Z,0.0,0.03125,,0.0,0.03125,,3.0
20180207T103905Z,0.0,0.03125,,0.0,0.03125,,3.0
20180207T104340Z,0.0,0.03125,,0.0,0.03125,,3.0
20180207T104551Z,0.0,0.03125,,0.0,0.03125,,3.0
20180207T104750Z,0.0,0.03125,,0.0,0.03125,,3.0
20180207T104809Z,0.0,0.03125,,0.0,0.03125,,3.0
20180207T105005Z,0.0,0.03125,,0.0,0.03125,,3.0
20180207T110827Z,0.0,0.03125,,0.0,0.03125,,3.0
20180207T111059Z,0.0,0.03125,,0.0,0.03125,,3.0
20180207T111421Z,0.0,0.03125,,0.0,0.03125,,3.0
20180207T111510Z,0.0,0.03125,,0.0,0.03125,,3.0
20180207T111654Z,0.0,0.03125,,0.0,0.03125,,3.0
20180207T111729Z,0.0,0.03125,,0.0,0.03125,,3.0
20180207T111918Z,0.0,0.03125,,0.0,0.03125,,3.0
20180207T112027Z,0.0,0.03125,,0.0,0.03125,,3.0
20180207T112630Z,0.0,0.03125,,0.0,0.03125,,3.0
20180207T113237Z,0.0,0.03125,,0.0,0.03125,,3.0
20180207T113321Z,0.0,0.03125,,0.0,0.03125,,3.0
20180207T114348Z,0.0,0.03125,,0.0,0.03125,,3.0
20180207T115213Z,0.0,0.03125,,0.0,0.03125,,3.0
20180207T115849Z,0.0,0.03125,,0.0,0.03125,,3.0
20180207T120419Z,0.0,0.03125,,0.0,0.03125,,3.0
20180207T120916Z,0.0,0.03125,,0.0,0.03125,,3.0
20180207T120959Z,0.0,0.03125,,0.0,0.03125,,3.0
20180207T121114Z,0.0,0.03125,,0.0,0.03125,,3.0
20180207T121243Z,0.0,0.03125,,0.0,0.03125,,3.0
20180207T121746Z,0.0,0.03125,,0.0,0.03125,,3.0
20180207T122243Z,0.0,0.03125,,0.0,0.03125,,3.0
20180207T122340Z,0.0,0.03125,,0.0,0.03125,,3.0
20180207T123000Z,0.0,0.03125,,0.0,0.03125,,3.0
20180207T123701Z,0.0,0.03125,,0.0,0.03125,,3.0
20180207T123737Z,0.0,0.03125,,0.0,0.03125,,3.0
20180207T123917Z,0.0,0.03125,,0.0,0.03125,,3.0
20180207T124553Z,0.0,0.03125,,0.0,0.03125,,3.0
20180207T125047Z,0.0,0.03125,,0.0,0.03125,,3.0
20180207T125656Z,0.0,0.03125,,0.0,0.03125,,3.0
20180207T125835Z,0.0,0.03125,,0.0,0.03125,,3.0
20180207T130200Z,0.0,0.03125,,0.0,0.03125,,3.0
20180207T130823Z,0.0,0.03125,,0.0,0.03125,,3.0
20180207T132135Z,0.0,0.03125,,0.0,0.03125,,3.0
20180207T132416Z,0.0,0.03125,,0.0,0.03125,,3.0
20180207T133415Z,0.0,0.03125,,0.0,0.03125,,3.0
20180207T133758Z,0.0,0.03125,,0.0,0.03125,,3.0
20180207T133835Z,0.0,0.03125,,0.0,0.03125,,3.0
20180207T134148Z,0.0,0.03125,,0.0,0.03125,,3.0
20180207T134620Z,0.0,0.03125,,0.0,0.03125,,3.0
20180207T134809Z,0.0,0.03125,,0.0,0.03125,,3.0
20180207T135614Z,0.0,0.03125,,0.0,0.03125,,3.0
20180207T135755Z,0.0,0.03125,,0.0,0.03125,,3.0
20180207T135813Z,0.0,0.03125,,0.0,0.03125,,3.0
20180207T135925Z,0.0,0.03125,,0.0,0.03125,,3.0
20180207T140603Z,0.0,0.03125,,0.0,0.03125,,3.0
20180207T140817Z,0.0,0.03125,,0.0,0.03125,,3.0
20180207T141241Z,0.0,0.03125,,0.0,0.03125,,3.0
20180207T141800Z,0.0,0.03125,,0.0,0.03125,,3.0
20180207T142208Z,0.0,0.03125,,0.0,0.03125,,3.0
20180207T144401Z,0.0,0.03125,,0.0,0.03125,,3.0
20180207T144717Z,0.0,0.03125,,0.0,0.03125,,3.0
20180207T145352Z,0.0,0.03125,,0.0,0.03125,,3.0
20180207T145457Z,0.0,0.03125,,0.0,0.03125,,3.0
20180207T145743Z,0.0,0.03125,,0.0,0.03125,,3.0
20180207T145857Z,0.0,0.03125,,0.0,0.03125,,3.0
20180207T150726Z,0.0,0.03125,,0.0,0.03125,,3.0
20180207T150842Z,0.0,0.03125,,0.0,0.03125,,3.0
20180207T151004Z,0.0,0.03125,,0.0,0.03125,,3.0
20180207T151412Z,0.0,0.03125,,0.0,0.03125,,3.0
20180207T151430Z,0.0,0.03125,,0.0,0.03125,,3.0
20180207T151902Z,0.0,0.03125,,0.0,0.03125,,3.0
20180207T153927Z,0.0,0.03125,,0.0,0.03125,,3.0
20180207T155037Z,0.0,0.03125,,0.0,0.03125,,3.0
20180207T155115Z,0.0,0.03125,,0.0,0.03125,,3.0
20180207T155937Z,0.0,0.03125,,0.0,0.03125,,3.0
20180207T160635Z,0.0,0.03125,,0.0,0.03125,,3.0
20180207T161921Z,0.0,0.03125,,0.0,0.03125,,3.0
20180207T162206Z,0.0,0.03125,,0.0,0.03125,,3.0
20180207T162745Z,0.0,0.03125,,0.0,0.03125,,3.0
20180207T162844Z,0.0,0.03125,,0.0,0.03125,,3.0
20180207T162924Z,0.0,0.03125,,0.0,0.03125,,3.0
20180207T163316Z,0.0,0.03125,,0.0,0.03125,,3.0
20180207T163513Z,0.0,0.03125,,0.0,0.03125,,3.0
20180207T163759Z,0.0,0.03125,,0.0,0.03125,,3.0
20180207T164023Z,0.0,0.03125,,0.0,0.03125,,3.0
20180207T164946Z,0.0,0.03125,,0.0,0.03125,,3.0
20180207T165155Z,0.0,0.03125,,0.0,0.03125,,3.0
20180207T165605Z,0.0,0.03125,,0.0,0.03125,,3.0
20180207T165710Z,0.0,0.03125,,0.0,0.03125,,3.0
20180207T170135Z,0.0,0.03125,,0.0,0.03125,,3.0
20180207T170518Z,0.0,0.03125,,0.0,0.03125,,3.0
20180207T171246Z,0.0,0.03125,,0.0,0.03125,,3.0
20180207T171317Z,0.0,0.03125,,0.0,0.03125,,3.0
20180207T171407Z,0.0,0.03125,,0.0,0.03125,,3.0
20180207T171544Z,0.0,0.03125,,0.0,0.03125,,3.0
20180207T171748Z,0.0,0.03125,,0.0,0.03125,,3.0
20180207T172406Z,0.0,0.03125,,0.0,0.03125,,3.0
20180207T172521Z,0.0,0.03125,,0.0,0.03125,,3.0
20180207T172533Z,0.0,0.03125,,0.0,0.03125,,3.0
20180207T172924Z,0.0,0.03125,,0.0,0.03125,,3.0
20180207T173049Z,0.0,0.03125,,0.0,0.03125,,3.0
20180207T173202Z,0.0,0.03125,,0.0,0.03125,,3.0
20180207T173341Z,0.0,0.03125,,0.0,0.03125,,3.0
20180207T173435Z,0.0,0.03125,,0.0,0.03125,,3.0
20180207T173444Z,0.0,0.03125,,0.0,0.03125,,3.0
20180207T173814Z,0.0,0.03125,,0.0,0.03125,,3.0
20180207T173940Z,0.0,0.03125,,0.0,0.03125,,3.0
20180207T174022Z,0.0,0.03125,,0.0,0.03125,,3.0
20180207T174030Z,0.0,0.03125,,0.0,0.03125,,3.0
20180207T174114Z,0.0,0.03125,,0.0,0.03125,,3.0
20180207T174157Z,0.0,0.03125,,0.0,0.03125,,3.0
20180207T174212Z,0.0,0.03125,,0.0,0.03125,,3.0
20180207T174253Z,0.0,0.03125,,0.0,0.03125,,3.0
20180207T174423Z,0.0,0.03125,,0.0,0.03125,,3.0
20180207T174442Z,0.0,0.03125,,0.0,0.03125,,3.0
20180207T174455Z,0.0,0.03125,,0.0,0.03125,,3.0
20180207T174534Z,0.0,0.03125,,0.0,0.03125,,3.0
20180207T174542Z,0.0,0.03125,,0.0,0.03125,,3.0
20180207T174717Z,0.0,0.03125,,0.0,0.03125,,3.0
20180207T174738Z,0.0,0.03125,,0.0,0.03125,,3.0
20180207T174857Z,0.0,0.03125,,0.0,0.03125,,3.0
20180207T174958Z,0.0,0.03125,,0.0,0.03125,,3.0
20180207T175030Z,0.0,0.03125,,0.0,0.03125,,3.0
20180207T175037Z,0.0,0.03125,,0.0,0.03125,,3.0
20180207T175137Z,0.0,0.03125,,0.0,0.03125,,3.0
20180207T175300Z,0.0,0.03125,,0.0,0.03125,,3.0
20180207T175327Z,0.0,0.03125,,0.0,0.03125,,3.0
20180207T175428Z,0.0,0.03125,,0.0,0.03125,,3.0
20180207T175450Z,0.0,0.03125,,0.0,0.03125,,3.0
20180207T175558Z,0.0,0.03125,,0.0,0.03125,,3.0
20180207T175951Z,0.0,0.03125,,0.0,0.03125,,3.0
20180207T180010Z,0.0,0.03125,,0.0,0.03125,,3.0
20180207T180027Z,0.0,0.03125,,0.0,0.03125,,3.0
20180207T180132Z,0.0,0.03125,,0.0,0.03125,,3.0
20180207T180321Z,0.0,0.03125,,0.0,0.03125,,3.0
20180207T180350Z,0.0,0.03125,,0.0,0.03125,,3.0
20180207T180459Z,0.0,0.03125,,0.0,0.03125,,3.0
20180207T180613Z,0.0,0.03125,,0.0,0.03125,,3.0
20180207T180805Z,0.0,0.03125,,0.0,0.03125,,3.0
20180207T180830Z,0.0,0.03125,,0.0,0.03125,,3.0
20180207T180857Z,0.0,0.03125,,0.0,0.03125,,3.0
20180207T180907Z,0.0,0.03125,,0.0,0.03125,,3.0
20180207T181038Z,0.0,0.03125,,0.0,0.03125,,3.0
20180207T181103Z,0.0,0.03125,,0.0,0.03125,,3.0
20180207T181120Z,0.0,0.03125,,0.0,0.03125,,3.0
20180207T181132Z,0.0,0.03125,,0.0,0.03125,,3.0
20180207T181303Z,0.0,0.03125,,0.0,0.03125,,3.0
20180207T181359Z,0.0,0.03125,,0.0,0.03125,,3.0
20180207T181438Z,0.0,0.03125,,0.0,0.03125,,3.0
20180207T181507Z,0.0,0.03125,,0.0,0.03125,,3.0
20180207T181617Z,0.0,0.03125,,0.0,0.03125,,3.0
20180207T181653Z,0.0,0.03125,,0.0,0.03125,,3.0
20180207T181728Z,0.0,0.03125,,0.0,0.03125,,3.0
20180207T181829Z,0.0,0.03125,,0.0,0.03125,,3.0
20180207T181841Z,0.0,0.03125,,0.0,0.03125,,3.0
20180207T182008Z,0.0,0.03125,,0.0,0.03125,,3.0
20180207T182021Z,0.0,0.03125,,0.0,0.03125,,3.0
20180207T182212Z,0.0,0.03125,,0.0,0.03125,,3.0
20180207T182231Z,0.0,0.03125,,0.0,0.03125,,3.0
20180207T182321Z,0.0,0.03125,,0.0,0.03125,,3.0
20180207T182409Z,0.0,0.03125,,0.0,0.03125,,3.0
20180207T182422Z,0.0,0.03125,,0.0,0.03125,,3.0
20180207T182445Z,0.0,0.03125,,0.0,0.03125,,3.0
20180207T182502Z,0.0,0.03125,,0.0,0.03125,,3.0
20180207T182555Z,0.0,0.03125,,0.0,0.03125,,3.0
20180207T182616Z,0.0,0.03125,,0.0,0.03125,,3.0
20180207T182655Z,0.0,0.03125,,0.0,0.03125,,3.0
20180207T182737Z,0.0,0.03125,,0.0,0.03125,,3.0
20180207T182846Z,0.0,0.03125,,0.0,0.03125,,3.0
20180207T182904Z,0.0,0.03125,,0.0,0.03125,,3.0
20180207T182915Z,0.0,0.03125,,0.0,0.03125,,3.0
20180207T182953Z,0.0,0.03125,,0.0,0.03125,,3.0
20180207T183027Z,0.0,0.03125,,0.0,0.03125,,3.0
20180207T183051Z,0.0,0.03125,,0.0,0.03125,,3.0
20180207T183100Z,0.0,0.03125,,0.0,0.03125,,3.0
20180207T183113Z,0.0,0.03125,,0.0,0.03125,,3.0
20180207T183133Z,0.0,0.03125,,0.0,0.03125,,3.0
20180207T183140Z,0.0,0.03125,,0.0,0.03125,,3.0
20180207T183200Z,0.0,0.03125,,0.0,0.03125,,3.0
20180207T183217Z,0.0,0.03125,,0.0,0.03125,,3.0
20180207T183302Z,0.0,0.03125,,0.0,0.03125,,3.0
20180207T183335Z,0.0,0.03125,,0.0,0.03125,,3.0
20180207T183402Z,0.0,0.03125,,0.0,0.03125,,3.0
20180207T183410Z,0.0,0.03125,,0.0,0.03125,,3.0
20180207T183457Z,0.0,0.03125,,0.0,0.03125,,3.0
20180207T183536Z,0.0,0.03125,,0.0,0.03125,,3.0
20180207T183623Z,0.0,0.03125,,0.0,0.03125,,3.0
20180207T183654Z,0.0,0.03125,,0.0,0.03125,,3.0
20180207T183707Z,0.0,0.03125,,0.0,0.03125,,3.0
20180207T183723Z,0.0,0.03125,,0.0,0.03125,,3.0
20180207T183734Z,0.0,0.03125,,0.0,0.03125,,3.0
20180207T183807Z,0.0,0.03125,,0.0,0.03125,,3.0
20180207T183827Z,0.0,0.03125,,0.0,0.03125,,3.0
20180207T183902Z,0.0,0.03125,,0.0,0.03125,,3.0
20180207T183920Z,0.0,0.03125,,0.0,0.03125,,3.0
20180207T183942Z,0.0,0.03125,,0.0,0.03125,,3.0
20180207T184005Z,0.0,0.03125,,0.0,0.03125,,3.0
20180207T184031Z,0.0,0.03125,,0.0,0.03125,,3.0
20180207T184111Z,0.0,0.03125,,0.0,0.03125,,3.0
20180207T184124Z,0.0,0.03125,,0.0,0.03125,,3.0
20180207T184131Z,0.0,0.03125,,0.0,0.03125,,3.0
20180207T184146Z,0.0,0.03125,,0.0,0.03125,,3.0
20180207T184201Z,0.0,0.03125,,0.0,0.03125,,3.0
20180207T184240Z,0.0,0.03125,,0.0,0.03125,,3.0
20180207T184306Z,0.0,0.03125,,0.0,0.03125,,3.0
20180207T184338Z,0.0,0.03125,,0.0,0.03125,,3.0
20180207T184412Z,0.0,0.03125,,0.0,0.03125,,3.0
20180207T184447Z,0.0,0.03125,,0.0,0.03125,,3.0
20180207T184506Z,0.0,0.03125,,0.0,0.03125,,3.0
20180207T184524Z,0.0,0.03125,,0.0,0.03125,,3.0
20180207T184547Z,0.0,0.03125,,0.0,0.03125,,3.0
20180207T184556Z,0.0,0.03125,,0.0,0.03125,,3.0
20180207T184619Z,0.0,0.03125,,0.0,0.03125,,3.0
20180207T184624Z,0.0,0.03125,,0.0,0.03125,,3.0
20180207T184642Z,0.0,0.03125,,0.0,0.03125,,3.0
20180207T184657Z,0.0,0.03125,,0.0,0.03125,,3.0
20180207T184718Z,0.0,0.03125,,0.0,0.03125,,3.0
20180207T184740Z,0.0,0.03125,,0.0,0.03125,,3.0
20180207T184803Z,0.0,0.03125,,0.0,0.03125,,3.0
20180207T184838Z,0.0,0.03125,,0.0,0.03125,,3.0
20180207T184857Z,0.0,0.03125,,0.0,0.03125,,3.0
20180207T184927Z,0.0,0.03125,,0.0,0.03125,,3.0
20180207T184941Z,0.0,0.03125,,0.0,0.03125,,3.0
20180207T184949Z,0.0,0.03125,,0.0,0.03125,,3.0
20180207T185030Z,0.0,0.03125,,0.0,0.03125,,3.0
20180207T185041Z,0.0,0.03125,,0.0,0.03125,,3.0
20180207T185131Z,0.0,0.03125,,0.0,0.03125,,3.0
20180207T185209Z,0.0,0.03125,,0.0,0.03125,,3.0
20180207T185240Z,0.0,0.03125,,0.0,0.03125,,3.0
20180207T185257Z,0.0,0.03125,,0.0,0.03125,,3.0
20180207T185323Z,0.0,0.03125,,0.0,0.03125,,3.0
20180207T185333Z,0.0,0.03125,,0.0,0.03125,,3.0
20180207T185357Z,0.0,0.03125,,0.0,0.03125,,3.0
20180207T185420Z,0.0,0.03125,,0.0,0.03125,,3.0
20180207T185437Z,0.0,0.03125,,0.0,0.03125,,3.0
20180207T185505Z,0.0,0.03125,,0.0,0.03125,,3.0
20180207T185513Z,0.0,0.03125,,0.0,0.03125,,3.0
20180207T185546Z,0.0,0.03125,,0.0,0.03125,,3.0
20180207T185554Z,0.0,0.03125,,0.0,0.03125,,3.0
20180207T185620Z,0.0,0.03125,,0.0,0.03125,,3.0
20180207T185638Z,0.0,0.03125,,0.0,0.03125,,3.0
20180207T185647Z,0.0,0.03125,,0.0,0.03125,,3.0
20180207T185658Z,0.0,0.03125,,0.0,0.03125,,3.0
20180207T185719Z,0.0,0.03125,,0.0,0.03125,,3.0
20180207T185729Z,0.0,0.03125,,0.0,0.03125,,3.0
20180207T185744Z,0.0,0.03125,,0.0,0.03125,,3.0
20180207T185757Z,0.0,0.03125,,0.0,0.03125,,3.0
20180207T185808Z,0.0,0.03125,,0.0,0.03125,,3.0
20180207T185830Z,0.0,0.03125,,0.0,0.03125,,3.0
20180207T185839Z,0.0,0.03125,,0.0,0.03125,,3.0
20180207T185900Z,0.0,0.03125,,0.0,0.03125,,3.0
20180207T185927Z,0.0,0.03125,,0.0,0.03125,,3.0
20180207T185954Z,0.0,0.03125,,0.0,0.03125,,3.0
20180207T190022Z,0.0,0.03125,,0.0,0.03125,,3.0
20180207T190058Z,0.0,0.03125,,0.0,0.03125,,3.0
20180207T190125Z,0.0,0.03125,,0.0,0.03125,,3.0
20180207T190141Z,0.0,0.03125,,0.0,0.03125,,3.0
20180207T190206Z,0.0,0.03125,,0.0,0.03125,,3.0
20180207T190221Z,0.0,0.03125,,0.0,0.03125,,3.0
20180207T190236Z,0.0,0.03125,,0.0,0.03125,,3.0
20180207T190259Z,0.0,0.03125,,0.0,0.03125,,3.0
20180207T190324Z,0.0,0.03125,,0.0,0.03125,,3.0
20180207T190340Z,0.0,0.03125,,0.0,0.03125,,3.0
20180207T190358Z,0.0,0.03125,,0.0,0.03125,,3.0
20180207T190414Z,0.0,0.03125,,0.0,0.03125,,3.0
20180207T190421Z,0.0,0.03125,,0.0,0.03125,,3.0
20180207T190430Z,0.0,0.03125,,0.0,0.03125,,3.0
20180207T190449Z,0.0,0.03125,,0.0,0.03125,,3.0
20180207T190525Z,0.0,0.03125,,0.0,0.03125,,3.0
20180207T190553Z,0.0,0.03125,,0.0,0.03125,,3.0
20180207T190637Z,0.0,0.03125,,0.0,0.03125,,3.0
20180207T190655Z,0.0,0.03125,,0.0,0.03125,,3.0
20180207T190718Z,0.0,0.03125,,0.0,0.03125,,3.0
20180207T190736Z,0.0,0.03125,,0.0,0.03125,,3.0
20180207T190752Z,0.0,0.03125,,0.0,0.03125,,3.0
20180207T190805Z,0.0,0.03125,,0.0,0.03125,,3.0
20180207T190820Z,0.0,0.03125,,0.0,0.03125,,3.0
20180207T190829Z,0.0,0.03125,,0.0,0.03125,,3.0
20180207T190910Z,0.0,0.03125,,0.0,0.03125,,3.0
20180207T190932Z,0.0,0.03125,,0.0,0.03125,,3.0
20180207T190944Z,0.0,0.03125,,0.0,0.03125,,3.0
20180207T190957Z,0.0,0.03125,,0.0,0.03125,,3.0
20180207T191031Z,0.0,0.03125,,0.0,0.03125,,3.0
20180207T191106Z,0.0,0.03125,,0.0,0.03125,,3.0
20180207T191117Z,0.0,0.03125,,0.0,0.03125,,3.0
20180207T191133Z,0.0,0.03125,,0.0,0.03125,,3.0
20180207T191151Z,0.0,0.03125,,0.0,0.03125,,3.0
20180207T191237Z,0.0,0.03125,,0.0,0.03125,,3.0
20180207T191250Z,0.0,0.03125,,0.0,0.03125,,3.0
20180207T191341Z,0.0,0.03125,,0.0,0.03125,,3.0
20180207T191403Z,0.0,0.03125,,0.0,0.03125,,3.0
20180207T191424Z,0.0,0.03125,,0.0,0.03125,,3.0
20180207T191458Z,0.0,0.03125,,0.0,0.03125,,3.0
20180207T191521Z,0.0,0.03125,,0.0,0.03125,,3.0
20180207T191534Z,0.0,0.03125,,0.0,0.03125,,3.0
20180207T191553Z,0.0,0.03125,,0.0,0.03125,,3.0
20180207T191607Z,0.0,0.03125,,0.0,0.03125,,3.0
20180207T191629Z,0.0,0.03125,,0.0,0.03125,,3.0
20180207T191652Z,0.0,0.03125,,0.0,0.03125,,3.0
20180207T191706Z,0.0,0.03125,,0.0,0.03125,,3.0
20180207T191725Z,0.0,0.03125,,0.0,0.03125,,3.0
20180207T191739Z,0.0,0.03125,,0.0,0.03125,,3.0
20180207T191759Z,0.0,0.03125,,0.0,0.03125,,3.0
20180207T191823Z,0.0,0.03125,,0.0,0.03125,,3.0
20180207T191831Z,0.0,0.03125,,0.0,0.03125,,3.0
20180207T191852Z,0.0,0.03125,,0.0,0.03125,,3.0
20180207T191911Z,0.0,0.03125,,0.0,0.03125,,3.0
20180207T191930Z,0.0,0.03125,,0.0,0.03125,,3.0
20180207T191940Z,0.0,0.03125,,0.0,0.03125,,3.0
20180207T192004Z,0.0,0.03125,,0.0,0.03125,,3.0
20180207T192023Z,0.0,0.03125,,0.0,0.03125,,3.0
20180207T192029Z,0.0,0.03125,,0.0,0.03125,,3.0
20180207T192051Z,0.0,0.03125,,0.0,0.03125,,3.0
20180207T192104Z,0.0,0.03125,,0.0,0.03125,,3.0
20180207T192112Z,0.0,0.03125,,0.0,0.03125,,3.0
20180207T192142Z,0.0,0.03125,,0.0,0.03125,,3.0
20180207T192225Z,0.0,0.03125,,0.0,0.03125,,3.0
20180207T192256Z,0.0,0.03125,,0.0,0.03125,,3.0
20180207T192314Z,0.0,0.03125,,0.0,0.03125,,3.0
20180207T192353Z,0.0,0.03125,,0.0,0.03125,,3.0
20180207T192400Z,0.0,0.03125,,0.0,0.03125,,3.0
20180207T192406Z,0.0,0.03125,,0.0,0.03125,,3.0
20180207T192430Z,0.0,0.03125,,0.0,0.03125,,3.0
20180207T192443Z,0.0,0.03125,,0.0,0.03125,,3.0
20180207T192500Z,0.0,0.03125,,0.0,0.03125,,3.0
20180207T192547Z,0.0,0.03125,,0.0,0.03125,,3.0
20180207T192608Z,0.0,0.03125,,0.0,0.03125,,3.0
20180207T192635Z,0.0,0.03125,,0.0,0.03125,,3.0
20180207T192713Z,0.0,0.03125,,0.0,0.03125,,3.0
20180207T192719Z,0.0,0.03125,,0.0,0.03125,,3.0
20180207T192730Z,0.0,0.03125,,0.0,0.03125,,3.0
20180207T192758Z,0.0,0.03125,,0.0,0.03125,,3.0
20180207T192809Z,0.0,0.03125,,0.0,0.03125,,3.0
20180207T192845Z,0.0,0.03125,,0.0,0.03125,,3.0
20180207T192859Z,0.0,0.03125,,0.0,0.03125,,3.0
20180207T192925Z,0.0,0.03125,,0.0,0.03125,,3.0
20180207T192938Z,0.0,0.03125,,0.0,0.03125,,3.0
20180207T193003Z,0.0,0.03125,,0.0,0.03125,,3.0
20180207T193019Z,0.0,0.03125,,0.0,0.03125,,3.0
20180207T193057Z,0.0,0.03125,,0.0,0.03125,,3.0
20180207T193137Z,0.0,0.03125,,0.0,0.03125,,3.0
20180207T193158Z,0.0,0.03125,,0.0,0.03125,,3.0
20180207T193213Z,0.0,0.03125,,0.0,0.03125,,3.0
20180207T193228Z,0.0,0.03125,,0.0,0.03125,,3.0
20180207T193246Z,0.0,0.03125,,0.0,0.03125,,3.0
20180207T193329Z,0.0,0.03125,,0.0,0.03125,,3.0
20180207T193346Z,0.0,0.03125,,0.0,0.03125,,3.0
20180207T193355Z,0.0,0.03125,,0.0,0.03125,,3.0
20180207T193430Z,0.0,0.03125,,0.0,0.03125,,3.0
20180207T193445Z,0.0,0.03125,,0.0,0.03125,,3.0
20180207T193455Z,0.0,0.03125,,0.0,0.03125,,3.0
20180207T193524Z,0.0,0.03125,,0.0,0.03125,,3.0
20180207T193550Z,0.0,0.03125,,0.0,0.03125,,3.0
20180207T193615Z,0.0,0.03125,,0.0,0.03125,,3.0
20180207T193624Z,0.0,0.03125,,0.0,0.03125,,3.0
20180207T193639Z,0.0,0.03125,,0.0,0.03125,,3.0
20180207T193645Z,0.0,0.03125,,0.0,0.03125,,3.0
20180207T193657Z,0.0,0.03125,,0.0,0.03125,,3.0
20180207T193712Z,0.0,0.03125,,0.0,0.03125,,3.0
20180207T193739Z,0.0,0.03125,,0.0,0.03125,,3.0
20180207T193801Z,0.0,0.03125,,0.0,0.03125,,3.0
20180207T193825Z,0.0,0.03125,,0.0,0.03125,,3.0
20180207T193844Z,0.0,0.03125,,0.0,0.03125,,3.0
20180207T193854Z,0.0,0.03125,,0.0,0.03125,,3.0
20180207T193910Z,0.0,0.03125,,0.0,0.03125,,3.0
20180207T193934Z,0.0,0.03125,,0.0,0.03125,,3.0
20180207T194006Z,0.0,0.03125,,0.0,0.03125,,3.0
20180207T194034Z,0.0,0.03125,,0.0,0.03125,,3.0
20180207T194050Z,0.0,0.03125,,0.0,0.03125,,3.0
20180207T194110Z,0.0,0.03125,,0.0,0.03125,,3.0
20180207T194136Z,0.0,0.03125,,0.0,0.03125,,3.0
20180207T194215Z,0.0,0.03125,,0.0,0.03125,,3.0
20180207T194246Z,0.0,0.03125,,0.0,0.03125,,3.0
20180207T194257Z,0.0,0.03125,,0.0,0.03125,,3.0
20180207T194325Z,0.0,0.03125,,0.0,0.03125,,3.0
20180207T194404Z,0.0,0.03125,,0.0,0.03125,,3.0
20180207T194445Z,0.0,0.03125,,0.0,0.03125,,3.0
20180207T194458Z,0.0,0.03125,,0.0,0.03125,,3.0
20180207T194523Z,0.0,0.03125,,0.0,0.03125,,3.0
20180207T194540Z,0.0,0.03125,,0.0,0.03125,,3.0
20180207T194607Z,0.0,0.03125,,0.0,0.03125,,3.0
20180207T194627Z,0.0,0.03125,,0.0,0.03125,,3.0
20180207T194648Z,0.0,0.03125,,0.0,0.03125,,3.0
20180207T194716Z,0.0,0.03125,,0.0,0.03125,,3.0
20180207T194724Z,0.0,0.03125,,0.0,0.03125,,3.0
20180207T194744Z,0.0,0.03125,,0.0,0.03125,,3.0
20180207T194811Z,0.0,0.03125,,0.0,0.03125,,3.0
20180207T194829Z,0.0,0.03125,,0.0,0.03125,,3.0
20180207T194907Z,0.0,0.03125,,0.0,0.03125,,3.0
20180207T194922Z,0.0,0.03125,,0.0,0.03125,,3.0
20180207T194934Z,0.0,0.03125,,0.0,0.03125,,3.0
20180207T195007Z,0.0,0.03125,,0.0,0.03125,,3.0
20180207T195034Z,0.0,0.03125,,0.0,0.03125,,3.0
20180207T195049Z,0.0,0.03125,,0.0,0.03125,,3.0
20180207T195133Z,0.0,0.03125,,0.0,0.03125,,3.0
20180207T195219Z,0.0,0.03125,,0.0,0.03125,,3.0
20180207T195235Z,0.0,0.03125,,0.0,0.03125,,3.0
20180207T195308Z,0.0,0.03125,,0.0,0.03125,,3.0
20180207T195331Z,0.0,0.03125,,0.0,0.03125,,3.0
20180207T195354Z,0.0,0.03125,,0.0,0.03125,,3.0
20180207T195409Z,0.0,0.03125,,0.0,0.03125,,3.0
20180207T195441Z,0.0,0.03125,,0.0,0.03125,,3.0
20180207T195508Z,0.0,0.03125,,0.0,0.03125,,3.0
20180207T195528Z,0.0,0.03125,,0.0,0.03125,,3.0
20180207T195557Z,0.0,0.03125,,0.0,0.03125,,3.0
20180207T195607Z,0.0,0.03125,,0.0,0.03125,,3.0
20180207T195626Z,0.0,0.03125,,0.0,0.03125,,3.0
20180207T195656Z,0.0,0.03125,,0.0,0.03125,,3.0
20180207T195728Z,0.0,0.03125,,0.0,0.03125,,3.0
20180207T195746Z,0.0,0.03125,,0.0,0.03125,,3.0
20180207T195801Z,0.0,0.03125,,0.0,0.03125,,3.0
20180207T195817Z,0.0,0.03125,,0.0,0.03125,,3.0
20180207T195827Z,0.0,0.03125,,0.0,0.03125,,3.0
20180207T195848Z,0.0,0.03125,,0.0,0.03125,,3.0
20180207T195908Z,0.0,0.03125,,0.0,0.03125,,3.0
20180207T200000Z,0.0,0.03125,,0.0,0.03125,,3.0
20180207T200025Z,0.0,0.03125,,0.0,0.03125,,3.0
20180207T200048Z,0.0,0.03125,,0.0,0.03125,,3.0
20180207T200117Z,0.0,0.03125,,0.0,0.03125,,3.0
20180207T200130Z,0.0,0.03125,,0.0,0.03125,,3.0
20180207T200143Z,0.0,0.03125,,0.0,0.03125,,3.0
20180207T200151Z,0.0,0.03125,,0.0,0.03125,,3.0
20180207T200218Z,0.0,0.03125,,0.0,0.03125,,3.0
20180207T200230Z,0.0,0.03125,,0.0,0.03125,,3.0
20180207T200253Z,0.0,0.03125,,0.0,0.03125,,3.0
20180207T200311Z,0.0,0.03125,,0.0,0.03125,,3.0
20180207T200320Z,0.0,0.03125,,0.0,0.03125,,3.0
20180207T200346Z,0.0,0.03125,,0.0,0.03125,,3.0
20180207T200403Z,0.0,0.03125,,0.0,0.03125,,3.0
20180207T200411Z,0.0,0.03125,,0.0,0.03125,,3.0
20180207T200430Z,0.0,0.03125,,0.0,0.03125,,3.0
20180207T200446Z,0.0,0.03125,,0.0,0.03125,,3.0
20180207T200454Z,0.0,0.03125,,0.0,0.03125,,3.0
20180207T200506Z,0.0,0.03125,,0.0,0.03125,,3.0
20180207T200525Z,0.0,0.03125,,0.0,0.03125,,3.0
20180207T200542Z,0.0,0.03125,,0.0,0.03125,,3.0
20180207T200550Z,0.0,0.03125,,0.0,0.03125,,3.0
20180207T200603Z,0.0,0.03125,,0.0,0.03125,,3.0
20180207T200623Z,0.0,0.03125,,0.0,0.03125,,3.0
20180207T200652Z,0.0,0.03125,,0.0,0.03125,,3.0
20180207T200742Z,0.0,0.03125,,0.0,0.03125,,3.0
20180207T200757Z,0.0,0.03125,,0.0,0.03125,,3.0
20180207T200834Z,0.0,0.03125,,0.0,0.03125,,3.0
20180207T200854Z,0.0,0.03125,,0.0,0.03125,,3.0
20180207T200908Z,0.0,0.03125,,0.0,0.03125,,3.0
20180207T200918Z,0.0,0.03125,,0.0,0.03125,,3.0
20180207T200936Z,0.0,0.03125,,0.0,0.03125,,3.0
20180207T200951Z,0.0,0.03125,,0.0,0.03125,,3.0
20180207T201014Z,0.0,0.03125,,0.0,0.03125,,3.0
20180207T201025Z,0.0,0.03125,,0.0,0.03125,,3.0
20180207T201103Z,0.0,0.03125,,0.0,0.03125,,3.0
20180207T201124Z,0.0,0.03125,,0.0,0.03125,,3.0
20180207T201143Z,0.0,0.03125,,0.0,0.03125,,3.0
20180207T201202Z,0.0,0.03125,,0.0,0.03125,,3.0
20180207T201230Z,0.0,0.03125,,0.0,0.03125,,3.0
20180207T201245Z,0.0,0.03125,,0.0,0.03125,,3.0
20180207T201326Z,0.0,0.03125,,0.0,0.03125,,3.0
20180207T201349Z,0.0,0.03125,,0.0,0.03125,,3.0
20180207T201410Z,0.0,0.03125,,0.0,0.03125,,3.0
20180207T201434Z,0.0,0.03125,,0.0,0.03125,,3.0
20180207T201454Z,0.0,0.03125,,0.0,0.03125,,3.0
20180207T201511Z,0.0,0.03125,,0.0,0.03125,,3.0
20180207T201524Z,0.0,0.03125,,0.0,0.03125,,3.0
20180207T201540Z,0.0,0.03125,,0.0,0.03125,,3.0
20180207T201550Z,0.0,0.03125,,0.0,0.03125,,3.0
20180207T201628Z,0.0,0.03125,,0.0,0.03125,,3.0
20180207T201646Z,0.0,0.03125,,0.0,0.03125,,3.0
20180207T201710Z,0.0,0.03125,,0.0,0.03125,,3.0
20180207T201737Z,0.0,0.03125,,0.0,0.03125,,3.0
20180207T201801Z,0.0,0.03125,,0.0,0.03125,,3.0
20180207T201839Z,0.0,0.03125,,0.0,0.03125,,3.0
20180207T201854Z,0.0,0.03125,,0.0,0.03125,,3.0
20180207T201910Z,0.0,0.03125,,0.0,0.03125,,3.0
20180207T201919Z,0.0,0.03125,,0.0,0.03125,,3.0
20180207T201933Z,0.0,0.03125,,0.0,0.03125,,3.0
20180207T201941Z,0.0,0.03125,,0.0,0.03125,,3.0
20180207T201958Z,0.0,0.03125,,0.0,0.03125,,3.0
20180207T202019Z,0.0,0.03125,,0.0,0.03125,,3.0
20180207T202043Z,0.0,0.03125,,0.0,0.03125,,3.0
20180207T202051Z,0.0,0.03125,,0.0,0.03125,,3.0
20180207T202106Z,0.0,0.03125,,0.0,0.03125,,3.0
20180207T202135Z,0.0,0.03125,,0.0,0.03125,,3.0
20180207T202154Z,0.0,0.03125,,0.0,0.03125,,3.0
20180207T202218Z,0.0,0.03125,,0.0,0.03125,,3.0
20180207T202243Z,0.0,0.03125,,0.0,0.03125,,3.0
20180207T202252Z,0.0,0.03125,,0.0,0.03125,,3.0
20180207T202303Z,0.0,0.03125,,0.0,0.03125,,3.0
20180207T202311Z,0.0,0.03125,,0.0,0.03125,,3.0
20180207T202327Z,0.0,0.03125,,0.0,0.03125,,3.0
20180207T202338Z,0.0,0.03125,,0.0,0.03125,,3.0
20180207T202356Z,0.0,0.03125,,0.0,0.03125,,3.0
20180207T202402Z,0.0,0.03125,,0.0,0.03125,,3.0
20180207T202429Z,0.0,0.03125,,0.0,0.03125,,3.0
20180207T202444Z,0.0,0.03125,,0.0,0.03125,,3.0
20180207T202451Z,0.0,0.03125,,0.0,0.03125,,3.0
20180207T202459Z,0.0,0.03125,,0.0,0.03125,,3.0
20180207T202514Z,0.0,0.03125,,0.0,0.03125,,3.0
20180207T202534Z,0.0,0.03125,,0.0,0.03125,,3.0
20180207T202559Z,0.0,0.03125,,0.0,0.03125,,3.0
20180207T202606Z,0.0,0.03125,,0.0,0.03125,,3.0
20180207T202628Z,0.0,0.03125,,0.0,0.03125,,3.0
20180207T202712Z,0.0,0.03125,,0.0,0.03125,,3.0
20180207T202736Z,0.0,0.03125,,0.0,0.03125,,3.0
20180207T202809Z,0.0,0.03125,,0.0,0.03125,,3.0
20180207T202854Z,0.0,0.03125,,0.0,0.03125,,3.0
20180207T202903Z,0.0,0.03125,,0.0,0.03125,,3.0
20180207T202929Z,0.0,0.03125,,0.0,0.03125,,3.0
20180207T202938Z,0.0,0.03125,,0.0,0.03125,,3.0
20180207T202946Z,0.0,0.03125,,0.0,0.03125,,3.0
20180207T203022Z,0.0,0.03125,,0.0,0.03125,,3.0
20180207T203032Z,0.0,0.03125,,0.0,0.03125,,3.0
20180207T203044Z,0.0,0.03125,,0.0,0.03125,,3.0
20180207T203102Z,0.0,0.03125,,0.0,0.03125,,3.0
20180207T203114Z,0.0,0.03125,,0.0,0.03125,,3.0
20180207T203139Z,0.0,0.03125,,0.0,0.03125,,3.0
20180207T203207Z,0.0,0.03125,,0.0,0.03125,,3.0
20180207T203219Z,0.0,0.03125,,0.0,0.03125,,3.0
20180207T203236Z,0.0,0.03125,,0.0,0.03125,,3.0
20180207T203247Z,0.0,0.03125,,0.0,0.03125,,3.0
20180207T203306Z,0.0,0.03125,,0.0,0.03125,,3.0
20180207T203328Z,0.0,0.03125,,0.0,0.03125,,3.0
20180207T203340Z,0.0,0.03125,,0.0,0.03125,,3.0
20180207T203401Z,0.0,0.03125,,0.0,0.03125,,3.0
20180207T203425Z,0.0,0.03125,,0.0,0.03125,,3.0
20180207T203443Z,0.0,0.03125,,0.0,0.03125,,3.0
20180207T203456Z,0.0,0.03125,,0.0,0.03125,,3.0
20180207T203509Z,0.0,0.03125,,0.0,0.03125,,3.0
20180207T203516Z,0.0,0.03125,,0.0,0.03125,,3.0
20180207T203534Z,0.0,0.03125,,0.0,0.03125,,3.0
20180207T203604Z,0.0,0.03125,,0.0,0.03125,,3.0
20180207T203618Z,0.0,0.03125,,0.0,0.03125,,3.0
20180207T203630Z,0.0,0.03125,,0.0,0.03125,,3.0
20180207T203645Z,0.0,0.03125,,0.0,0.03125,,3.0
20180207T203723Z,0.0,0.03125,,0.0,0.03125,,3.0
20180207T203731Z,0.0,0.03125,,0.0,0.03125,,3.0
20180207T203756Z,0.0,0.03125,,0.0,0.03125,,3.0
20180207T203814Z,0.0,0.03125,,0.0,0.03125,,3.0
20180207T203833Z,0.0,0.03125,,0.0,0.03125,,3.0
20180207T203854Z,0.0,0.03125,,0.0,0.03125,,3.0
20180207T203924Z,0.0,0.03125,,0.0,0.03125,,3.0
20180207T203942Z,0.0,0.03125,,0.0,0.03125,,3.0
20180207T203950Z,0.0,0.03125,,0.0,0.03125,,3.0
20180207T204022Z,0.0,0.03125,,0.0,0.03125,,3.0
20180207T204051Z,0.0,0.03125,,0.0,0.03125,,3.0
20180207T204111Z,0.0,0.03125,,0.0,0.03125,,3.0
20180207T204129Z,0.0,0.03125,,0.0,0.03125,,3.0
20180207T204148Z,0.0,0.03125,,0.0,0.03125,,3.0
20180207T204202Z,0.0,0.03125,,0.0,0.03125,,3.0
20180207T204224Z,0.0,0.03125,,0.0,0.03125,,3.0
20180207T204242Z,0.0,0.03125,,0.0,0.03125,,3.0
20180207T204256Z,0.0,0.03125,,0.0,0.03125,,3.0
20180207T204332Z,0.0,0.03125,,0.0,0.03125,,3.0
20180207T204411Z,0.0,0.03125,,0.0,0.03125,,3.0
20180207T204420Z,0.0,0.03125,,0.0,0.03125,,3.0
20180207T204437Z,0.0,0.03125,,0.0,0.03125,,3.0
20180207T204514Z,0.0,0.03125,,0.0,0.03125,,3.0
20180207T204555Z,0.0,0.03125,,0.0,0.03125,,3.0
20180207T204623Z,0.0,0.03125,,0.0,0.03125,,3.0
20180207T204704Z,0.0,0.03125,,0.0,0.03125,,3.0
20180207T204716Z,0.0,0.03125,,0.0,0.03125,,3.0
20180207T204729Z,0.0,0.03125,,0.0,0.03125,,3.0
20180207T204749Z,0.0,0.03125,,0.0,0.03125,,3.0
20180207T204814Z,0.0,0.03125,,0.0,0.03125,,3.0
20180207T204849Z,0.0,0.03125,,0.0,0.03125,,3.0
20180207T204905Z,0.0,0.03125,,0.0,0.03125,,3.0
20180207T204929Z,0.0,0.03125,,0.0,0.03125,,3.0
20180207T204939Z,0.0,0.03125,,0.0,0.03125,,3.0
20180207T204948Z,0.0,0.03125,,0.0,0.03125,,3.0
20180207T205016Z,0.0,0.03125,,0.0,0.03125,,3.0
20180207T205030Z,0.0,0.03125,,0.0,0.03125,,3.0
20180207T205044Z,0.0,0.03125,,0.0,0.03125,,3.0
20180207T205115Z,0.0,0.03125,,0.0,0.03125,,3.0
20180207T205139Z,0.0,0.03125,,0.0,0.03125,,3.0
20180207T205229Z,0.0,0.03125,,0.0,0.03125,,3.0
20180207T205249Z,0.0,0.03125,,0.0,0.03125,,3.0
20180207T205310Z,0.0,0.03125,,0.0,0.03125,,3.0
20180207T205324Z,0.0,0.03125,,0.0,0.03125,,3.0
20180207T205339Z,0.0,0.03125,,0.0,0.03125,,3.0
20180207T205404Z,0.0,0.03125,,0.0,0.03125,,3.0
20180207T205414Z,0.0,0.03125,,0.0,0.03125,,3.0
20180207T205429Z,0.0,0.03125,,0.0,0.03125,,3.0
20180207T205454Z,0.0,0.03125,,0.0,0.03125,,3.0
20180207T205504Z,0.0,0.03125,,0.0,0.03125,,3.0
20180207T205517Z,0.0,0.03125,,0.0,0.03125,,3.0
20180207T205546Z,0.0,0.03125,,0.0,0.03125,,3.0
20180207T205621Z,0.0,0.03125,,0.0,0.03125,,3.0
20180207T205635Z,0.0,0.03125,,0.0,0.03125,,3.0
20180207T205658Z,0.0,0.03125,,0.0,0.03125,,3.0
20180207T205710Z,0.0,0.03125,,0.0,0.03125,,3.0
20180207T205730Z,0.0,0.03125,,0.0,0.03125,,3.0
20180207T205740Z,0.0,0.03125,,0.0,0.03125,,3.0
20180207T205804Z,0.0,0.03125,,0.0,0.03125,,3.0
20180207T205818Z,0.0,0.03125,,0.0,0.03125,,3.0
20180207T205853Z,0.0,0.03125,,0.0,0.03125,,3.0
20180207T205910Z,0.0,0.03125,,0.0,0.03125,,3.0
20180207T205933Z,0.0,0.03125,,0.0,0.03125,,3.0
20180207T205949Z,0.0,0.03125,,0.0,0.03125,,3.0
20180207T210006Z,0.0,0.03125,,0.0,0.03125,,3.0
20180207T210025Z,0.0,0.03125,,0.0,0.03125,,3.0
20180207T210035Z,0.0,0.03125,,0.0,0.03125,,3.0
20180207T210045Z,0.0,0.03125,,0.0,0.03125,,3.0
20180207T210056Z,0.0,0.03125,,0.0,0.03125,,3.0
20180207T210122Z,0.0,0.03125,,0.0,0.03125,,3.0
20180207T210135Z,0.0,0.03125,,0.0,0.03125,,3.0
20180207T210145Z,0.0,0.03125,,0.0,0.03125,,3.0
20180207T210201Z,0.0,0.03125,,0.0,0.03125,,3.0
20180207T210232Z,0.0,0.03125,,0.0,0.03125,,3.0
20180207T210251Z,0.0,0.03125,,0.0,0.03125,,3.0
20180207T210318Z,0.0,0.03125,,0.0,0.03125,,3.0
20180207T210340Z,0.0,0.03125,,0.0,0.03125,,3.0
20180207T210402Z,0.0,0.03125,,0.0,0.03125,,3.0
20180207T210426Z,0.0,0.03125,,0.0,0.03125,,3.0
20180207T210443Z,0.0,0.03125,,0.0,0.03125,,3.0
20180207T210502Z,0.0,0.03125,,0.0,0.03125,,3.0
20180207T210533Z,0.0,0.03125,,0.0,0.03125,,3.0
20180207T210555Z,0.0,0.03125,,0.0,0.03125,,3.0
20180207T210612Z,0.0,0.03125,,0.0,0.03125,,3.0
20180207T210621Z,0.0,0.03125,,0.0,0.03125,,3.0
20180207T210630Z,0.0,0.03125,,0.0,0.03125,,3.0
20180207T210711Z,0.0,0.03125,,0.0,0.03125,,3.0
20180207T210743Z,0.0,0.03125,,0.0,0.03125,,3.0
20180207T210756Z,0.0,0.03125,,0.0,0.03125,,3.0
20180207T210816Z,0.0,0.03125,,0.0,0.03125,,3.0
20180207T210842Z,0.0,0.03125,,0.0,0.03125,,3.0
20180207T210907Z,0.0,0.03125,,0.0,0.03125,,3.0
20180207T210926Z,0.0,0.03125,,0.0,0.03125,,3.0
20180207T210933Z,0.0,0.03125,,0.0,0.03125,,3.0
20180207T210951Z,0.0,0.03125,,0.0,0.03125,,3.0
20180207T211020Z,0.0,0.03125,,0.0,0.03125,,3.0
20180207T211033Z,0.0,0.03125,,0.0,0.03125,,3.0
20180207T211040Z,0.0,0.03125,,0.0,0.03125,,3.0
20180207T211053Z,0.0,0.03125,,0.0,0.03125,,3.0
20180207T211116Z,0.0,0.03125,,0.0,0.03125,,3.0
20180207T211141Z,0.0,0.03125,,0.0,0.03125,,3.0
20180207T211210Z,0.0,0.03125,,0.0,0.03125,,3.0
20180207T211226Z,0.0,0.03125,,0.0,0.03125,,3.0
20180207T211234Z,0.0,0.03125,,0.0,0.03125,,3.0
20180207T211253Z,0.0,0.03125,,0.0,0.03125,,3.0
20180207T211303Z,0.0,0.03125,,0.0,0.03125,,3.0
20180207T211320Z,0.0,0.03125,,0.0,0.03125,,3.0
20180207T211326Z,0.0,0.03125,,0.0,0.03125,,3.0
20180207T211347Z,0.0,0.03125,,0.0,0.03125,,3.0
20180207T211432Z,0.0,0.03125,,0.0,0.03125,,3.0
20180207T211458Z,0.0,0.03125,,0.0,0.03125,,3.0
20180207T211525Z,0.0,0.03125,,0.0,0.03125,,3.0
20180207T211534Z,0.0,0.03125,,0.0,0.03125,,3.0
20180207T211553Z,0.0,0.03125,,0.0,0.03125,,3.0
20180207T211615Z,0.0,0.03125,,0.0,0.03125,,3.0
20180207T211633Z,0.0,0.03125,,0.0,0.03125,,3.0
20180207T211655Z,0.0,0.03125,,0.0,0.03125,,3.0
20180207T211706Z,0.0,0.03125,,0.0,0.03125,,3.0
20180207T211726Z,0.0,0.03125,,0.0,0.03125,,3.0
20180207T211749Z,0.0,0.03125,,0.0,0.03125,,3.0
20180207T211815Z,0.0,0.03125,,0.0,0.03125,,3.0
20180207T211839Z,0.0,0.03125,,0.0,0.03125,,3.0
20180207T211853Z,0.0,0.03125,,0.0,0.03125,,3.0
20180207T211929Z,0.0,0.03125,,0.0,0.03125,,3.0
20180207T211952Z,0.0,0.03125,,0.0,0.03125,,3.0
20180207T212002Z,0.0,0.03125,,0.0,0.03125,,3.0
20180207T212023Z,0.0,0.03125,,0.0,0.03125,,3.0
20180207T212047Z,0.0,0.03125,,0.0,0.03125,,3.0
20180207T212109Z,0.0,0.03125,,0.0,0.03125,,3.0
20180207T212127Z,0.0,0.03125,,0.0,0.03125,,3.0
20180207T212204Z,0.0,0.03125,,0.0,0.03125,,3.0
20180207T212230Z,0.0,0.03125,,0.0,0.03125,,3.0
20180207T212259Z,0.0,0.03125,,0.0,0.03125,,3.0
20180207T212316Z,0.0,0.03125,,0.0,0.03125,,3.0
20180207T212324Z,0.0,0.03125,,0.0,0.03125,,3.0
20180207T212354Z,0.0,0.03125,,0.0,0.03125,,3.0
20180207T212407Z,0.0,0.03125,,0.0,0.03125,,3.0
20180207T212422Z,0.0,0.03125,,0.0,0.03125,,3.0
20180207T212430Z,0.0,0.03125,,0.0,0.03125,,3.0
20180207T212442Z,0.0,0.03125,,0.0,0.03125,,3.0
20180207T212506Z,0.0,0.03125,,0.0,0.03125,,3.0
20180207T212528Z,0.0,0.03125,,0.0,0.03125,,3.0
20180207T212552Z,0.0,0.03125,,0.0,0.03125,,3.0
20180207T212608Z,0.0,0.03125,,0.0,0.03125,,3.0
20180207T212623Z,0.0,0.03125,,0.0,0.03125,,3.0
20180207T212643Z,0.0,0.03125,,0.0,0.03125,,3.0
20180207T212657Z,0.0,0.03125,,0.0,0.03125,,3.0
20180207T212710Z,0.0,0.03125,,0.0,0.03125,,3.0
20180207T212723Z,0.0,0.03125,,0.0,0.03125,,3.0
20180207T212759Z,0.0,0.03125,,0.0,0.03125,,3.0
20180207T212813Z,0.0,0.03125,,0.0,0.03125,,3.0
20180207T212823Z,0.0,0.03125,,0.0,0.03125,,3.0
20180207T212925Z,0.0,0.03125,,0.0,0.03125,,3.0
20180207T212935Z,0.0,0.03125,,0.0,0.03125,,3.0
20180207T213000Z,0.0,0.03125,,0.0,0.03125,,3.0
20180207T213015Z,0.0,0.03125,,0.0,0.03125,,3.0
20180207T213024Z,0.0,0.03125,,0.0,0.03125,,3.0
20180207T213042Z,0.0,0.03125,,0.0,0.03125,,3.0
20180207T213053Z,0.0,0.03125,,0.0,0.03125,,3.0
20180207T213122Z,0.0,0.03125,,0.0,0.03125,,3.0
20180207T213153Z,0.0,0.03125,,0.0,0.03125,,3.0
20180207T213212Z,0.0,0.03125,,0.0,0.03125,,3.0
20180207T213224Z,0.0,0.03125,,0.0,0.03125,,3.0
20180207T213236Z,0.0,0.03125,,0.0,0.03125,,3.0
20180207T213259Z,0.0,0.03125,,0.0,0.03125,,3.0
20180207T213309Z,0.0,0.03125,,0.0,0.03125,,3.0
20180207T213324Z,0.0,0.03125,,0.0,0.03125,,3.0
20180207T213341Z,0.0,0.03125,,0.0,0.03125,,3.0
20180207T213356Z,0.0,0.03125,,0.0,0.03125,,3.0
20180207T213406Z,0.0,0.03125,,0.0,0.03125,,3.0
20180207T213412Z,0.0,0.03125,,0.0,0.03125,,3.0
20180207T213437Z,0.0,0.03125,,0.0,0.03125,,3.0
20180207T213449Z,0.0,0.03125,,0.0,0.03125,,3.0
20180207T213456Z,0.0,0.03125,,0.0,0.03125,,3.0
20180207T213520Z,0.0,0.03125,,0.0,0.03125,,3.0
20180207T213544Z,0.0,0.03125,,0.0,0.03125,,3.0
20180207T213605Z,0.0,0.03125,,0.0,0.03125,,3.0
20180207T213618Z,0.0,0.03125,,0.0,0.03125,,3.0
20180207T213637Z,0.0,0.03125,,0.0,0.03125,,3.0
20180207T213648Z,0.0,0.03125,,0.0,0.03125,,3.0
20180207T213655Z,0.0,0.03125,,0.0,0.03125,,3.0
20180207T213715Z,0.0,0.03125,,0.0,0.03125,,3.0
20180207T213731Z,0.0,0.03125,,0.0,0.03125,,3.0
20180207T213744Z,0.0,0.03125,,0.0,0.03125,,3.0
20180207T213800Z,0.0,0.03125,,0.0,0.03125,,3.0
20180207T213828Z,0.0,0.03125,,0.0,0.03125,,3.0
20180207T213912Z,0.0,0.03125,,0.0,0.03125,,3.0
20180207T213924Z,0.0,0.03125,,0.0,0.03125,,3.0
20180207T213947Z,0.0,0.03125,,0.0,0.03125,,3.0
20180207T213958Z,0.0,0.03125,,0.0,0.03125,,3.0
20180207T214014Z,0.0,0.03125,,0.0,0.03125,,3.0
20180207T214033Z,0.0,0.03125,,0.0,0.03125,,3.0
20180207T214042Z,0.0,0.03125,,0.0,0.03125,,3.0
20180207T214105Z,0.0,0.03125,,0.0,0.03125,,3.0
20180207T214122Z,0.0,0.03125,,0.0,0.03125,,3.0
20180207T214130Z,0.0,0.03125,,0.0,0.03125,,3.0
20180207T214159Z,0.0,0.03125,,0.0,0.03125,,3.0
20180207T214213Z,0.0,0.03125,,0.0,0.03125,,3.0
20180207T214233Z,0.0,0.03125,,0.0,0.03125,,3.0
20180207T214257Z,0.0,0.03125,,0.0,0.03125,,3.0
20180207T214318Z,0.0,0.03125,,0.0,0.03125,,3.0
20180207T214324Z,0.0,0.03125,,0.0,0.03125,,3.0
20180207T214336Z,0.0,0.03125,,0.0,0.03125,,3.0
20180207T214351Z,0.0,0.03125,,0.0,0.03125,,3.0
20180207T214417Z,0.0,0.03125,,0.0,0.03125,,3.0
20180207T214449Z,0.0,0.03125,,0.0,0.03125,,3.0
20180207T214507Z,0.0,0.03125,,0.0,0.03125,,3.0
20180207T214530Z,0.0,0.03125,,0.0,0.03125,,3.0
20180207T214545Z,0.0,0.03125,,0.0,0.03125,,3.0
20180207T214556Z,0.0,0.03125,,0.0,0.03125,,3.0
20180207T214605Z,0.0,0.03125,,0.0,0.03125,,3.0
20180207T214616Z,0.0,0.03125,,0.0,0.03125,,3.0
20180207T214638Z,0.0,0.03125,,0.0,0.03125,,3.0
20180207T214652Z,0.0,0.03125,,0.0,0.03125,,3.0
20180207T214731Z,0.0,0.03125,,0.0,0.03125,,3.0
20180207T214753Z,0.0,0.03125,,0.0,0.03125,,3.0
20180207T214810Z,0.0,0.03125,,0.0,0.03125,,3.0
20180207T214829Z,0.0,0.03125,,0.0,0.03125,,3.0
20180207T214925Z,0.0,0.03125,,0.0,0.03125,,3.0
20180207T214942Z,0.0,0.03125,,0.0,0.03125,,3.0
20180207T214952Z,0.0,0.03125,,0.0,0.03125,,3.0
20180207T215012Z,0.0,0.03125,,0.0,0.03125,,3.0
20180207T215028Z,0.0,0.03125,,0.0,0.03125,,3.0
20180207T215047Z,0.0,0.03125,,0.0,0.03125,,3.0
20180207T215106Z,0.0,0.03125,,0.0,0.03125,,3.0
20180207T215131Z,0.0,0.03125,,0.0,0.03125,,3.0
20180207T215143Z,0.0,0.03125,,0.0,0.03125,,3.0
20180207T215151Z,0.0,0.03125,,0.0,0.03125,,3.0
20180207T215216Z,0.0,0.03125,,0.0,0.03125,,3.0
20180207T215241Z,0.0,0.03125,,0.0,0.03125,,3.0
20180207T215256Z,0.0,0.03125,,0.0,0.03125,,3.0
20180207T215312Z,0.0,0.03125,,0.0,0.03125,,3.0
20180207T215336Z,0.0,0.03125,,0.0,0.03125,,3.0
20180207T215359Z,0.0,0.03125,,0.0,0.03125,,3.0
20180207T215407Z,0.0,0.03125,,0.0,0.03125,,3.0
20180207T215428Z,0.0,0.03125,,0.0,0.03125,,3.0
20180207T215441Z,0.0,0.03125,,0.0,0.03125,,3.0
20180207T215458Z,0.0,0.03125,,0.0,0.03125,,3.0
20180207T215525Z,0.0,0.03125,,0.0,0.03125,,3.0
20180207T215601Z,0.0,0.03125,,0.0,0.03125,,3.0
20180207T215621Z,0.0,0.03125,,0.0,0.03125,,3.0
20180207T215647Z,0.0,0.03125,,0.0,0.03125,,3.0
20180207T215706Z,0.0,0.03125,,0.0,0.03125,,3.0
20180207T215715Z,0.0,0.03125,,0.0,0.03125,,3.0
20180207T215732Z,0.0,0.03125,,0.0,0.03125,,3.0
20180207T215745Z,0.0,0.03125,,0.0,0.03125,,3.0
20180207T215806Z,0.0,0.03125,,0.0,0.03125,,3.0
20180207T215816Z,0.0,0.03125,,0.0,0.03125,,3.0
20180207T215829Z,0.0,0.03125,,0.0,0.03125,,3.0
20180207T215846Z,0.0,0.03125,,0.0,0.03125,,3.0
20180207T215956Z,0.0,0.03125,,0.0,0.03125,,3.0
20180207T220022Z,0.0,0.03125,,0.0,0.03125,,3.0
20180207T220033Z,0.0,0.03125,,0.0,0.03125,,3.0
20180207T220104Z,0.0,0.03125,,0.0,0.03125,,3.0
20180207T220148Z,0.0,0.03125,,0.0,0.03125,,3.0
20180207T220221Z,0.0,0.03125,,0.0,0.03125,,3.0
20180207T220236Z,0.0,0.03125,,0.0,0.03125,,3.0
20180207T220249Z,0.0,0.03125,,0.0,0.03125,,3.0
20180207T220254Z,0.0,0.03125,,0.0,0.03125,,3.0
20180207T220305Z,0.0,0.03125,,0.0,0.03125,,3.0
20180207T220317Z,0.0,0.03125,,0.0,0.03125,,3.0
20180207T220342Z,0.0,0.03125,,0.0,0.03125,,3.0
20180207T220401Z,0.0,0.03125,,0.0,0.03125,,3.0
20180207T220438Z,0.0,0.03125,,0.0,0.03125,,3.0
20180207T220457Z,0.0,0.03125,,0.0,0.03125,,3.0
20180207T220539Z,0.0,0.03125,,0.0,0.03125,,3.0
20180207T220628Z,0.0,0.03125,,0.0,0.03125,,3.0
20180207T220637Z,0.0,0.03125,,0.0,0.03125,,3.0
20180207T220654Z,0.0,0.03125,,0.0,0.03125,,3.0
20180207T220708Z,0.0,0.03125,,0.0,0.03125,,3.0
20180207T220722Z,0.0,0.03125,,0.0,0.03125,,3.0
20180207T220733Z,0.0,0.03125,,0.0,0.03125,,3.0
20180207T220744Z,0.0,0.03125,,0.0,0.03125,,3.0
20180207T220821Z,0.0,0.03125,,0.0,0.03125,,3.0
20180207T220828Z,0.0,0.03125,,0.0,0.03125,,3.0
20180207T220843Z,0.0,0.03125,,0.0,0.03125,,3.0
20180207T220901Z,0.0,0.03125,,0.0,0.03125,,3.0
20180207T220914Z,0.0,0.03125,,0.0,0.03125,,3.0
20180207T220943Z,0.0,0.03125,,0.0,0.03125,,3.0
20180207T221000Z,0.0,0.03125,,0.0,0.03125,,3.0
20180207T221006Z,0.0,0.03125,,0.0,0.03125,,3.0
20180207T221028Z,0.0,0.03125,,0.0,0.03125,,3.0
20180207T221055Z,0.0,0.03125,,0.0,0.03125,,3.0
20180207T221114Z,0.0,0.03125,,0.0,0.03125,,3.0
20180207T221139Z,0.0,0.03125,,0.0,0.03125,,3.0
20180207T221148Z,0.0,0.03125,,0.0,0.03125,,3.0
20180207T221206Z,0.0,0.03125,,0.0,0.03125,,3.0
20180207T221246Z,0.0,0.03125,,0.0,0.03125,,3.0
20180207T221301Z,0.0,0.03125,,0.0,0.03125,,3.0
20180207T221330Z,0.0,0.03125,,0.0,0.03125,,3.0
20180207T221348Z,0.0,0.03125,,0.0,0.03125,,3.0
20180207T221404Z,0.0,0.03125,,0.0,0.03125,,3.0
20180207T221411Z,0.0,0.03125,,0.0,0.03125,,3.0
20180207T221443Z,0.0,0.03125,,0.0,0.03125,,3.0
20180207T221456Z,0.0,0.03125,,0.0,0.03125,,3.0
20180207T221530Z,0.0,0.03125,,0.0,0.03125,,3.0
20180207T221538Z,0.0,0.03125,,0.0,0.03125,,3.0
20180207T221548Z,0.0,0.03125,,0.0,0.03125,,3.0
20180207T221604Z,0.0,0.03125,,0.0,0.03125,,3.0
20180207T221630Z,0.0,0.03125,,0.0,0.03125,,3.0
20180207T221649Z,0.0,0.03125,,0.0,0.03125,,3.0
20180207T221659Z,0.0,0.03125,,0.0,0.03125,,3.0
20180207T221714Z,0.0,0.03125,,0.0,0.03125,,3.0
20180207T221720Z,0.0,0.03125,,0.0,0.03125,,3.0
20180207T221728Z,0.0,0.03125,,0.0,0.03125,,3.0
20180207T221757Z,0.0,0.03125,,0.0,0.03125,,3.0
20180207T221816Z,0.0,0.03125,,0.0,0.03125,,3.0
20180207T221837Z,0.0,0.03125,,0.0,0.03125,,3.0
20180207T221855Z,0.0,0.03125,,0.0,0.03125,,3.0
20180207T221947Z,0.0,0.03125,,0.0,0.03125,,3.0
20180207T222022Z,0.0,0.03125,,0.0,0.03125,,3.0
20180207T222041Z,0.0,0.03125,,0.0,0.03125,,3.0
20180207T222050Z,0.0,0.03125,,0.0,0.03125,,3.0
20180207T222115Z,0.0,0.03125,,0.0,0.03125,,3.0
20180207T222126Z,0.0,0.03125,,0.0,0.03125,,3.0
20180207T222138Z,0.0,0.03125,,0.0,0.03125,,3.0
20180207T222153Z,0.0,0.03125,,0.0,0.03125,,3.0
20180207T222212Z,0.0,0.03125,,0.0,0.03125,,3.0
20180207T222303Z,0.0,0.03125,,0.0,0.03125,,3.0
20180207T222322Z,0.0,0.03125,,0.0,0.03125,,3.0
20180207T222338Z,0.0,0.03125,,0.0,0.03125,,3.0
20180207T222358Z,0.0,0.03125,,0.0,0.03125,,3.0
20180207T222412Z,0.0,0.03125,,0.0,0.03125,,3.0
20180207T222418Z,0.0,0.03125,,0.0,0.03125,,3.0
20180207T222430Z,0.0,0.03125,,0.0,0.03125,,3.0
20180207T222445Z,0.0,0.03125,,0.0,0.03125,,3.0
20180207T222507Z,0.0,0.03125,,0.0,0.03125,,3.0
20180207T222545Z,0.0,0.03125,,0.0,0.03125,,3.0
20180207T222558Z,0.0,0.03125,,0.0,0.03125,,3.0
20180207T222616Z,0.0,0.03125,,0.0,0.03125,,3.0
20180207T222632Z,0.0,0.03125,,0.0,0.03125,,3.0
20180207T222705Z,0.0,0.03125,,0.0,0.03125,,3.0
20180207T222719Z,0.0,0.03125,,0.0,0.03125,,3.0
20180207T222726Z,0.0,0.03125,,0.0,0.03125,,3.0
20180207T222748Z,0.0,0.03125,,0.0,0.03125,,3.0
20180207T222807Z,0.0,0.03125,,0.0,0.03125,,3.0
20180207T222827Z,0.0,0.03125,,0.0,0.03125,,3.0
20180207T222836Z,0.0,0.03125,,0.0,0.03125,,3.0
20180207T222851Z,0.0,0.03125,,0.0,0.03125,,3.0
20180207T222910Z,0.0,0.03125,,0.0,0.03125,,3.0
20180207T222947Z,0.0,0.03125,,0.0,0.03125,,3.0
20180207T223033Z,0.0,0.03125,,0.0,0.03125,,3.0
20180207T223110Z,0.0,0.03125,,0.0,0.03125,,3.0
20180207T223137Z,0.0,0.03125,,0.0,0.03125,,3.0
20180207T223200Z,0.0,0.03125,,0.0,0.03125,,3.0
20180207T223219Z,0.0,0.03125,,0.0,0.03125,,3.0
20180207T223252Z,0.0,0.03125,,0.0,0.03125,,3.0
20180207T223310Z,0.0,0.03125,,0.0,0.03125,,3.0
20180207T223340Z,0.0,0.03125,,0.0,0.03125,,3.0
20180207T223403Z,0.0,0.03125,,0.0,0.03125,,3.0
20180207T223433Z,0.0,0.03125,,0.0,0.03125,,3.0
20180207T223452Z,0.0,0.03125,,0.0,0.03125,,3.0
20180207T223504Z,0.0,0.03125,,0.0,0.03125,,3.0
20180207T223511Z,0.0,0.03125,,0.0,0.03125,,3.0
20180207T223551Z,0.0,0.03125,,0.0,0.03125,,3.0
20180207T223605Z,0.0,0.03125,,0.0,0.03125,,3.0
20180207T223615Z,0.0,0.03125,,0.0,0.03125,,3.0
20180207T223624Z,0.0,0.03125,,0.0,0.03125,,3.0
20180207T223635Z,0.0,0.03125,,0.0,0.03125,,3.0
20180207T223701Z,0.0,0.03125,,0.0,0.03125,,3.0
20180207T223714Z,0.0,0.03125,,0.0,0.03125,,3.0
20180207T223723Z,0.0,0.03125,,0.0,0.03125,,3.0
20180207T223742Z,0.0,0.03125,,0.0,0.03125,,3.0
20180207T223750Z,0.0,0.03125,,0.0,0.03125,,3.0
20180207T223759Z,0.0,0.03125,,0.0,0.03125,,3.0
20180207T223820Z,0.0,0.03125,,0.0,0.03125,,3.0
20180207T223840Z,0.0,0.03125,,0.0,0.03125,,3.0
20180207T223851Z,0.0,0.03125,,0.0,0.03125,,3.0
20180207T223919Z,0.0,0.03125,,0.0,0.03125,,3.0
20180207T223933Z,0.0,0.03125,,0.0,0.03125,,3.0
20180207T223947Z,0.0,0.03125,,0.0,0.03125,,3.0
20180207T224005Z,0.0,0.03125,,0.0,0.03125,,3.0
20180207T224022Z,0.0,0.03125,,0.0,0.03125,,3.0
20180207T224049Z,0.0,0.03125,,0.0,0.03125,,3.0
20180207T224131Z,0.0,0.03125,,0.0,0.03125,,3.0
20180207T224153Z,0.0,0.03125,,0.0,0.03125,,3.0
20180207T224207Z,0.0,0.03125,,0.0,0.03125,,3.0
20180207T224252Z,0.0,0.03125,,0.0,0.03125,,3.0
20180207T224332Z,0.0,0.03125,,0.0,0.03125,,3.0
20180207T224357Z,0.0,0.03125,,0.0,0.03125,,3.0
20180207T224409Z,0.0,0.03125,,0.0,0.03125,,3.0
20180207T224446Z,0.0,0.03125,,0.0,0.03125,,3.0
20180207T224503Z,0.0,0.03125,,0.0,0.03125,,3.0
20180207T224525Z,0.0,0.03125,,0.0,0.03125,,3.0
20180207T224543Z,0.0,0.03125,,0.0,0.03125,,3.0
20180207T224606Z,0.0,0.03125,,0.0,0.03125,,3.0
20180207T224637Z,0.0,0.03125,,0.0,0.03125,,3.0
20180207T224659Z,0.0,0.03125,,0.0,0.03125,,3.0
20180207T224707Z,0.0,0.03125,,0.0,0.03125,,3.0
20180207T224740Z,0.0,0.03125,,0.0,0.03125,,3.0
20180207T224753Z,0.0,0.03125,,0.0,0.03125,,3.0
20180207T224805Z,0.0,0.03125,,0.0,0.03125,,3.0
20180207T224814Z,0.0,0.03125,,0.0,0.03125,,3.0
20180207T224858Z,0.0,0.03125,,0.0,0.03125,,3.0
20180207T224928Z,0.0,0.03125,,0.0,0.03125,,3.0
20180207T224940Z,0.0,0.03125,,0.0,0.03125,,3.0
20180207T224954Z,0.0,0.03125,,0.0,0.03125,,3.0
20180207T225033Z,0.0,0.03125,,0.0,0.03125,,3.0
20180207T225109Z,0.0,0.03125,,0.0,0.03125,,3.0
20180207T225141Z,0.0,0.03125,,0.0,0.03125,,3.0
20180207T225150Z,0.0,0.03125,,0.0,0.03125,,3.0
20180207T225205Z,0.0,0.03125,,0.0,0.03125,,3.0
20180207T225218Z,0.0,0.03125,,0.0,0.03125,,3.0
20180207T225249Z,0.0,0.03125,,0.0,0.03125,,3.0
20180207T225301Z,0.0,0.03125,,0.0,0.03125,,3.0
20180207T225326Z,0.0,0.03125,,0.0,0.03125,,3.0
20180207T225339Z,0.0,0.03125,,0.0,0.03125,,3.0
20180207T225345Z,0.0,0.03125,,0.0,0.03125,,3.0
20180207T225403Z,0.0,0.03125,,0.0,0.03125,,3.0
20180207T225411Z,0.0,0.03125,,0.0,0.03125,,3.0
20180207T225426Z,0.0,0.03125,,0.0,0.03125,,3.0
20180207T225439Z,0.0,0.03125,,0.0,0.03125,,3.0
20180207T225456Z,0.0,0.03125,,0.0,0.03125,,3.0
20180207T225504Z,0.0,0.03125,,0.0,0.03125,,3.0
20180207T225519Z,0.0,0.03125,,0.0,0.03125,,3.0
20180207T225553Z,0.0,0.03125,,0.0,0.03125,,3.0
20180207T225626Z,0.0,0.03125,,0.0,0.03125,,3.0
20180207T225644Z,0.0,0.03125,,0.0,0.03125,,3.0
20180207T225700Z,0.0,0.03125,,0.0,0.03125,,3.0
20180207T225714Z,0.0,0.03125,,0.0,0.03125,,3.0
20180207T225732Z,0.0,0.03125,,0.0,0.03125,,3.0
20180207T225739Z,0.0,0.03125,,0.0,0.03125,,3.0
20180207T225800Z,0.0,0.03125,,0.0,0.03125,,3.0
20180207T225822Z,0.0,0.03125,,0.0,0.03125,,3.0
20180207T225834Z,0.0,0.03125,,0.0,0.03125,,3.0
20180207T225916Z,0.0,0.03125,,0.0,0.03125,,3.0
20180207T225942Z,0.0,0.03125,,0.0,0.03125,,3.0
20180207T225955Z,0.0,0.03125,,0.0,0.03125,,3.0
20180207T230007Z,0.0,0.03125,,0.0,0.03125,,3.0
20180207T230033Z,0.0,0.03125,,0.0,0.03125,,3.0
20180207T230053Z,0.0,0.03125,,0.0,0.03125,,3.0
20180207T230102Z,0.0,0.03125,,0.0,0.03125,,3.0
20180207T230128Z,0.0,0.03125,,0.0,0.03125,,3.0
20180207T230145Z,0.0,0.03125,,0.0,0.03125,,3.0
20180207T230219Z,0.0,0.03125,,0.0,0.03125,,3.0
20180207T230235Z,0.0,0.03125,,0.0,0.03125,,3.0
20180207T230248Z,0.0,0.03125,,0.0,0.03125,,3.0
20180207T230308Z,0.0,0.03125,,0.0,0.03125,,3.0
20180207T230317Z,0.0,0.03125,,0.0,0.03125,,3.0
20180207T230327Z,0.0,0.03125,,0.0,0.03125,,3.0
20180207T230349Z,0.0,0.03125,,0.0,0.03125,,3.0
20180207T230415Z,0.0,0.03125,,0.0,0.03125,,3.0
20180207T230428Z,0.0,0.03125,,0.0,0.03125,,3.0
20180207T230436Z,0.0,0.03125,,0.0,0.03125,,3.0
20180207T230447Z,0.0,0.03125,,0.0,0.03125,,3.0
20180207T230456Z,0.0,0.03125,,0.0,0.03125,,3.0
20180207T230511Z,0.0,0.03125,,0.0,0.03125,,3.0
20180207T230520Z,0.0,0.03125,,0.0,0.03125,,3.0
20180207T230529Z,0.0,0.03125,,0.0,0.03125,,3.0
20180207T230542Z,0.0,0.03125,,0.0,0.03125,,3.0
20180207T230605Z,0.0,0.03125,,0.0,0.03125,,3.0
20180207T230613Z,0.0,0.03125,,0.0,0.03125,,3.0
20180207T230619Z,0.0,0.03125,,0.0,0.03125,,3.0
20180207T230720Z,0.0,0.03125,,0.0,0.03125,,3.0
20180207T230802Z,0.0,0.03125,,0.0,0.03125,,3.0
20180207T230818Z,0.0,0.03125,,0.0,0.03125,,3.0
20180207T230836Z,0.0,0.03125,,0.0,0.03125,,3.0
20180207T230854Z,0.0,0.03125,,0.0,0.03125,,3.0
20180207T230900Z,0.0,0.03125,,0.0,0.03125,,3.0
20180207T230921Z,0.0,0.03125,,0.0,0.03125,,3.0
20180207T230945Z,0.0,0.03125,,0.0,0.03125,,3.0
20180207T230952Z,0.0,0.03125,,0.0,0.03125,,3.0
20180207T231006Z,0.0,0.03125,,0.0,0.03125,,3.0
20180207T231016Z,0.0,0.03125,,0.0,0.03125,,3.0
20180207T231039Z,0.0,0.03125,,0.0,0.03125,,3.0
20180207T231124Z,0.0,0.03125,,0.0,0.03125,,3.0
20180207T231147Z,0.0,0.03125,,0.0,0.03125,,3.0
20180207T231209Z,0.0,0.03125,,0.0,0.03125,,3.0
20180207T231229Z,0.0,0.03125,,0.0,0.03125,,3.0
20180207T231258Z,0.0,0.03125,,0.0,0.03125,,3.0
20180207T231334Z,0.0,0.03125,,0.0,0.03125,,3.0
20180207T231352Z,0.0,0.03125,,0.0,0.03125,,3.0
20180207T231425Z,0.0,0.03125,,0.0,0.03125,,3.0
20180207T231440Z,0.0,0.03125,,0.0,0.03125,,3.0
20180207T231457Z,0.0,0.03125,,0.0,0.03125,,3.0
20180207T231534Z,0.0,0.03125,,0.0,0.03125,,3.0
20180207T231541Z,0.0,0.03125,,0.0,0.03125,,3.0
20180207T231605Z,0.0,0.03125,,0.0,0.03125,,3.0
20180207T231618Z,0.0,0.03125,,0.0,0.03125,,3.0
20180207T231637Z,0.0,0.03125,,0.0,0.03125,,3.0
20180207T231649Z,0.0,0.03125,,0.0,0.03125,,3.0
20180207T231707Z,0.0,0.03125,,0.0,0.03125,,3.0
20180207T231723Z,0.0,0.03125,,0.0,0.03125,,3.0
20180207T231739Z,0.0,0.03125,,0.0,0.03125,,3.0
20180207T231823Z,0.0,0.03125,,0.0,0.03125,,3.0
20180207T231835Z,0.0,0.03125,,0.0,0.03125,,3.0
20180207T231846Z,0.0,0.03125,,0.0,0.03125,,3.0
20180207T231909Z,0.0,0.03125,,0.0,0.03125,,3.0
20180207T231929Z,0.0,0.03125,,0.0,0.03125,,3.0
20180207T231937Z,0.0,0.03125,,0.0,0.03125,,3.0
20180207T231954Z,0.0,0.03125,,0.0,0.03125,,3.0
20180207T232026Z,0.0,0.03125,,0.0,0.03125,,3.0
20180207T232100Z,0.0,0.03125,,0.0,0.03125,,3.0
20180207T232110Z,0.0,0.03125,,0.0,0.03125,,3.0
20180207T232128Z,0.0,0.03125,,0.0,0.03125,,3.0
20180207T232158Z,0.0,0.03125,,0.0,0.03125,,3.0
20180207T232212Z,0.0,0.03125,,0.0,0.03125,,3.0
20180207T232231Z,0.0,0.03125,,0.0,0.03125,,3.0
20180207T232247Z,0.0,0.03125,,0.0,0.03125,,3.0
20180207T232326Z,0.0,0.03125,,0.0,0.03125,,3.0
20180207T232358Z,0.0,0.03125,,0.0,0.03125,,3.0
20180207T232418Z,0.0,0.03125,,0.0,0.03125,,3.0
20180207T232433Z,0.0,0.03125,,0.0,0.03125,,3.0
20180207T232459Z,0.0,0.03125,,0.0,0.03125,,3.0
20180207T232511Z,0.0,0.03125,,0.0,0.03125,,3.0
20180207T232541Z,0.0,0.03125,,0.0,0.03125,,3.0
20180207T232559Z,0.0,0.03125,,0.0,0.03125,,3.0
20180207T232623Z,0.0,0.03125,,0.0,0.03125,,3.0
20180207T232635Z,0.0,0.03125,,0.0,0.03125,,3.0
20180207T232657Z,0.0,0.03125,,0.0,0.03125,,3.0
20180207T232722Z,0.0,0.03125,,0.0,0.03125,,3.0
20180207T232753Z,0.0,0.03125,,0.0,0.03125,,3.0
20180207T232818Z,0.0,0.03125,,0.0,0.03125,,3.0
20180207T232842Z,0.0,0.03125,,0.0,0.03125,,3.0
20180207T232850Z,0.0,0.03125,,0.0,0.03125,,3.0
20180207T232906Z,0.0,0.03125,,0.0,0.03125,,3.0
20180207T232934Z,0.0,0.03125,,0.0,0.03125,,3.0
20180207T232955Z,0.0,0.03125,,0.0,0.03125,,3.0
20180207T233007Z,0.0,0.03125,,0.0,0.03125,,3.0
20180207T233024Z,0.0,0.03125,,0.0,0.03125,,3.0
20180207T233043Z,0.0,0.03125,,0.0,0.03125,,3.0
20180207T233101Z,0.0,0.03125,,0.0,0.03125,,3.0
20180207T233151Z,0.0,0.03125,,0.0,0.03125,,3.0
20180207T233217Z,0.0,0.03125,,0.0,0.03125,,3.0
20180207T233323Z,0.0,0.03125,,0.0,0.03125,,3.0
20180207T233342Z,0.0,0.03125,,0.0,0.03125,,3.0
20180207T233406Z,0.0,0.03125,,0.0,0.03125,,3.0
20180207T233428Z,0.0,0.03125,,0.0,0.03125,,3.0
20180207T233438Z,0.0,0.03125,,0.0,0.03125,,3.0
20180207T233457Z,0.0,0.03125,,0.0,0.03125,,3.0
20180207T233527Z,0.0,0.03125,,0.0,0.03125,,3.0
20180207T233558Z,0.0,0.03125,,0.0,0.03125,,3.0
20180207T233614Z,0.0,0.03125,,0.0,0.03125,,3.0
20180207T233652Z,0.0,0.03125,,0.0,0.03125,,3.0
20180207T233720Z,0.0,0.03125,,0.0,0.03125,,3.0
20180207T233729Z,0.0,0.03125,,0.0,0.03125,,3.0
20180207T233744Z,0.0,0.03125,,0.0,0.03125,,3.0
20180207T233810Z,0.0,0.03125,,0.0,0.03125,,3.0
20180207T233828Z,0.0,0.03125,,0.0,0.03125,,3.0
20180207T233841Z,0.0,0.03125,,0.0,0.03125,,3.0
20180207T233906Z,0.0,0.03125,,0.0,0.03125,,3.0
20180207T233921Z,0.0,0.03125,,0.0,0.03125,,3.0
20180207T233945Z,0.0,0.03125,,0.0,0.03125,,3.0
20180207T234058Z,0.0,0.03125,,0.0,0.03125,,3.0
20180207T234106Z,0.0,0.03125,,0.0,0.03125,,3.0
20180207T234123Z,0.0,0.03125,,0.0,0.03125,,3.0
20180207T234136Z,0.0,0.03125,,0.0,0.03125,,3.0
20180207T234158Z,0.0,0.03125,,0.0,0.03125,,3.0
20180207T234222Z,0.0,0.03125,,0.0,0.03125,,3.0
20180207T234227Z,0.0,0.03125,,0.0,0.03125,,3.0
20180207T234235Z,0.0,0.03125,,0.0,0.03125,,3.0
20180207T234248Z,0.0,0.03125,,0.0,0.03125,,3.0
20180207T234316Z,0.0,0.03125,,0.0,0.03125,,3.0
20180207T234332Z,0.0,0.03125,,0.0,0.03125,,3.0
20180207T234354Z,0.0,0.03125,,0.0,0.03125,,3.0
20180207T234425Z,0.0,0.03125,,0.0,0.03125,,3.0
20180207T234436Z,0.0,0.03125,,0.0,0.03125,,3.0
20180207T234452Z,0.0,0.03125,,0.0,0.03125,,3.0
20180207T234530Z,0.0,0.03125,,0.0,0.03125,,3.0
20180207T234549Z,0.0,0.03125,,0.0,0.03125,,3.0
20180207T234601Z,0.0,0.03125,,0.0,0.03125,,3.0
20180207T234624Z,0.0,0.03125,,0.0,0.03125,,3.0
20180207T234634Z,0.0,0.03125,,0.0,0.03125,,3.0
20180207T234643Z,0.0,0.03125,,0.0,0.03125,,3.0
20180207T234704Z,0.0,0.03125,,0.0,0.03125,,3.0
20180207T234731Z,0.0,0.03125,,0.0,0.03125,,3.0
20180207T234738Z,0.0,0.03125,,0.0,0.03125,,3.0
20180207T234812Z,0.0,0.03125,,0.0,0.03125,,3.0
20180207T234826Z,0.0,0.03125,,0.0,0.03125,,3.0
20180207T234839Z,0.0,0.03125,,0.0,0.03125,,3.0
20180207T234912Z,0.0,0.03125,,0.0,0.03125,,3.0
20180207T235009Z,0.0,0.03125,,0.0,0.03125,,3.0
20180207T235027Z,0.0,0.03125,,0.0,0.03125,,3.0
20180207T235036Z,0.0,0.03125,,0.0,0.03125,,3.0
20180207T235049Z,0.0,0.03125,,0.0,0.03125,,3.0
20180207T235120Z,0.0,0.03125,,0.0,0.03125,,3.0
20180207T235156Z,0.0,0.03125,,0.0,0.03125,,3.0
20180207T235206Z,0.0,0.03125,,0.0,0.03125,,3.0
20180207T235212Z,0.0,0.03125,,0.0,0.03125,,3.0
20180207T235224Z,0.0,0.03125,,0.0,0.03125,,3.0
20180207T235240Z,0.0,0.03125,,0.0,0.03125,,3.0
20180207T235249Z,0.0,0.03125,,0.0,0.03125,,3.0
20180207T235316Z,0.0,0.03125,,0.0,0.03125,,3.0
20180207T235325Z,0.0,0.03125,,0.0,0.03125,,3.0
20180207T235356Z,0.0,0.03125,,0.0,0.03125,,3.0
20180207T235417Z,0.0,0.03125,,0.0,0.03125,,3.0
20180207T235445Z,0.0,0.03125,,0.0,0.03125,,3.0
20180207T235500Z,0.0,0.03125,,0.0,0.03125,,3.0
20180207T235510Z,0.0,0.03125,,0.0,0.03125,,3.0
20180207T235518Z,0.0,0.03125,,0.0,0.03125,,3.0
20180207T235532Z,0.0,0.03125,,0.0,0.03125,,3.0
20180207T235555Z,0.0,0.03125,,0.0,0.03125,,3.0
20180207T235606Z,0.0,0.03125,,0.0,0.03125,,3.0
20180207T235615Z,0.0,0.03125,,0.0,0.03125,,3.0
20180207T235627Z,0.0,0.03125,,0.0,0.03125,,3.0
20180207T235642Z,0.0,0.03125,,0.0,0.03125,,3.0
20180207T235657Z,0.0,0.03125,,0.0,0.03125,,3.0
20180207T235716Z,0.0,0.03125,,0.0,0.03125,,3.0
20180207T235751Z,0.0,0.03125,,0.0,0.03125,,3.0
20180207T235847Z,0.0,0.03125,,0.0,0.03125,,3.0
20180207T235927Z,0.0,0.03125,,0.0,0.03125,,3.0
20180207T235937Z,0.0,0.03125,,0.0,0.03125,,3.0
