event_id,R_baz,R_rad,R_corr,P_baz,P_rad,P_corr,N
20180207T000013Z,86.4,0.9721047414289302,0.7290267872090462,79.2,0.8558976573957302,0.09055087477177966,3.0
20180207T000033Z,79.2,16.0,0.4281264288213494,43.2,16.0,0.1802487357801436,3.0
20180207T000058Z,266.40000000000003,2.3700179062375537,0.8441833594488941,165.6,10.920595260767984,0.1230546651718209,3.0
20180207T000112Z,201.60000000000002,16.0,0.17871071464201543,144.0,1.4242516540045356,0.08984899541638391,3.0
20180207T000121Z,237.60000000000002,2.3700179062375537,0.7340299478494353,93.60000000000001,0.6634976520136784,0.29526354218331385,3.0
20180207T000138Z,280.8,0.45286183213195336,0.9414309156453722,100.80000000000001,0.7535821694056161,0.3679167978580653,3.0
20180207T000216Z,172.8,16.0,0.3656866913484227,136.8,1.1040895136738127,0.3308640054126219,3.0
20180207T000242Z,172.8,16.0,0.22430578908756987,302.40000000000003,0.45286183213195336,0.5436646830942077,3.0
20180207T000307Z,0.0,3.0572719704105853,0.7385781283567238,21.6,1.8372539081409522,0.490124262645738,3.0
20180207T000323Z,223.20000000000002,16.0,0.611764852552714,316.8,0.584181993816139,0.015666516793197735,3.0
20180207T000333Z,122.40000000000002,16.0,0.5331806135483256,93.60000000000001,0.6634976520136784,0.03843094846380027,3.0
20180207T000343Z,86.4,5.778168376825359,0.7529935075619982,36.0,1.617625394674567,0.12199968101011353,3.0
20180207T000446Z,201.60000000000002,12.40330819986167,0.6887506846238081,64.8,0.584181993816139,0.44477318552340733,3.0
20180207T000517Z,295.2,2.6918003852647128,0.9205400670590657,172.8,6.562682848061104,0.24686130644542792,3.0
20180207T000533Z,0.0,16.0,0.3687799197731924,21.6,2.6918003852647128,0.07158309960957074,3.0
20180207T000547Z,259.2,6.562682848061104,0.8659382972835424,165.6,16.0,0.2406297756469121,3.0
20180207T000607Z,129.6,16.0,0.6847303610384533,86.4,16.0,0.20573047910150224,3.0
20180207T000616Z,86.4,0.9721047414289302,0.4083301702072843,144.0,16.0,0.05958687250093,3.0
20180207T000630Z,266.40000000000003,1.1040895136738127,0.9598304747526734,136.8,1.1040895136738127,0.4304546507510716,3.0
20180207T000645Z,288.0,0.9721047414289302,0.9552491632769207,144.0,0.9721047414289302,0.2691057364507513,3.0
20180207T000704Z,79.2,0.45286183213195336,0.6892386059158446,187.20000000000002,16.0,0.42004069559239915,3.0
20180207T000723Z,50.400000000000006,3.943814886992401,0.7166442344430529,331.2,16.0,0.10540462377744503,3.0
20180207T000731Z,86.4,0.9721047414289302,0.7754531027138264,43.2,1.4242516540045356,0.16852431321937125,3.0
20180207T000757Z,0.0,3.472364426509674,0.7591217504705559,43.2,1.1040895136738127,0.1366081020030834,3.0
20180207T000818Z,280.8,0.3510615547429147,0.8792608161558414,79.2,0.7535821694056161,0.5507798265366376,3.0
20180207T000854Z,0.0,2.6918003852647128,0.8248772835099231,331.2,16.0,0.07308639411217416,3.0
20180207T000915Z,331.2,0.6634976520136784,0.11446169464680767,144.0,16.0,0.18232743682901345,3.0
20180207T000928Z,50.400000000000006,16.0,0.7906990685134236,338.40000000000003,16.0,0.1553527388071661,3.0
20180207T000936Z,165.6,1.8372539081409522,0.4332928074677388,158.4,16.0,0.14339219360855884,3.0
20180207T001006Z,331.2,0.6634976520136784,0.43609459325812117,316.8,16.0,0.5614839271133589,3.0
20180207T001034Z,266.40000000000003,2.6918003852647128,0.9133970141439343,136.8,0.9721047414289302,0.3641060453786513,3.0
20180207T001042Z,43.2,16.0,0.625733377171426,79.2,0.7535821694056161,0.24805250952388344,3.0
20180207T001049Z,86.4,0.9721047414289302,0.9444937417158544,187.20000000000002,16.0,0.18334054342355197,3.0
20180207T001110Z,86.4,0.8558976573957302,0.9118000631907576,180.00000000000003,16.0,0.1715883512878058,3.0
20180207T001128Z,302.40000000000003,0.584181993816139,0.7842544737753847,115.2,2.086701861934038,0.11306212357145916,3.0
20180207T001228Z,7.2,5.778168376825359,0.39253499911774675,28.8,1.1040895136738127,0.7638107726347513,3.0
20180207T001244Z,122.40000000000002,16.0,0.6385526176797963,165.6,16.0,0.07321838234825344,3.0
20180207T001317Z,259.2,9.615128393797233,0.6949622896606495,136.8,0.8558976573957302,0.2717778948585611,3.0
20180207T001328Z,345.6,16.0,0.6936521052358331,28.8,1.4242516540045356,0.34005355067919035,3.0
20180207T001346Z,208.8,16.0,0.1780914472199339,0.0,5.0874361239029895,0.15616830554504688,3.0
20180207T001435Z,36.0,16.0,0.3825403986985244,129.6,16.0,0.1447025832698686,3.0
20180207T001510Z,331.2,1.1040895136738127,0.6845342887024719,50.400000000000006,1.617625394674567,0.2078177057557651,3.0
20180207T001550Z,180.00000000000003,16.0,0.28912565408039015,86.4,0.7535821694056161,0.2959893131008377,3.0
20180207T001618Z,302.40000000000003,0.39872594456840704,0.9160743543854457,64.8,0.7535821694056161,0.6270037586079232,3.0
20180207T001643Z,331.2,16.0,0.19706693427914557,79.2,16.0,0.09830598089093265,3.0
20180207T001701Z,252.0,16.0,0.9264830938174249,151.20000000000002,2.3700179062375537,0.30878731746144117,3.0
20180207T001711Z,273.6,1.1040895136738127,0.8313673223896777,57.6,0.9721047414289302,0.14361346335109015,3.0
20180207T001731Z,0.0,5.0874361239029895,0.6217430038472593,331.2,0.584181993816139,0.10200631197095157,3.0
20180207T001759Z,244.80000000000004,3.943814886992401,0.686585241293581,223.20000000000002,16.0,0.06411381825409061,3.0
20180207T001812Z,302.40000000000003,0.8558976573957302,0.9508408126364255,165.6,16.0,0.12734091687743682,3.0
20180207T001846Z,86.4,16.0,0.72371765876757,100.80000000000001,5.778168376825359,0.14351367687092526,3.0
20180207T001900Z,86.4,1.8372539081409522,0.8591188468238447,309.6,0.3510615547429147,0.1814941215672836,3.0
20180207T001906Z,86.4,0.8558976573957302,0.9396207736715307,43.2,1.1040895136738127,0.14162002031773852,3.0
20180207T001919Z,86.4,0.9721047414289302,0.9704614384843763,180.00000000000003,16.0,0.178404602294518,3.0
20180207T001937Z,309.6,1.4242516540045356,0.9412852175752513,72.0,0.8558976573957302,0.12939713333742642,3.0
20180207T002009Z,57.6,0.7535821694056161,0.45762878849252636,223.20000000000002,16.0,0.18277929665072332,3.0
20180207T002027Z,266.40000000000003,3.472364426509674,0.8286851167925275,273.6,0.39872594456840704,0.08551803916502004,3.0
20180207T002053Z,352.8,1.2539941451294703,0.8201823921549116,57.6,1.1040895136738127,0.26197159943749077,3.0
20180207T002145Z,338.40000000000003,0.2721452912874363,0.886056934652228,201.60000000000002,16.0,0.09721192639227663,3.0
20180207T002217Z,122.40000000000002,16.0,0.7121659852282585,28.8,1.2539941451294703,0.06237588529679047,3.0
20180207T002315Z,273.6,0.9721047414289302,0.9186202770808979,295.2,16.0,0.14295184712500258,3.0
20180207T002327Z,86.4,16.0,0.8995222735616437,180.00000000000003,16.0,0.2191051113952243,3.0
20180207T002356Z,266.40000000000003,12.40330819986167,0.3105361927490135,331.2,0.584181993816139,0.15069810657492821,3.0
20180207T002430Z,259.2,5.778168376825359,0.8218483624181904,129.6,0.6634976520136784,0.11108546085421003,3.0
20180207T002451Z,302.40000000000003,0.16354449484350297,0.84637908631854,79.2,0.7535821694056161,0.34296102102566023,3.0
20180207T002534Z,108.00000000000001,0.8558976573957302,0.24009984060528614,165.6,14.087332295285256,0.2033074093415762,3.0
20180207T002553Z,316.8,0.30909504861018205,0.04766223316722077,144.0,0.8558976573957302,0.1910681406414115,3.0
20180207T002620Z,0.0,16.0,0.19392587440179188,180.00000000000003,16.0,0.1375916928149901,3.0
20180207T002630Z,122.40000000000002,16.0,0.5971224501465171,86.4,0.7535821694056161,0.09295448283809611,3.0
20180207T002737Z,79.2,16.0,0.2800625591290802,144.0,16.0,0.16670136063437924,3.0
20180207T002806Z,194.4,3.472364426509674,0.5046282593351556,172.8,4.479275200528711,0.09996294401461038,3.0
20180207T002826Z,136.8,16.0,0.5649143842640932,64.8,0.9721047414289302,0.15849919651518649,3.0
20180207T002849Z,352.8,8.465719296578376,0.5483838566516297,331.2,0.7535821694056161,0.08949402135207414,3.0
20180207T002945Z,86.4,1.1040895136738127,0.14801564583633028,352.8,0.584181993816139,0.13170787431809367,3.0
20180207T002953Z,324.00000000000006,0.584181993816139,0.9616730613940763,43.2,1.1040895136738127,0.09411090949276224,3.0
20180207T003012Z,266.40000000000003,3.943814886992401,0.9517379262964833,93.60000000000001,0.6634976520136784,0.10425772888164066,3.0
20180207T003056Z,14.4,3.472364426509674,0.7540324794610999,72.0,16.0,0.0879472435403378,3.0
20180207T003121Z,0.0,16.0,0.4295094316812763,100.80000000000001,0.8558976573957302,0.14002543000206655,3.0
20180207T003132Z,64.8,16.0,0.7803013118982285,352.8,5.778168376825359,0.09411975330340573,3.0
20180207T003200Z,86.4,1.4242516540045356,0.9682744562606209,180.00000000000003,16.0,0.1998100057666748,3.0
20180207T003237Z,50.400000000000006,16.0,0.4258603058349995,338.40000000000003,0.584181993816139,0.09422426281511831,3.0
20180207T003356Z,331.2,16.0,0.4052453271505202,345.6,0.584181993816139,0.2085747502399454,3.0
20180207T003406Z,216.00000000000003,2.6918003852647128,0.7696206947572342,151.20000000000002,16.0,0.08405760329012996,3.0
20180207T003434Z,93.60000000000001,1.4242516540045356,0.980037230321042,194.4,16.0,0.2943961416194282,3.0
20180207T003444Z,14.4,3.0572719704105853,0.20225109620731618,158.4,16.0,0.26424723990266186,3.0
20180207T003526Z,259.2,2.086701861934038,0.9265470523828353,316.8,0.3510615547429147,0.14063163887513452,3.0
20180207T003601Z,324.00000000000006,0.584181993816139,0.18391458017651097,36.0,16.0,0.20657822348638444,3.0
20180207T003611Z,50.400000000000006,16.0,0.7152859812251977,129.6,16.0,0.02589481104517389,3.0
20180207T003624Z,64.8,16.0,0.8003250024816261,338.40000000000003,16.0,0.13547749949953633,3.0
20180207T003642Z,86.4,16.0,0.8460426261437665,331.2,0.39872594456840704,0.11187835956517266,3.0
20180207T003714Z,86.4,1.2539941451294703,0.7676497692556986,165.6,16.0,0.11419388650354316,3.0
20180207T003728Z,316.8,0.584181993816139,0.9422275366798971,50.400000000000006,16.0,0.10902452652942772,3.0
20180207T003746Z,7.2,0.07618835338777971,0.845133914557309,43.2,1.1040895136738127,0.6327099805947677,3.0
20180207T003808Z,309.6,5.778168376825359,0.8942319847677326,0.0,0.584181993816139,0.10883021265584886,3.0
20180207T003828Z,14.4,2.6918003852647128,0.5982402142579074,64.8,16.0,0.05172726106120705,3.0
20180207T003841Z,259.2,3.0572719704105853,0.9107163649065203,338.40000000000003,0.584181993816139,0.19750748314616332,3.0
20180207T003922Z,7.2,16.0,0.16707170117046868,172.8,16.0,0.16795060755105864,3.0
20180207T003937Z,302.40000000000003,0.45286183213195336,0.5427091619758004,72.0,0.7535821694056161,0.5061457349299373,3.0
20180207T003953Z,280.8,0.45286183213195336,0.930533310420312,72.0,0.7535821694056161,0.5575051052727791,3.0
20180207T004021Z,208.8,16.0,0.5863182408805754,158.4,2.3700179062375537,0.11543356732409173,3.0
20180207T004032Z,86.4,0.9721047414289302,0.7532197060102775,36.0,1.4242516540045356,0.12507194036894623,3.0
20180207T004100Z,72.0,16.0,0.2719325586729845,180.00000000000003,16.0,0.11320398332462653,3.0
20180207T004133Z,122.40000000000002,1.8372539081409522,0.43982447445968353,165.6,2.086701861934038,0.046466570094210145,3.0
20180207T004150Z,316.8,0.584181993816139,0.9534412975612128,172.8,2.3700179062375537,0.18016287409543785,3.0
20180207T004159Z,194.4,3.943814886992401,0.4841284583860511,86.4,16.0,0.01785009333209614,3.0
20180207T004207Z,295.2,0.9721047414289302,0.9494406790447546,21.6,1.8372539081409522,0.09489175212626937,3.0
20180207T004231Z,244.80000000000004,0.30909504861018205,0.10191032685558014,230.4,16.0,0.04473087888413859,3.0
20180207T004250Z,244.80000000000004,4.479275200528711,0.7389675909972493,86.4,0.7535821694056161,0.15182454390586184,3.0
20180207T004302Z,230.4,16.0,0.18296514848665058,144.0,2.086701861934038,0.170139900586953,3.0
20180207T004314Z,86.4,0.8558976573957302,0.9537005305925518,172.8,16.0,0.10107146262664143,3.0
20180207T004357Z,129.6,16.0,0.5021527415595196,93.60000000000001,0.8558976573957302,0.0854287651582134,3.0
20180207T004406Z,151.20000000000002,5.0874361239029895,0.25382381507869567,72.0,0.6634976520136784,0.13011687196645202,3.0
20180207T004432Z,144.0,0.8558976573957302,0.5324665782142344,129.6,16.0,0.18965801376551916,3.0
20180207T004526Z,86.4,0.8558976573957302,0.971090773149934,187.20000000000002,16.0,0.23702746483599132,3.0
20180207T004556Z,223.20000000000002,16.0,0.6283191134945174,136.8,16.0,0.3931682658678732,3.0
20180207T004621Z,86.4,0.8558976573957302,0.9070110872654386,50.400000000000006,1.2539941451294703,0.151402870654718,3.0
20180207T004653Z,43.2,2.6918003852647128,0.6392350115286197,338.40000000000003,0.5143478667381388,0.12221863809207378,3.0
20180207T004706Z,273.6,1.2539941451294703,0.947310623139668,100.80000000000001,0.6634976520136784,0.25240735940358183,3.0
20180207T004755Z,86.4,2.6918003852647128,0.9391391708872213,28.8,1.617625394674567,0.05511990149352195,3.0
20180207T004810Z,288.0,14.087332295285256,0.9597432073217983,28.8,1.8372539081409522,0.11305814189455207,3.0
20180207T004846Z,280.8,0.7535821694056161,0.8798589955296858,93.60000000000001,0.6634976520136784,0.11845568399466673,3.0
20180207T004855Z,259.2,16.0,0.47448298966089175,136.8,1.4242516540045356,0.4369079057379132,3.0
20180207T004927Z,115.2,16.0,0.65606795034085,180.00000000000003,16.0,0.13560798439220192,3.0
20180207T004941Z,244.80000000000004,3.472364426509674,0.7101242548659873,122.40000000000002,1.1040895136738127,0.06013544260247746,3.0
20180207T004954Z,244.80000000000004,16.0,0.4130034997888198,309.6,0.18574928614211858,0.111433717495907,3.0
20180207T005025Z,21.6,2.6918003852647128,0.7250649673476123,338.40000000000003,0.45286183213195336,0.08983238084779405,3.0
20180207T005036Z,28.8,2.086701861934038,0.6166015800442891,57.6,1.4242516540045356,0.8272506143715416,3.0
20180207T005046Z,86.4,0.9721047414289302,0.9367005418167529,172.8,16.0,0.17983451554519306,3.0
20180207T005112Z,309.6,16.0,0.13245600135307603,324.00000000000006,16.0,0.05245015733772119,3.0
20180207T005129Z,244.80000000000004,5.0874361239029895,0.8480982174297085,93.60000000000001,0.6634976520136784,0.0942729608886133,3.0
20180207T005213Z,331.2,0.7535821694056161,0.9421728415943277,316.8,0.584181993816139,0.36214315369809735,3.0
20180207T005244Z,309.6,0.7535821694056161,0.1945386533745358,259.2,16.0,0.09621701087974122,3.0
20180207T005359Z,28.8,16.0,0.6463420231101785,122.40000000000002,1.1040895136738127,0.2509938932273931,3.0
20180207T005421Z,79.2,3.943814886992401,0.8491819629592439,180.00000000000003,16.0,0.17430636747585745,3.0
20180207T005453Z,273.6,1.4242516540045356,0.8883690011240586,100.80000000000001,0.7535821694056161,0.45231811603332067,3.0
20180207T005612Z,93.60000000000001,16.0,0.8459261488257865,144.0,2.6918003852647128,0.237517835076642,3.0
20180207T005624Z,36.0,16.0,0.7290900641532815,36.0,0.16354449484350297,0.15498459901819078,3.0
20180207T005637Z,252.0,1.4242516540045356,0.8450241457722584,122.40000000000002,0.9721047414289302,0.23156330756941348,3.0
20180207T005654Z,122.40000000000002,16.0,0.8451111592192001,187.20000000000002,0.8558976573957302,0.18857613388428862,3.0
20180207T005712Z,252.0,16.0,0.6113827165824648,64.8,1.1040895136738127,0.07459841980840101,3.0
20180207T005730Z,158.4,16.0,0.48466953911837507,151.20000000000002,16.0,0.13448495655812134,3.0
20180207T005800Z,316.8,0.7535821694056161,0.2309748309607246,331.2,0.6634976520136784,0.5902271352143758,3.0
20180207T005834Z,194.4,3.0572719704105853,0.6656178518502652,266.40000000000003,16.0,0.1817303924777222,3.0
20180207T005851Z,100.80000000000001,1.1040895136738127,0.4480966102472803,136.8,1.8372539081409522,0.10740676674020769,3.0
20180207T005907Z,79.2,16.0,0.8237596320158531,338.40000000000003,16.0,0.23979514226144324,3.0
20180207T005943Z,266.40000000000003,0.5143478667381388,0.8588973938219524,86.4,0.7535821694056161,0.5524198320688821,3.0
20180207T010015Z,352.8,0.8558976573957302,0.8107237560501488,331.2,16.0,0.1034752634105648,3.0
20180207T010052Z,259.2,8.465719296578376,0.6075357094037211,0.0,1.8372539081409522,0.44234131348057026,3.0
20180207T010115Z,331.2,16.0,0.8415837373536402,21.6,1.4242516540045356,0.34674610430158026,3.0
20180207T010143Z,122.40000000000002,16.0,0.8567913651243458,100.80000000000001,0.8558976573957302,0.0627737093419894,3.0
20180207T010201Z,244.80000000000004,3.943814886992401,0.8697245704164785,108.00000000000001,5.0874361239029895,0.4143913929562275,3.0
20180207T010417Z,0.0,0.9721047414289302,0.8364795921078829,93.60000000000001,0.5143478667381388,0.2404771156851125,3.0
20180207T010502Z,86.4,5.778168376825359,0.864272905515852,136.8,1.2539941451294703,0.06408256926297777,3.0
20180207T010520Z,280.8,0.584181993816139,0.7914511215430374,122.40000000000002,0.7535821694056161,0.13943901739947864,3.0
20180207T010535Z,352.8,0.6634976520136784,0.12908444121971283,151.20000000000002,16.0,0.17538954570849938,3.0
20180207T010543Z,7.2,16.0,0.19940004805438816,172.8,3.943814886992401,0.08365043683166286,3.0
20180207T010727Z,21.6,1.1040895136738127,0.19770416373008637,151.20000000000002,0.8558976573957302,0.25618580106502886,3.0
20180207T010812Z,280.8,1.2539941451294703,0.9291190717392107,165.6,2.3700179062375537,0.33490867574507965,3.0
20180207T010826Z,86.4,0.9721047414289302,0.8208921268506802,21.6,2.6918003852647128,0.11304175034556763,3.0
20180207T010849Z,0.0,0.8558976573957302,0.7736454528689175,324.00000000000006,16.0,0.13236950591555188,3.0
20180207T010916Z,108.00000000000001,5.0874361239029895,0.8121766858807112,43.2,1.1040895136738127,0.18587358909607185,3.0
20180207T010934Z,21.6,2.3700179062375537,0.7622634314435525,79.2,0.45286183213195336,0.1516645024833014,3.0
20180207T010942Z,79.2,16.0,0.8883998867796061,14.4,1.4242516540045356,0.036664188653225564,3.0
20180207T010949Z,122.40000000000002,16.0,0.8868511867766324,50.400000000000006,1.2539941451294703,0.11881838591516111,3.0
20180207T011012Z,316.8,0.584181993816139,0.8271248625149105,165.6,2.086701861934038,0.29668644845572395,3.0
20180207T011022Z,273.6,4.479275200528711,0.944354321736202,338.40000000000003,0.7535821694056161,0.13881926721859955,3.0
20180207T011118Z,86.4,16.0,0.8445730375376574,165.6,1.8372539081409522,0.26440556390001196,3.0
20180207T011126Z,194.4,16.0,0.23813532522022518,165.6,2.6918003852647128,0.25931664200063176,3.0
20180207T011225Z,86.4,0.8558976573957302,0.9451304722239439,43.2,1.2539941451294703,0.2087919791109909,3.0
20180207T011326Z,180.00000000000003,16.0,0.48180042092008707,64.8,1.1040895136738127,0.34734696139721566,3.0
20180207T011340Z,57.6,16.0,0.7420880268355687,64.8,0.14399410274531194,0.3487715130638312,3.0
20180207T011410Z,115.2,16.0,0.5409795698861379,108.00000000000001,0.7535821694056161,0.17831109198638867,3.0
20180207T011438Z,136.8,8.465719296578376,0.6666787803033304,194.4,16.0,0.1660045625434647,3.0
20180207T011450Z,266.40000000000003,2.6918003852647128,0.9478659475332152,165.6,3.0572719704105853,0.14179872748619304,3.0
20180207T011542Z,352.8,0.7535821694056161,0.8670052271998238,331.2,1.1040895136738127,0.11057982283370625,3.0
20180207T011643Z,14.4,1.8372539081409522,0.7693083944267226,316.8,16.0,0.09664067205434528,3.0
20180207T011707Z,86.4,0.9721047414289302,0.15829697592279118,331.2,16.0,0.10273287736895223,3.0
20180207T011729Z,158.4,16.0,0.46360852404518577,93.60000000000001,0.6634976520136784,0.17611638452082556,3.0
20180207T011802Z,237.60000000000002,0.8558976573957302,0.23473238559232354,201.60000000000002,16.0,0.14361831502986522,3.0
20180207T011824Z,86.4,1.4242516540045356,0.9096717650238823,172.8,1.617625394674567,0.17873193930025832,3.0
20180207T011854Z,115.2,16.0,0.9460717549356021,187.20000000000002,16.0,0.24877635092627168,3.0
20180207T011906Z,302.40000000000003,0.584181993816139,0.8383408466016683,36.0,0.7535821694056161,0.06592596824548268,3.0
20180207T011933Z,28.8,16.0,0.38696063746706083,64.8,0.6634976520136784,0.2543760048258511,3.0
20180207T012000Z,280.8,0.5143478667381388,0.6081013902609391,93.60000000000001,0.7535821694056161,0.3417654659158831,3.0
20180207T012042Z,273.6,1.8372539081409522,0.9607725503149128,151.20000000000002,1.617625394674567,0.23537981301954225,3.0
20180207T012239Z,280.8,9.615128393797233,0.9123798307828817,216.00000000000003,0.5143478667381388,0.0497821950138049,3.0
20180207T012415Z,288.0,7.453712553094249,0.634666944090166,36.0,1.617625394674567,0.3295849065279245,3.0
20180207T012508Z,14.4,2.086701861934038,0.6985707945668507,324.00000000000006,0.584181993816139,0.10435114273825986,3.0
20180207T012550Z,21.6,2.086701861934038,0.7417176391430097,324.00000000000006,0.584181993816139,0.26050262320551487,3.0
20180207T012725Z,57.6,16.0,0.5997865823280573,144.0,1.8372539081409522,0.4603844832762485,3.0
20180207T012738Z,273.6,0.7535821694056161,0.9172001736373929,0.0,0.584181993816139,0.03646457556709504,3.0
20180207T012812Z,86.4,0.8558976573957302,0.9220873360237047,180.00000000000003,16.0,0.1794963208072134,3.0
20180207T012829Z,158.4,16.0,0.4988988503659606,151.20000000000002,5.0874361239029895,0.21132148174435358,3.0
20180207T013238Z,331.2,0.6634976520136784,0.8817160367673127,302.40000000000003,2.6918003852647128,0.09141185082889983,3.0
20180207T013253Z,259.2,3.0572719704105853,0.8451038248677218,151.20000000000002,0.9721047414289302,0.19018844395945417,3.0
20180207T013258Z,295.2,0.8558976573957302,0.9365836208444273,158.4,1.1040895136738127,0.3079615454074236,3.0
20180207T013355Z,316.8,0.584181993816139,0.9524573253288214,158.4,2.086701861934038,0.33619328874645515,3.0
20180207T013547Z,273.6,0.584181993816139,0.7254201345952597,136.8,0.6634976520136784,0.12429002750545327,3.0
20180207T013738Z,316.8,0.8558976573957302,0.3034583494147042,266.40000000000003,0.6634976520136784,0.5479344493543306,3.0
20180207T013816Z,72.0,16.0,0.7080425937768937,324.00000000000006,0.6634976520136784,0.17246017734354138,3.0
20180207T013833Z,352.8,3.472364426509674,0.7876669867412137,57.6,0.9721047414289302,0.19674660264624233,3.0
20180207T013846Z,338.40000000000003,0.5143478667381388,0.17686075441583998,331.2,0.7535821694056161,0.036153092884372635,3.0
20180207T013856Z,273.6,0.6634976520136784,0.5963704334413705,144.0,1.1040895136738127,0.10844166243558548,3.0
20180207T013908Z,288.0,0.9721047414289302,0.8965497416800418,151.20000000000002,0.9721047414289302,0.41639438155694053,3.0
20180207T014213Z,93.60000000000001,16.0,0.8929299266376408,331.2,0.8558976573957302,0.15129909535000452,3.0
20180207T014302Z,316.8,0.9721047414289302,0.7926628301866719,28.8,2.086701861934038,0.34238351579892945,3.0
20180207T014323Z,266.40000000000003,1.617625394674567,0.9196597446882004,28.8,16.0,0.18242552727905306,3.0
20180207T014346Z,280.8,0.584181993816139,0.9029420669837069,108.00000000000001,0.584181993816139,0.11668071665166463,3.0
20180207T014403Z,230.4,16.0,0.5760978011480192,122.40000000000002,0.8558976573957302,0.21187394832007536,3.0
20180207T014415Z,100.80000000000001,0.6634976520136784,0.27547292588028166,28.8,2.3700179062375537,0.214127233408729,3.0
20180207T014533Z,86.4,0.8558976573957302,0.8928885659098481,50.400000000000006,1.1040895136738127,0.1930661792077783,3.0
20180207T014558Z,86.4,1.2539941451294703,0.7929014233569248,43.2,0.9721047414289302,0.15348626180452243,3.0
20180207T014606Z,273.6,2.086701861934038,0.8389797623857672,165.6,2.086701861934038,0.28925391939332573,3.0
20180207T014633Z,86.4,16.0,0.8987769571091112,194.4,16.0,0.10388856883658683,3.0
20180207T014751Z,316.8,0.584181993816139,0.9157080577506421,72.0,0.8558976573957302,0.1433854733542637,3.0
20180207T014921Z,122.40000000000002,16.0,0.48198687873579654,86.4,0.9721047414289302,0.3813995091967159,3.0
20180207T014943Z,316.8,16.0,0.38294517396708505,43.2,16.0,0.23208967777456876,3.0
20180207T015007Z,187.20000000000002,16.0,0.8647060408243605,302.40000000000003,16.0,0.3451629367951134,3.0
20180207T015104Z,86.4,0.8558976573957302,0.8190760424407045,93.60000000000001,0.6634976520136784,0.09826970448546621,3.0
20180207T015143Z,0.0,16.0,0.3669635469489403,316.8,0.45286183213195336,0.10772090291043747,3.0
20180207T015151Z,280.8,0.2721452912874363,0.8739363569895137,100.80000000000001,0.7535821694056161,0.4346727408362889,3.0
20180207T015342Z,93.60000000000001,1.2539941451294703,0.9806755381462094,187.20000000000002,16.0,0.2893223090265338,3.0
20180207T015548Z,86.4,0.9721047414289302,0.6531701245779259,79.2,0.7535821694056161,0.1282736433906936,3.0
20180207T015610Z,208.8,12.40330819986167,0.2836613596651626,86.4,0.7535821694056161,0.14390176098628285,3.0
20180207T015705Z,115.2,16.0,0.9379361115262428,43.2,1.2539941451294703,0.23332938911707046,3.0
20180207T015909Z,302.40000000000003,0.7535821694056161,0.8681425551808403,144.0,0.584181993816139,0.1561346374715999,3.0
20180207T015925Z,345.6,16.0,0.22653946382202958,352.8,3.472364426509674,0.13623609448237442,3.0
20180207T015948Z,86.4,16.0,0.8762800195862465,331.2,16.0,0.44774761711151717,3.0
20180207T020028Z,86.4,0.9721047414289302,0.954337265575401,180.00000000000003,16.0,0.10368561167958054,3.0
20180207T020216Z,93.60000000000001,2.086701861934038,0.9566193249994447,187.20000000000002,7.453712553094249,0.009946971942578977,3.0
20180207T020324Z,273.6,0.39872594456840704,0.7869710914063012,50.400000000000006,0.9721047414289302,0.3902409512728288,3.0
20180207T020531Z,79.2,16.0,0.8405903182202026,331.2,0.8558976573957302,0.11565651778673751,3.0
20180207T020723Z,86.4,0.9721047414289302,0.9201674758257852,187.20000000000002,16.0,0.18054420662977644,3.0
20180207T020806Z,345.6,0.8558976573957302,0.8877125593903854,50.400000000000006,0.5143478667381388,0.11272093177112458,3.0
20180207T020847Z,338.40000000000003,0.6634976520136784,0.8999098337706979,331.2,16.0,0.09870298072371225,3.0
20180207T021438Z,144.0,16.0,0.7897430479891684,64.8,0.9721047414289302,0.5076292590607511,3.0
20180207T021449Z,273.6,1.617625394674567,0.9568494888110848,144.0,1.4242516540045356,0.33865995633823837,3.0
20180207T021641Z,280.8,10.920595260767984,0.9328006923394552,7.2,1.1040895136738127,0.07949388468328517,3.0
20180207T021829Z,86.4,0.8558976573957302,0.9591527662925705,100.80000000000001,0.8558976573957302,0.10139993799856784,3.0
20180207T022028Z,273.6,0.5143478667381388,0.7957345577473645,115.2,0.8558976573957302,0.410687675464868,3.0
20180207T022300Z,280.8,16.0,0.19263771772802946,115.2,12.40330819986167,0.2236268162470343,3.0
20180207T022348Z,273.6,0.9721047414289302,0.9042930821861986,93.60000000000001,0.7535821694056161,0.27050780189258133,3.0
20180207T022519Z,201.60000000000002,1.8372539081409522,0.902578134594682,64.8,0.7535821694056161,0.6603976114115196,3.0
20180207T022958Z,352.8,1.8372539081409522,0.8798480841028953,86.4,0.6634976520136784,0.0743814783068349,3.0
20180207T023226Z,295.2,0.584181993816139,0.8442916205726525,324.00000000000006,0.584181993816139,0.08392671604331986,3.0
20180207T023655Z,115.2,16.0,0.869951035090367,36.0,1.2539941451294703,0.2661266681822132,3.0
20180207T024247Z,122.40000000000002,16.0,0.7195576258505664,93.60000000000001,16.0,0.15340765995200922,3.0
20180207T024318Z,288.0,1.8372539081409522,0.8608216794551105,79.2,0.7535821694056161,0.09106915784459756,3.0
20180207T024536Z,309.6,0.9721047414289302,0.9637918632536592,14.4,2.3700179062375537,0.19959024105310463,3.0
20180207T024730Z,295.2,16.0,0.9585921616504184,14.4,3.0572719704105853,0.20673195223474708,3.0
20180207T025437Z,273.6,0.584181993816139,0.6754908273355664,86.4,1.1040895136738127,0.24648967064174493,3.0
20180207T025511Z,86.4,0.9721047414289302,0.922679188590755,172.8,5.0874361239029895,0.12358255351930536,3.0
20180207T025616Z,316.8,0.8558976573957302,0.9080634694098765,28.8,1.617625394674567,0.1452068986733431,3.0
20180207T025724Z,115.2,16.0,0.6613035697495908,57.6,1.1040895136738127,0.14416667368652905,3.0
20180207T030448Z,86.4,0.9721047414289302,0.9171064895058567,172.8,16.0,0.13626240436458179,3.0
20180207T030914Z,352.8,2.086701861934038,0.847525532498676,309.6,0.6634976520136784,0.05698877517793218,3.0
20180207T030941Z,86.4,0.6634976520136784,0.5739063056328102,172.8,5.0874361239029895,0.11181200030894482,3.0
20180207T031137Z,309.6,0.584181993816139,0.8255235871992868,338.40000000000003,0.45286183213195336,0.2696564597676017,3.0
20180207T032359Z,266.40000000000003,14.087332295285256,0.9157665721605426,0.0,2.3700179062375537,0.2152576173024546,3.0
20180207T032843Z,316.8,1.2539941451294703,0.9468156719439709,158.4,2.3700179062375537,0.09058399503377144,3.0
20180207T033135Z,72.0,16.0,0.9189067821347577,79.2,0.8558976573957302,0.08936273419140696,3.0
20180207T033301Z,266.40000000000003,3.943814886992401,0.6764017525746038,100.80000000000001,0.7535821694056161,0.2528922562291695,3.0
20180207T033645Z,316.8,0.8558976573957302,0.9117080619681341,21.6,1.4242516540045356,0.13586972302376465,3.0
20180207T034054Z,72.0,16.0,0.8346546724331777,151.20000000000002,1.1040895136738127,0.3617061133019411,3.0
20180207T035510Z,309.6,3.943814886992401,0.856890590318333,100.80000000000001,1.1040895136738127,0.11759302190760405,3.0
20180207T035748Z,72.0,0.8558976573957302,0.2423360768398004,79.2,0.6634976520136784,0.5505731471570839,3.0
20180207T035832Z,352.8,0.7535821694056161,0.8099628808717385,324.00000000000006,16.0,0.21317116088620722,3.0
20180207T040111Z,288.0,0.9721047414289302,0.8173469460783882,144.0,0.7535821694056161,0.20886990280594142,3.0
20180207T040843Z,352.8,1.2539941451294703,0.7605798378982136,79.2,0.6634976520136784,0.13670534952786145,3.0
20180207T040945Z,316.8,0.7535821694056161,0.9879346492521803,14.4,3.472364426509674,0.27138681497066736,3.0
20180207T041016Z,266.40000000000003,1.4242516540045356,0.27741626291764465,208.8,16.0,0.23519568859731088,3.0
20180207T041051Z,280.8,9.615128393797233,0.9674250701630563,14.4,1.617625394674567,0.11211486200918652,3.0
20180207T041104Z,302.40000000000003,0.8558976573957302,0.8640774257032896,50.400000000000006,16.0,0.107676684603828,3.0
20180207T041418Z,338.40000000000003,1.1040895136738127,0.8816985578910064,309.6,0.6634976520136784,0.15642512267108494,3.0
20180207T041448Z,316.8,0.9721047414289302,0.9437430496141829,180.00000000000003,16.0,0.17212370271901137,3.0
20180207T041644Z,309.6,0.7535821694056161,0.9490587254194476,172.8,4.479275200528711,0.15373117849873244,3.0
20180207T041853Z,352.8,16.0,0.11801417168105051,201.60000000000002,16.0,0.06190260320302419,3.0
20180207T042859Z,108.00000000000001,4.479275200528711,0.9155231419540847,50.400000000000006,1.1040895136738127,0.10817040374525334,3.0
20180207T043533Z,7.2,16.0,0.0757310341209668,100.80000000000001,2.3700179062375537,0.14640392062009053,3.0
20180207T043733Z,302.40000000000003,0.8558976573957302,0.9023531283504527,122.40000000000002,0.6634976520136784,0.12526836971911723,3.0
20180207T043948Z,316.8,8.465719296578376,0.9361780115988846,86.4,5.0874361239029895,0.08874900698528192,3.0
20180207T044824Z,338.40000000000003,3.943814886992401,0.5243338991073163,158.4,0.5143478667381388,0.1488660423578843,3.0
20180207T045112Z,316.8,16.0,0.7007204008482169,288.0,0.39872594456840704,0.17370881232787214,3.0
20180207T045441Z,266.40000000000003,2.6918003852647128,0.9080693775723752,158.4,1.617625394674567,0.2784489372719875,3.0
20180207T045724Z,324.00000000000006,16.0,0.9131897577405793,28.8,0.9721047414289302,0.29928406826535825,3.0
20180207T050239Z,79.2,0.30909504861018205,0.7247721028424208,0.0,4.479275200528711,0.2883844933102865,3.0
20180207T051141Z,86.4,0.8558976573957302,0.6509138976035236,64.8,0.8558976573957302,0.39521471735289176,3.0
20180207T051259Z,252.0,16.0,0.0344184956834368,64.8,0.8558976573957302,0.13806063485400394,3.0
20180207T051347Z,86.4,1.1040895136738127,0.9458804419455776,194.4,16.0,0.19455775080092372,3.0
20180207T052238Z,273.6,1.617625394674567,0.9440911690951062,316.8,0.03125,0.11720565851224547,3.0
20180207T052249Z,280.8,16.0,0.9757415180345388,7.2,3.472364426509674,0.19092124561798013,3.0
20180207T052400Z,280.8,0.7535821694056161,0.9208844470068115,86.4,0.7535821694056161,0.3597367316176011,3.0
20180207T052703Z,316.8,0.7535821694056161,0.2645876858770297,93.60000000000001,16.0,0.22354458721523424,3.0
20180207T053130Z,331.2,0.584181993816139,0.16843351841605803,50.400000000000006,16.0,0.23632501445529305,3.0
20180207T053439Z,21.6,2.6918003852647128,0.7634515133257488,345.6,0.39872594456840704,0.1661191179612328,3.0
20180207T053637Z,295.2,0.21096887018620009,0.6964357355657573,64.8,0.7535821694056161,0.5752038819775468,3.0
20180207T053718Z,86.4,0.8558976573957302,0.913252760840291,172.8,16.0,0.08171404920654404,3.0
20180207T054548Z,338.40000000000003,3.0572719704105853,0.8113100686489441,72.0,16.0,0.1755542885761092,3.0
20180207T054629Z,144.0,16.0,0.48784786487618614,64.8,1.8372539081409522,0.1598359909703808,3.0
20180207T055722Z,115.2,16.0,0.9570491791648956,36.0,1.2539941451294703,0.31893083183957327,3.0
20180207T060231Z,273.6,1.8372539081409522,0.9486026841707261,79.2,0.7535821694056161,0.11768404881503844,3.0
20180207T061000Z,288.0,0.05200138568326893,0.688366146330514,151.20000000000002,8.465719296578376,0.3103787896419451,3.0
20180207T061219Z,216.00000000000003,0.05200138568326893,0.9593117446283764,100.80000000000001,0.8558976573957302,0.05741602173272098,3.0
20180207T061346Z,7.2,0.9721047414289302,0.6275139240184073,122.40000000000002,0.8558976573957302,0.2222281179775337,3.0
20180207T062237Z,108.00000000000001,1.2539941451294703,0.036134494408624034,36.0,0.9721047414289302,0.044316156518348485,3.0
20180207T064419Z,216.00000000000003,1.2539941451294703,0.3746252601355997,36.0,2.086701861934038,0.11072941334783303,3.0
20180207T065255Z,93.60000000000001,1.8372539081409522,0.859374869065765,144.0,4.479275200528711,0.1961788500430403,3.0
20180207T065413Z,36.0,0.8558976573957302,0.7104248431476343,144.0,1.2539941451294703,0.07763751905693393,3.0
20180207T065819Z,194.4,9.615128393797233,0.5470593766318611,158.4,1.617625394674567,0.0555529366367258,3.0
20180207T065926Z,187.20000000000002,0.04031182584059117,0.3152998780263895,28.8,2.086701861934038,0.09563114351636132,3.0
20180207T070758Z,28.8,1.2539941451294703,0.4539881651736402,273.6,1.617625394674567,0.14426722293848487,3.0
20180207T072122Z,338.40000000000003,5.778168376825359,0.36694743134883706,136.8,0.11162520220704067,0.07394031959187218,3.0
20180207T072225Z,331.2,0.06708066570026715,0.9645921003910047,7.2,5.778168376825359,0.37855786238870626,3.0
20180207T073428Z,0.0,0.8558976573957302,0.22787047915605796,158.4,0.14399410274531194,0.25042656911438443,3.0
20180207T073456Z,352.8,2.6918003852647128,0.17104071288500286,79.2,1.8372539081409522,0.22680597365520164,3.0
20180207T074140Z,158.4,5.0874361239029895,0.5726935587072044,144.0,1.617625394674567,0.1122973735477824,3.0
20180207T074503Z,316.8,0.08653261161536277,0.2131426303684162,223.20000000000002,0.04031182584059117,0.19215671828293251,3.0
20180207T074703Z,0.0,0.03125,,0.0,0.03125,,3.0
20180207T075232Z,0.0,0.03125,,0.0,0.03125,,3.0
20180207T075259Z,0.0,0.03125,,0.0,0.03125,,3.0
20180207T075322Z,0.0,0.03125,,0.0,0.03125,,3.0
20180207T075528Z,0.0,0.03125,,0.0,0.03125,,3.0
20180207T075645Z,0.0,0.03125,,0.0,0.03125,,3.0
20180207T080159Z,0.0,0.03125,,0.0,0.03125,,3.0
20180207T080351Z,0.0,0.03125,,0.0,0.03125,,3.0
20180207T081122Z,0.0,0.03125,,0.0,0.03125,,3.0
20180207T081316Z,0.0,0.03125,,0.0,0.03125,,3.0
20180207T082221Z,0.0,0.03125,,0.0,0.03125,,3.0
20180207T083015Z,0.0,0.03125,,0.0,0.03125,,3.0
20180207T083240Z,0.0,0.03125,,0.0,0.03125,,3.0
20180207T083418Z,0.0,0.03125,,0.0,0.03125,,3.0
20180207T083509Z,0.0,0.03125,,0.0,0.03125,,3.0
20180207T083712Z,0.0,0.03125,,0.0,0.03125,,3.0
20180207T084335Z,0.0,0.03125,,0.0,0.03125,,3.0
20180207T084401Z,0.0,0.03125,,0.0,0.03125,,3.0
20180207T084732Z,0.0,0.03125,,0.0,0.03125,,3.0
20180207T084826Z,0.0,0.03125,,0.0,0.03125,,3.0
20180207T084933Z,0.0,0.03125,,0.0,0.03125,,3.0
20180207T085235Z,0.0,0.03125,,0.0,0.03125,,3.0
20180207T085348Z,0.0,0.03125,,0.0,0.03125,,3.0
20180207T085751Z,0.0,0.03125,,0.0,0.03125,,3.0
20180207T085818Z,0.0,0.03125,,0.0,0.03125,,3.0
20180207T090327Z,0.0,0.03125,,0.0,0.03125,,3.0
20180207T090610Z,0.0,0.03125,,0.0,0.03125,,3.0
20180207T090653Z,0.0,0.03125,,0.0,0.03125,,3.0
20180207T090833Z,0.0,0.03125,,0.0,0.03125,,3.0
20180207T091027Z,0.0,0.03125,,0.0,0.03125,,3.0
20180207T091150Z,0.0,0.03125,,0.0,0.03125,,3.0
20180207T091346Z,0.0,0.03125,,0.0,0.03125,,3.0
20180207T091416Z,0.0,0.03125,,0.0,0.03125,,3.0
20180207T091509Z,0.0,0.03125,,0.0,0.03125,,3.0
20180207T091543Z,0.0,0.03125,,0.0,0.03125,,3.0
20180207T091636Z,0.0,0.03125,,0.0,0.03125,,3.0
20180207T091910Z,0.0,0.03125,,0.0,0.03125,,3.0
20180207T092029Z,0.0,0.03125,,0.0,0.03125,,3.0
20180207T092455Z,0.0,0.03125,,0.0,0.03125,,3.0
20180207T092526Z,0.0,0.03125,,0.0,0.03125,,3.0
20180207T092806Z,0.0,0.03125,,0.0,0.03125,,3.0
20180207T092958Z,0.0,0.03125,,0.0,0.03125,,3.0
20180207T093100Z,0.0,0.03125,,0.0,0.03125,,3.0
20180207T093230Z,0.0,0.03125,,0.0,0.03125,,3.0
20180207T093257Z,0.0,0.03125,,0.0,0.03125,,3.0
20180207T093440Z,0.0,0.03125,,0.0,0.03125,,3.0
20180207T093517Z,0.0,0.03125,,0.0,0.03125,,3.0
20180207T093700Z,0.0,0.03125,,0.0,0.03125,,3.0
20180207T094101Z,0.0,0.03125,,0.0,0.03125,,3.0
20180207T094300Z,0.0,0.03125,,0.0,0.03125,,3.0
20180207T094359Z,0.0,0.03125,,0.0,0.03125,,3.0
20180207T094456Z,0.0,0.03125,,0.0,0.03125,,3.0
20180207T094537Z,0.0,0.03125,,0.0,0.03125,,3.0
20180207T094713Z,0.0,0.03125,,0.0,0.03125,,3.0
20180207T095011Z,0.0,0.03125,,0.0,0.03125,,3.0
20180207T095305Z,0.0,0.03125,,0.0,0.03125,,3.0
20180207T095340Z,0.0,0.03125,,0.0,0.03125,,3.0
20180207T095426Z,0.0,0.03125,,0.0,0.03125,,3.0
20180207T095608Z,0.0,0.03125,,0.0,0.03125,,3.0
20180207T095716Z,0.0,0.03125,,0.0,0.03125,,3.0
20180207T095915Z,0.0,0.03125,,0.0,0.03125,,3.0
20180207T100013Z,0.0,0.03125,,0.0,0.03125,,3.0
20180207T100123Z,0.0,0.03125,,0.0,0.03125,,3.0
20180207T100502Z,0.0,0.03125,,0.0,0.03125,,3.0
20180207T101001Z,0.0,0.03125,,0.0,0.03125,,3.0
20180207T101106Z,0.0,0.03125,,0.0,0.03125,,3.0
20180207T101136Z,0.0,0.03125,,0.0,0.03125,,3.0
20180207T101243Z,0.0,0.03125,,0.0,0.03125,,3.0
20180207T101305Z,0.0,0.03125,,0.0,0.03125,,3.0
20180207T101325Z,0.0,0.03125,,0.0,0.03125,,3.0
20180207T101502Z,0.0,0.03125,,0.0,0.03125,,3.0
20180207T101528Z,0.0,0.03125,,0.0,0.03125,,3.0
20180207T101724Z,0.0,0.03125,,0.0,0.03125,,3.0
20180207T101740Z,0.0,0.03125,,0.0,0.03125,,3.0
20180207T101817Z,0.0,0.03125,,0.0,0.03125,,3.0
20180207T102100Z,0.0,0.03125,,0.0,0.03125,,3.0
20180207T102110Z,0.0,0.03125,,0.0,0.03125,,3.0
20180207T102533Z,0.0,0.03125,,0.0,0.03125,,3.0
20180207T102557Z,0.0,0.03125,,0.0,0.03125,,3.0
20180207T102743Z,0.0,0.03125,,0.0,0.03125,,3.0
20180207T103153Z,0.0,0.03125,,0.0,0.03125,,3.0
20180207T103905Z,0.0,0.03125,,0.0,0.03125,,3.0
20180207T104340Z,0.0,0.03125,,0.0,0.03125,,3.0
20180207T104551Z,0.0,0.03125,,0.0,0.03125,,3.0
20180207T104750Z,0.0,0.03125,,0.0,0.03125,,3.0
20180207T104809Z,0.0,0.03125,,0.0,0.03125,,3.0
20180207T105005Z,0.0,0.03125,,0.0,0.03125,,3.0
20180207T110827Z,0.0,0.03125,,0.0,0.03125,,3.0
20180207T111059Z,0.0,0.03125,,0.0,0.03125,,3.0
20180207T111421Z,0.0,0.03125,,0.0,0.03125,,3.0
20180207T111510Z,0.0,0.03125,,0.0,0.03125,,3.0
20180207T111654Z,0.0,0.03125,,0.0,0.03125,,3.0
20180207T111729Z,0.0,0.03125,,0.0,0.03125,,3.0
20180207T111918Z,0.0,0.03125,,0.0,0.03125,,3.0
20180207T112027Z,0.0,0.03125,,0.0,0.03125,,3.0
20180207T112630Z,0.0,0.03125,,0.0,0.03125,,3.0
20180207T113237Z,0.0,0.03125,,0.0,0.03125,,3.0
20180207T113321Z,0.0,0.03125,,0.0,0.03125,,3.0
20180207T114348Z,0.0,0.03125,,0.0,0.03125,,3.0
20180207T115213Z,0.0,0.03125,,0.0,0.03125,,3.0
20180207T115849Z,0.0,0.03125,,0.0,0.03125,,3.0
20180207T120419Z,0.0,0.03125,,0.0,0.03125,,3.0
20180207T120916Z,0.0,0.03125,,0.0,0.03125,,3.0
20180207T120959Z,0.0,0.03125,,0.0,0.03125,,3.0
20180207T121114Z,0.0,0.03125,,0.0,0.03125,,3.0
20180207T121243Z,0.0,0.03125,,0.0,0.03125,,3.0
20180207T121746Z,0.0,0.03125,,0.0,0.03125,,3.0
20180207T122243Z,0.0,0.03125,,0.0,0.03125,,3.0
20180207T122340Z,0.0,0.03125,,0.0,0.03125,,3.0
20180207T123000Z,0.0,0.03125,,0.0,0.03125,,3.0
20180207T123701Z,0.0,0.03125,,0.0,0.03125,,3.0
20180207T123737Z,0.0,0.03125,,0.0,0.03125,,3.0
20180207T123917Z,0.0,0.03125,,0.0,0.03125,,3.0
20180207T124553Z,0.0,0.03125,,0.0,0.03125,,3.0
20180207T125047Z,0.0,0.03125,,0.0,0.03125,,3.0
20180207T125656Z,0.0,0.03125,,0.0,0.03125,,3.0
20180207T125835Z,0.0,0.03125,,0.0,0.03125,,3.0
20180207T130200Z,0.0,0.03125,,0.0,0.03125,,3.0
20180207T130823Z,0.0,0.03125,,0.0,0.03125,,3.0
20180207T132135Z,0.0,0.03125,,0.0,0.03125,,3.0
20180207T132416Z,0.0,0.03125,,0.0,0.03125,,3.0
20180207T133415Z,0.0,0.03125,,0.0,0.03125,,3.0
20180207T133758Z,0.0,0.03125,,0.0,0.03125,,3.0
20180207T133835Z,0.0,0.03125,,0.0,0.03125,,3.0
20180207T134148Z,0.0,0.03125,,0.0,0.03125,,3.0
20180207T134620Z,0.0,0.03125,,0.0,0.03125,,3.0
20180207T134809Z,0.0,0.03125,,0.0,0.03125,,3.0
20180207T135614Z,0.0,0.03125,,0.0,0.03125,,3.0
20180207T135755Z,0.0,0.03125,,0.0,0.03125,,3.0
20180207T135813Z,0.0,0.03125,,0.0,0.03125,,3.0
20180207T135925Z,0.0,0.03125,,0.0,0.03125,,3.0
20180207T140603Z,0.0,0.03125,,0.0,0.03125,,3.0
20180207T140817Z,0.0,0.03125,,0.0,0.03125,,3.0
20180207T141241Z,0.0,0.03125,,0.0,0.03125,,3.0
20180207T141800Z,0.0,0.03125,,0.0,0.03125,,3.0
20180207T142208Z,0.0,0.03125,,0.0,0.03125,,3.0
20180207T144401Z,0.0,0.03125,,0.0,0.03125,,3.0
20180207T144717Z,0.0,0.03125,,0.0,0.03125,,3.0
20180207T145352Z,0.0,0.03125,,0.0,0.03125,,3.0
20180207T145457Z,0.0,0.03125,,0.0,0.03125,,3.0
20180207T145743Z,0.0,0.03125,,0.0,0.03125,,3.0
20180207T145857Z,0.0,0.03125,,0.0,0.03125,,3.0
20180207T150726Z,0.0,0.03125,,0.0,0.03125,,3.0
20180207T150842Z,0.0,0.03125,,0.0,0.03125,,3.0
20180207T151004Z,0.0,0.03125,,0.0,0.03125,,3.0
20180207T151412Z,0.0,0.03125,,0.0,0.03125,,3.0
20180207T151430Z,0.0,0.03125,,0.0,0.03125,,3.0
20180207T151902Z,0.0,0.03125,,0.0,0.03125,,3.0
20180207T153927Z,0.0,0.03125,,0.0,0.03125,,3.0
20180207T155037Z,0.0,0.03125,,0.0,0.03125,,3.0
20180207T155115Z,0.0,0.03125,,0.0,0.03125,,3.0
20180207T155937Z,0.0,0.03125,,0.0,0.03125,,3.0
20180207T160635Z,0.0,0.03125,,0.0,0.03125,,3.0
20180207T161921Z,0.0,0.03125,,0.0,0.03125,,3.0
20180207T162206Z,0.0,0.03125,,0.0,0.03125,,3.0
20180207T162745Z,0.0,0.03125,,0.0,0.03125,,3.0
20180207T162844Z,0.0,0.03125,,0.0,0.03125,,3.0
20180207T162924Z,0.0,0.03125,,0.0,0.03125,,3.0
20180207T163316Z,0.0,0.03125,,0.0,0.03125,,3.0
20180207T163513Z,0.0,0.03125,,0.0,0.03125,,3.0
20180207T163759Z,0.0,0.03125,,0.0,0.03125,,3.0
20180207T164023Z,0.0,0.03125,,0.0,0.03125,,3.0
20180207T164946Z,0.0,0.03125,,0.0,0.03125,,3.0
20180207T165155Z,0.0,0.03125,,0.0,0.03125,,3.0
20180207T165605Z,0.0,0.03125,,0.0,0.03125,,3.0
20180207T165710Z,0.0,0.03125,,0.0,0.03125,,3.0
20180207T170135Z,0.0,0.03125,,0.0,0.03125,,3.0
20180207T170518Z,0.0,0.03125,,0.0,0.03125,,3.0
20180207T171246Z,0.0,0.03125,,0.0,0.03125,,3.0
20180207T171317Z,0.0,0.03125,,0.0,0.03125,,3.0
20180207T171407Z,0.0,0.03125,,0.0,0.03125,,3.0
20180207T171544Z,0.0,0.03125,,0.0,0.03125,,3.0
20180207T171748Z,0.0,0.03125,,0.0,0.03125,,3.0
20180207T172406Z,0.0,0.03125,,0.0,0.03125,,3.0
20180207T172521Z,0.0,0.03125,,0.0,0.03125,,3.0
20180207T172533Z,0.0,0.03125,,0.0,0.03125,,3.0
20180207T172924Z,0.0,0.03125,,0.0,0.03125,,3.0
20180207T173049Z,0.0,0.03125,,0.0,0.03125,,3.0
20180207T173202Z,0.0,0.03125,,0.0,0.03125,,3.0
20180207T173341Z,0.0,0.03125,,0.0,0.03125,,3.0
20180207T173435Z,0.0,0.03125,,0.0,0.03125,,3.0
20180207T173444Z,0.0,0.03125,,0.0,0.03125,,3.0
20180207T173814Z,0.0,0.03125,,0.0,0.03125,,3.0
20180207T173940Z,0.0,0.03125,,0.0,0.03125,,3.0
20180207T174022Z,0.0,0.03125,,0.0,0.03125,,3.0
20180207T174030Z,0.0,0.03125,,0.0,0.03125,,3.0
20180207T174114Z,0.0,0.03125,,0.0,0.03125,,3.0
20180207T174157Z,0.0,0.03125,,0.0,0.03125,,3.0
20180207T174212Z,0.0,0.03125,,0.0,0.03125,,3.0
20180207T174253Z,0.0,0.03125,,0.0,0.03125,,3.0
20180207T174423Z,0.0,0.03125,,0.0,0.03125,,3.0
20180207T174442Z,0.0,0.03125,,0.0,0.03125,,3.0
20180207T174455Z,0.0,0.03125,,0.0,0.03125,,3.0
20180207T174534Z,0.0,0.03125,,0.0,0.03125,,3.0
20180207T174542Z,0.0,0.03125,,0.0,0.03125,,3.0
20180207T174717Z,0.0,0.03125,,0.0,0.03125,,3.0
20180207T174738Z,0.0,0.03125,,0.0,0.03125,,3.0
20180207T174857Z,0.0,0.03125,,0.0,0.03125,,3.0
20180207T174958Z,0.0,0.03125,,0.0,0.03125,,3.0
20180207T175030Z,0.0,0.03125,,0.0,0.03125,,3.0
20180207T175037Z,0.0,0.03125,,0.0,0.03125,,3.0
20180207T175137Z,0.0,0.03125,,0.0,0.03125,,3.0
20180207T175300Z,0.0,0.03125,,0.0,0.03125,,3.0
20180207T175327Z,0.0,0.03125,,0.0,0.03125,,3.0
20180207T175428Z,0.0,0.03125,,0.0,0.03125,,3.0
20180207T175450Z,0.0,0.03125,,0.0,0.03125,,3.0
20180207T175558Z,0.0,0.03125,,0.0,0.03125,,3.0
20180207T175951Z,0.0,0.03125,,0.0,0.03125,,3.0
20180207T180010Z,0.0,0.03125,,0.0,0.03125,,3.0
20180207T180027Z,0.0,0.03125,,0.0,0.03125,,3.0
20180207T180132Z,0.0,0.03125,,0.0,0.03125,,3.0
20180207T180321Z,0.0,0.03125,,0.0,0.03125,,3.0
20180207T180350Z,0.0,0.03125,,0.0,0.03125,,3.0
20180207T180459Z,0.0,0.03125,,0.0,0.03125,,3.0
20180207T180613Z,0.0,0.03125,,0.0,0.03125,,3.0
20180207T180805Z,0.0,0.03125,,0.0,0.03125,,3.0
20180207T180830Z,0.0,0.03125,,0.0,0.03125,,3.0
20180207T180857Z,0.0,0.03125,,0.0,0.03125,,3.0
20180207T180907Z,0.0,0.03125,,0.0,0.03125,,3.0
20180207T181038Z,0.0,0.03125,,0.0,0.03125,,3.0
20180207T181103Z,0.0,0.03125,,0.0,0.03125,,3.0
20180207T181120Z,0.0,0.03125,,0.0,0.03125,,3.0
20180207T181132Z,0.0,0.03125,,0.0,0.03125,,3.0
20180207T181303Z,0.0,0.03125,,0.0,0.03125,,3.0
20180207T181359Z,0.0,0.03125,,0.0,0.03125,,3.0
20180207T181438Z,0.0,0.03125,,0.0,0.03125,,3.0
20180207T181507Z,0.0,0.03125,,0.0,0.03125,,3.0
20180207T181617Z,0.0,0.03125,,0.0,0.03125,,3.0
20180207T181653Z,0.0,0.03125,,0.0,0.03125,,3.0
20180207T181728Z,0.0,0.03125,,0.0,0.03125,,3.0
20180207T181829Z,0.0,0.03125,,0.0,0.03125,,3.0
20180207T181841Z,0.0,0.03125,,0.0,0.03125,,3.0
20180207T182008Z,0.0,0.03125,,0.0,0.03125,,3.0
20180207T182021Z,0.0,0.03125,,0.0,0.03125,,3.0
20180207T182212Z,0.0,0.03125,,0.0,0.03125,,3.0
20180207T182231Z,0.0,0.03125,,0.0,0.03125,,3.0
20180207T182321Z,0.0,0.03125,,0.0,0.03125,,3.0
20180207T182409Z,0.0,0.03125,,0.0,0.03125,,3.0
20180207T182422Z,0.0,0.03125,,0.0,0.03125,,3.0
20180207T182445Z,0.0,0.03125,,0.0,0.03125,,3.0
20180207T182502Z,0.0,0.03125,,0.0,0.03125,,3.0
20180207T182555Z,0.0,0.03125,,0.0,0.03125,,3.0
20180207T182616Z,0.0,0.03125,,0.0,0.03125,,3.0
20180207T182655Z,0.0,0.03125,,0.0,0.03125,,3.0
20180207T182737Z,0.0,0.03125,,0.0,0.03125,,3.0
20180207T182846Z,0.0,0.03125,,0.0,0.03125,,3.0
20180207T182904Z,0.0,0.03125,,0.0,0.03125,,3.0
20180207T182915Z,0.0,0.03125,,0.0,0.03125,,3.0
20180207T182953Z,0.0,0.03125,,0.0,0.03125,,3.0
20180207T183027Z,0.0,0.03125,,0.0,0.03125,,3.0
20180207T183051Z,0.0,0.03125,,0.0,0.03125,,3.0
20180207T183100Z,0.0,0.03125,,0.0,0.03125,,3.0
20180207T183113Z,0.0,0.03125,,0.0,0.03125,,3.0
20180207T183133Z,0.0,0.03125,,0.0,0.03125,,3.0
20180207T183140Z,0.0,0.03125,,0.0,0.03125,,3.0
20180207T183200Z,0.0,0.03125,,0.0,0.03125,,3.0
20180207T183217Z,0.0,0.03125,,0.0,0.03125,,3.0
20180207T183302Z,0.0,0.03125,,0.0,0.03125,,3.0
20180207T183335Z,0.0,0.03125,,0.0,0.03125,,3.0
20180207T183402Z,0.0,0.03125,,0.0,0.03125,,3.0
20180207T183410Z,0.0,0.03125,,0.0,0.03125,,3.0
20180207T183457Z,0.0,0.03125,,0.0,0.03125,,3.0
20180207T183536Z,0.0,0.03125,,0.0,0.03125,,3.0
20180207T183623Z,0.0,0.03125,,0.0,0.03125,,3.0
20180207T183654Z,0.0,0.03125,,0.0,0.03125,,3.0
20180207T183707Z,0.0,0.03125,,0.0,0.03125,,3.0
20180207T183723Z,0.0,0.03125,,0.0,0.03125,,3.0
20180207T183734Z,0.0,0.03125,,0.0,0.03125,,3.0
20180207T183807Z,0.0,0.03125,,0.0,0.03125,,3.0
20180207T183827Z,0.0,0.03125,,0.0,0.03125,,3.0
20180207T183902Z,0.0,0.03125,,0.0,0.03125,,3.0
20180207T183920Z,0.0,0.03125,,0.0,0.03125,,3.0
20180207T183942Z,0.0,0.03125,,0.0,0.03125,,3.0
20180207T184005Z,0.0,0.03125,,0.0,0.03125,,3.0
20180207T184031Z,0.0,0.03125,,0.0,0.03125,,3.0
20180207T184111Z,0.0,0.03125,,0.0,0.03125,,3.0
20180207T184124Z,0.0,0.03125,,0.0,0.03125,,3.0
20180207T184131Z,0.0,0.03125,,0.0,0.03125,,3.0
20180207T184146Z,0.0,0.03125,,0.0,0.03125,,3.0
20180207T184201Z,0.0,0.03125,,0.0,0.03125,,3.0
20180207T184240Z,0.0,0.03125,,0.0,0.03125,,3.0
20180207T184306Z,0.0,0.03125,,0.0,0.03125,,3.0
20180207T184338Z,0.0,0.03125,,0.0,0.03125,,3.0
20180207T184412Z,0.0,0.03125,,0.0,0.03125,,3.0
20180207T184447Z,0.0,0.03125,,0.0,0.03125,,3.0
20180207T184506Z,0.0,0.03125,,0.0,0.03125,,3.0
20180207T184524Z,0.0,0.03125,,0.0,0.03125,,3.0
20180207T184547Z,0.0,0.03125,,0.0,0.03125,,3.0
20180207T184556Z,0.0,0.03125,,0.0,0.03125,,3.0
20180207T184619Z,0.0,0.03125,,0.0,0.03125,,3.0
20180207T184624Z,0.0,0.03125,,0.0,0.03125,,3.0
20180207T184642Z,0.0,0.03125,,0.0,0.03125,,3.0
20180207T184657Z,0.0,0.03125,,0.0,0.03125,,3.0
20180207T184718Z,0.0,0.03125,,0.0,0.03125,,3.0
20180207T184740Z,0.0,0.03125,,0.0,0.03125,,3.0
20180207T184803Z,0.0,0.03125,,0.0,0.03125,,3.0
20180207T184838Z,0.0,0.03125,,0.0,0.03125,,3.0
20180207T184857Z,0.0,0.03125,,0.0,0.03125,,3.0
20180207T184927Z,0.0,0.03125,,0.0,0.03125,,3.0
20180207T184941Z,0.0,0.03125,,0.0,0.03125,,3.0
20180207T184949Z,0.0,0.03125,,0.0,0.03125,,3.0
20180207T185030Z,0.0,0.03125,,0.0,0.03125,,3.0
20180207T185041Z,0.0,0.03125,,0.0,0.03125,,3.0
20180207T185131Z,0.0,0.03125,,0.0,0.03125,,3.0
20180207T185209Z,0.0,0.03125,,0.0,0.03125,,3.0
20180207T185240Z,0.0,0.03125,,0.0,0.03125,,3.0
20180207T185257Z,0.0,0.03125,,0.0,0.03125,,3.0
20180207T185323Z,0.0,0.03125,,0.0,0.03125,,3.0
20180207T185333Z,0.0,0.03125,,0.0,0.03125,,3.0
20180207T185357Z,0.0,0.03125,,0.0,0.03125,,3.0
20180207T185420Z,0.0,0.03125,,0.0,0.03125,,3.0
20180207T185437Z,0.0,0.03125,,0.0,0.03125,,3.0
20180207T185505Z,0.0,0.03125,,0.0,0.03125,,3.0
20180207T185513Z,0.0,0.03125,,0.0,0.03125,,3.0
20180207T185546Z,0.0,0.03125,,0.0,0.03125,,3.0
20180207T185554Z,0.0,0.03125,,0.0,0.03125,,3.0
20180207T185620Z,0.0,0.03125,,0.0,0.03125,,3.0
20180207T185638Z,0.0,0.03125,,0.0,0.03125,,3.0
20180207T185647Z,0.0,0.03125,,0.0,0.03125,,3.0
20180207T185658Z,0.0,0.03125,,0.0,0.03125,,3.0
20180207T185719Z,0.0,0.03125,,0.0,0.03125,,3.0
20180207T185729Z,0.0,0.03125,,0.0,0.03125,,3.0
20180207T185744Z,0.0,0.03125,,0.0,0.03125,,3.0
20180207T185757Z,0.0,0.03125,,0.0,0.03125,,3.0
20180207T185808Z,0.0,0.03125,,0.0,0.03125,,3.0
20180207T185830Z,0.0,0.03125,,0.0,0.03125,,3.0
20180207T185839Z,0.0,0.03125,,0.0,0.03125,,3.0
20180207T185900Z,0.0,0.03125,,0.0,0.03125,,3.0
20180207T185927Z,0.0,0.03125,,0.0,0.03125,,3.0
20180207T185954Z,0.0,0.03125,,0.0,0.03125,,3.0
20180207T190022Z,0.0,0.03125,,0.0,0.03125,,3.0
20180207T190058Z,0.0,0.03125,,0.0,0.03125,,3.0
20180207T190125Z,0.0,0.03125,,0.0,0.03125,,3.0
20180207T190141Z,0.0,0.03125,,0.0,0.03125,,3.0
20180207T190206Z,0.0,0.03125,,0.0,0.03125,,3.0
20180207T190221Z,0.0,0.03125,,0.0,0.03125,,3.0
20180207T190236Z,0.0,0.03125,,0.0,0.03125,,3.0
20180207T190259Z,0.0,0.03125,,0.0,0.03125,,3.0
20180207T190324Z,0.0,0.03125,,0.0,0.03125,,3.0
20180207T190340Z,0.0,0.03125,,0.0,0.03125,,3.0
20180207T190358Z,0.0,0.03125,,0.0,0.03125,,3.0
20180207T190414Z,0.0,0.03125,,0.0,0.03125,,3.0
20180207T190421Z,0.0,0.03125,,0.0,0.03125,,3.0
20180207T190430Z,0.0,0.03125,,0.0,0.03125,,3.0
20180207T190449Z,0.0,0.03125,,0.0,0.03125,,3.0
20180207T190525Z,0.0,0.03125,,0.0,0.03125,,3.0
20180207T190553Z,0.0,0.03125,,0.0,0.03125,,3.0
20180207T190637Z,0.0,0.03125,,0.0,0.03125,,3.0
20180207T190655Z,0.0,0.03125,,0.0,0.03125,,3.0
20180207T190718Z,0.0,0.03125,,0.0,0.03125,,3.0
20180207T190736Z,0.0,0.03125,,0.0,0.03125,,3.0
20180207T190752Z,0.0,0.03125,,0.0,0.03125,,3.0
20180207T190805Z,0.0,0.03125,,0.0,0.03125,,3.0
20180207T190820Z,0.0,0.03125,,0.0,0.03125,,3.0
20180207T190829Z,0.0,0.03125,,0.0,0.03125,,3.0
20180207T190910Z,0.0,0.03125,,0.0,0.03125,,3.0
20180207T190932Z,0.0,0.03125,,0.0,0.03125,,3.0
20180207T190944Z,0.0,0.03125,,0.0,0.03125,,3.0
20180207T190957Z,0.0,0.03125,,0.0,0.03125,,3.0
20180207T191031Z,0.0,0.03125,,0.0,0.03125,,3.0
20180207T191106Z,0.0,0.03125,,0.0,0.03125,,3.0
20180207T191117Z,0.0,0.03125,,0.0,0.03125,,3.0
20180207T191133Z,0.0,0.03125,,0.0,0.03125,,3.0
20180207T191151Z,0.0,0.03125,,0.0,0.03125,,3.0
20180207T191237Z,0.0,0.03125,,0.0,0.03125,,3.0
20180207T191250Z,0.0,0.03125,,0.0,0.03125,,3.0
20180207T191341Z,0.0,0.03125,,0.0,0.03125,,3.0
20180207T191403Z,0.0,0.03125,,0.0,0.03125,,3.0
20180207T191424Z,0.0,0.03125,,0.0,0.03125,,3.0
20180207T191458Z,0.0,0.03125,,0.0,0.03125,,3.0
20180207T191521Z,0.0,0.03125,,0.0,0.03125,,3.0
20180207T191534Z,0.0,0.03125,,0.0,0.03125,,3.0
20180207T191553Z,0.0,0.03125,,0.0,0.03125,,3.0
20180207T191607Z,0.0,0.03125,,0.0,0.03125,,3.0
20180207T191629Z,0.0,0.03125,,0.0,0.03125,,3.0
20180207T191652Z,0.0,0.03125,,0.0,0.03125,,3.0
20180207T191706Z,0.0,0.03125,,0.0,0.03125,,3.0
20180207T191725Z,0.0,0.03125,,0.0,0.03125,,3.0
20180207T191739Z,0.0,0.03125,,0.0,0.03125,,3.0
20180207T191759Z,0.0,0.03125,,0.0,0.03125,,3.0
20180207T191823Z,0.0,0.03125,,0.0,0.03125,,3.0
20180207T191831Z,0.0,0.03125,,0.0,0.03125,,3.0
20180207T191852Z,0.0,0.03125,,0.0,0.03125,,3.0
20180207T191911Z,0.0,0.03125,,0.0,0.03125,,3.0
20180207T191930Z,0.0,0.03125,,0.0,0.03125,,3.0
20180207T191940Z,0.0,0.03125,,0.0,0.03125,,3.0
20180207T192004Z,0.0,0.03125,,0.0,0.03125,,3.0
20180207T192023Z,0.0,0.03125,,0.0,0.03125,,3.0
20180207T192029Z,0.0,0.03125,,0.0,0.03125,,3.0
20180207T192051Z,0.0,0.03125,,0.0,0.03125,,3.0
20180207T192104Z,0.0,0.03125,,0.0,0.03125,,3.0
20180207T192112Z,0.0,0.03125,,0.0,0.03125,,3.0
20180207T192142Z,0.0,0.03125,,0.0,0.03125,,3.0
20180207T192225Z,0.0,0.03125,,0.0,0.03125,,3.0
20180207T192256Z,0.0,0.03125,,0.0,0.03125,,3.0
20180207T192314Z,0.0,0.03125,,0.0,0.03125,,3.0
20180207T192353Z,0.0,0.03125,,0.0,0.03125,,3.0
20180207T192400Z,0.0,0.03125,,0.0,0.03125,,3.0
20180207T192406Z,0.0,0.03125,,0.0,0.03125,,3.0
20180207T192430Z,0.0,0.03125,,0.0,0.03125,,3.0
20180207T192443Z,0.0,0.03125,,0.0,0.03125,,3.0
20180207T192500Z,0.0,0.03125,,0.0,0.03125,,3.0
20180207T192547Z,0.0,0.03125,,0.0,0.03125,,3.0
20180207T192608Z,0.0,0.03125,,0.0,0.03125,,3.0
20180207T192635Z,0.0,0.03125,,0.0,0.03125,,3.0
20180207T192713Z,0.0,0.03125,,0.0,0.03125,,3.0
20180207T192719Z,0.0,0.03125,,0.0,0.03125,,3.0
20180207T192730Z,0.0,0.03125,,0.0,0.03125,,3.0
20180207T192758Z,0.0,0.03125,,0.0,0.03125,,3.0
20180207T192809Z,0.0,0.03125,,0.0,0.03125,,3.0
20180207T192845Z,0.0,0.03125,,0.0,0.03125,,3.0
20180207T192859Z,0.0,0.03125,,0.0,0.03125,,3.0
20180207T192925Z,0.0,0.03125,,0.0,0.03125,,3.0
20180207T192938Z,0.0,0.03125,,0.0,0.03125,,3.0
20180207T193003Z,0.0,0.03125,,0.0,0.03125,,3.0
20180207T193019Z,0.0,0.03125,,0.0,0.03125,,3.0
20180207T193057Z,0.0,0.03125,,0.0,0.03125,,3.0
20180207T193137Z,0.0,0.03125,,0.0,0.03125,,3.0
20180207T193158Z,0.0,0.03125,,0.0,0.03125,,3.0
20180207T193213Z,0.0,0.03125,,0.0,0.03125,,3.0
20180207T193228Z,0.0,0.03125,,0.0,0.03125,,3.0
20180207T193246Z,0.0,0.03125,,0.0,0.03125,,3.0
20180207T193329Z,0.0,0.03125,,0.0,0.03125,,3.0
20180207T193346Z,0.0,0.03125,,0.0,0.03125,,3.0
20180207T193355Z,0.0,0.03125,,0.0,0.03125,,3.0
20180207T193430Z,0.0,0.03125,,0.0,0.03125,,3.0
20180207T193445Z,0.0,0.03125,,0.0,0.03125,,3.0
20180207T193455Z,0.0,0.03125,,0.0,0.03125,,3.0
20180207T193524Z,0.0,0.03125,,0.0,0.03125,,3.0
20180207T193550Z,0.0,0.03125,,0.0,0.03125,,3.0
20180207T193615Z,0.0,0.03125,,0.0,0.03125,,3.0
20180207T193624Z,0.0,0.03125,,0.0,0.03125,,3.0
20180207T193639Z,0.0,0.03125,,0.0,0.03125,,3.0
20180207T193645Z,0.0,0.03125,,0.0,0.03125,,3.0
20180207T193657Z,0.0,0.03125,,0.0,0.03125,,3.0
20180207T193712Z,0.0,0.03125,,0.0,0.03125,,3.0
20180207T193739Z,0.0,0.03125,,0.0,0.03125,,3.0
20180207T193801Z,0.0,0.03125,,0.0,0.03125,,3.0
20180207T193825Z,0.0,0.03125,,0.0,0.03125,,3.0
20180207T193844Z,0.0,0.03125,,0.0,0.03125,,3.0
20180207T193854Z,0.0,0.03125,,0.0,0.03125,,3.0
20180207T193910Z,0.0,0.03125,,0.0,0.03125,,3.0
20180207T193934Z,0.0,0.03125,,0.0,0.03125,,3.0
20180207T194006Z,0.0,0.03125,,0.0,0.03125,,3.0
20180207T194034Z,0.0,0.03125,,0.0,0.03125,,3.0
20180207T194050Z,0.0,0.03125,,0.0,0.03125,,3.0
20180207T194110Z,0.0,0.03125,,0.0,0.03125,,3.0
20180207T194136Z,0.0,0.03125,,0.0,0.03125,,3.0
20180207T194215Z,0.0,0.03125,,0.0,0.03125,,3.0
20180207T194246Z,0.0,0.03125,,0.0,0.03125,,3.0
20180207T194257Z,0.0,0.03125,,0.0,0.03125,,3.0
20180207T194325Z,0.0,0.03125,,0.0,0.03125,,3.0
20180207T194404Z,0.0,0.03125,,0.0,0.03125,,3.0
20180207T194445Z,0.0,0.03125,,0.0,0.03125,,3.0
20180207T194458Z,0.0,0.03125,,0.0,0.03125,,3.0
20180207T194523Z,0.0,0.03125,,0.0,0.03125,,3.0
20180207T194540Z,0.0,0.03125,,0.0,0.03125,,3.0
20180207T194607Z,0.0,0.03125,,0.0,0.03125,,3.0
20180207T194627Z,0.0,0.03125,,0.0,0.03125,,3.0
20180207T194648Z,0.0,0.03125,,0.0,0.03125,,3.0
20180207T194716Z,0.0,0.03125,,0.0,0.03125,,3.0
20180207T194724Z,0.0,0.03125,,0.0,0.03125,,3.0
20180207T194744Z,0.0,0.03125,,0.0,0.03125,,3.0
20180207T194811Z,0.0,0.03125,,0.0,0.03125,,3.0
20180207T194829Z,0.0,0.03125,,0.0,0.03125,,3.0
20180207T194907Z,0.0,0.03125,,0.0,0.03125,,3.0
20180207T194922Z,0.0,0.03125,,0.0,0.03125,,3.0
20180207T194934Z,0.0,0.03125,,0.0,0.03125,,3.0
20180207T195007Z,0.0,0.03125,,0.0,0.03125,,3.0
20180207T195034Z,0.0,0.03125,,0.0,0.03125,,3.0
20180207T195049Z,0.0,0.03125,,0.0,0.03125,,3.0
20180207T195133Z,0.0,0.03125,,0.0,0.03125,,3.0
20180207T195219Z,0.0,0.03125,,0.0,0.03125,,3.0
20180207T195235Z,0.0,0.03125,,0.0,0.03125,,3.0
20180207T195308Z,0.0,0.03125,,0.0,0.03125,,3.0
20180207T195331Z,0.0,0.03125,,0.0,0.03125,,3.0
20180207T195354Z,0.0,0.03125,,0.0,0.03125,,3.0
20180207T195409Z,0.0,0.03125,,0.0,0.03125,,3.0
20180207T195441Z,0.0,0.03125,,0.0,0.03125,,3.0
20180207T195508Z,0.0,0.03125,,0.0,0.03125,,3.0
20180207T195528Z,0.0,0.03125,,0.0,0.03125,,3.0
20180207T195557Z,0.0,0.03125,,0.0,0.03125,,3.0
20180207T195607Z,0.0,0.03125,,0.0,0.03125,,3.0
20180207T195626Z,0.0,0.03125,,0.0,0.03125,,3.0
20180207T195656Z,0.0,0.03125,,0.0,0.03125,,3.0
20180207T195728Z,0.0,0.03125,,0.0,0.03125,,3.0
20180207T195746Z,0.0,0.03125,,0.0,0.03125,,3.0
20180207T195801Z,0.0,0.03125,,0.0,0.03125,,3.0
20180207T195817Z,0.0,0.03125,,0.0,0.03125,,3.0
20180207T195827Z,0.0,0.03125,,0.0,0.03125,,3.0
20180207T195848Z,0.0,0.03125,,0.0,0.03125,,3.0
20180207T195908Z,0.0,0.03125,,0.0,0.03125,,3.0
20180207T200000Z,0.0,0.03125,,0.0,0.03125,,3.0
20180207T200025Z,0.0,0.03125,,0.0,0.03125,,3.0
20180207T200048Z,0.0,0.03125,,0.0,0.03125,,3.0
20180207T200117Z,0.0,0.03125,,0.0,0.03125,,3.0
20180207T200130Z,0.0,0.03125,,0.0,0.03125,,3.0
20180207T200143Z,0.0,0.03125,,0.0,0.03125,,3.0
20180207T200151Z,0.0,0.03125,,0.0,0.03125,,3.0
20180207T200218Z,0.0,0.03125,,0.0,0.03125,,3.0
20180207T200230Z,0.0,0.03125,,0.0,0.03125,,3.0
20180207T200253Z,0.0,0.03125,,0.0,0.03125,,3.0
20180207T200311Z,0.0,0.03125,,0.0,0.03125,,3.0
20180207T200320Z,0.0,0.03125,,0.0,0.03125,,3.0
20180207T200346Z,0.0,0.03125,,0.0,0.03125,,3.0
20180207T200403Z,0.0,0.03125,,0.0,0.03125,,3.0
20180207T200411Z,0.0,0.03125,,0.0,0.03125,,3.0
20180207T200430Z,0.0,0.03125,,0.0,0.03125,,3.0
20180207T200446Z,0.0,0.03125,,0.0,0.03125,,3.0
20180207T200454Z,0.0,0.03125,,0.0,0.03125,,3.0
20180207T200506Z,0.0,0.03125,,0.0,0.03125,,3.0
20180207T200525Z,0.0,0.03125,,0.0,0.03125,,3.0
20180207T200542Z,0.0,0.03125,,0.0,0.03125,,3.0
20180207T200550Z,0.0,0.03125,,0.0,0.03125,,3.0
20180207T200603Z,0.0,0.03125,,0.0,0.03125,,3.0
20180207T200623Z,0.0,0.03125,,0.0,0.03125,,3.0
20180207T200652Z,0.0,0.03125,,0.0,0.03125,,3.0
20180207T200742Z,0.0,0.03125,,0.0,0.03125,,3.0
20180207T200757Z,0.0,0.03125,,0.0,0.03125,,3.0
20180207T200834Z,0.0,0.03125,,0.0,0.03125,,3.0
20180207T200854Z,0.0,0.03125,,0.0,0.03125,,3.0
20180207T200908Z,0.0,0.03125,,0.0,0.03125,,3.0
20180207T200918Z,0.0,0.03125,,0.0,0.03125,,3.0
20180207T200936Z,0.0,0.03125,,0.0,0.03125,,3.0
20180207T200951Z,0.0,0.03125,,0.0,0.03125,,3.0
20180207T201014Z,0.0,0.03125,,0.0,0.03125,,3.0
20180207T201025Z,0.0,0.03125,,0.0,0.03125,,3.0
20180207T201103Z,0.0,0.03125,,0.0,0.03125,,3.0
20180207T201124Z,0.0,0.03125,,0.0,0.03125,,3.0
20180207T201143Z,0.0,0.03125,,0.0,0.03125,,3.0
20180207T201202Z,0.0,0.03125,,0.0,0.03125,,3.0
20180207T201230Z,0.0,0.03125,,0.0,0.03125,,3.0
20180207T201245Z,0.0,0.03125,,0.0,0.03125,,3.0
20180207T201326Z,0.0,0.03125,,0.0,0.03125,,3.0
20180207T201349Z,0.0,0.03125,,0.0,0.03125,,3.0
20180207T201410Z,0.0,0.03125,,0.0,0.03125,,3.0
20180207T201434Z,0.0,0.03125,,0.0,0.03125,,3.0
20180207T201454Z,0.0,0.03125,,0.0,0.03125,,3.0
20180207T201511Z,0.0,0.03125,,0.0,0.03125,,3.0
20180207T201524Z,0.0,0.03125,,0.0,0.03125,,3.0
20180207T201540Z,0.0,0.03125,,0.0,0.03125,,3.0
20180207T201550Z,0.0,0.03125,,0.0,0.03125,,3.0
20180207T201628Z,0.0,0.03125,,0.0,0.03125,,3.0
20180207T201646Z,0.0,0.03125,,0.0,0.03125,,3.0
20180207T201710Z,0.0,0.03125,,0.0,0.03125,,3.0
20180207T201737Z,0.0,0.03125,,0.0,0.03125,,3.0
20180207T201801Z,0.0,0.03125,,0.0,0.03125,,3.0
20180207T201839Z,0.0,0.03125,,0.0,0.03125,,3.0
20180207T201854Z,0.0,0.03125,,0.0,0.03125,,3.0
20180207T201910Z,0.0,0.03125,,0.0,0.03125,,3.0
20180207T201919Z,0.0,0.03125,,0.0,0.03125,,3.0
20180207T201933Z,0.0,0.03125,,0.0,0.03125,,3.0
20180207T201941Z,0.0,0.03125,,0.0,0.03125,,3.0
20180207T201958Z,0.0,0.03125,,0.0,0.03125,,3.0
20180207T202019Z,0.0,0.03125,,0.0,0.03125,,3.0
20180207T202043Z,0.0,0.03125,,0.0,0.03125,,3.0
20180207T202051Z,0.0,0.03125,,0.0,0.03125,,3.0
20180207T202106Z,0.0,0.03125,,0.0,0.03125,,3.0
20180207T202135Z,0.0,0.03125,,0.0,0.03125,,3.0
20180207T202154Z,0.0,0.03125,,0.0,0.03125,,3.0
20180207T202218Z,0.0,0.03125,,0.0,0.03125,,3.0
20180207T202243Z,0.0,0.03125,,0.0,0.03125,,3.0
20180207T202252Z,0.0,0.03125,,0.0,0.03125,,3.0
20180207T202303Z,0.0,0.03125,,0.0,0.03125,,3.0
20180207T202311Z,0.0,0.03125,,0.0,0.03125,,3.0
20180207T202327Z,0.0,0.03125,,0.0,0.03125,,3.0
20180207T202338Z,0.0,0.03125,,0.0,0.03125,,3.0
20180207T202356Z,0.0,0.03125,,0.0,0.03125,,3.0
20180207T202402Z,0.0,0.03125,,0.0,0.03125,,3.0
20180207T202429Z,0.0,0.03125,,0.0,0.03125,,3.0
20180207T202444Z,0.0,0.03125,,0.0,0.03125,,3.0
20180207T202451Z,0.0,0.03125,,0.0,0.03125,,3.0
20180207T202459Z,0.0,0.03125,,0.0,0.03125,,3.0
20180207T202514Z,0.0,0.03125,,0.0,0.03125,,3.0
20180207T202534Z,0.0,0.03125,,0.0,0.03125,,3.0
20180207T202559Z,0.0,0.03125,,0.0,0.03125,,3.0
20180207T202606Z,0.0,0.03125,,0.0,0.03125,,3.0
20180207T202628Z,0.0,0.03125,,0.0,0.03125,,3.0
20180207T202712Z,0.0,0.03125,,0.0,0.03125,,3.0
20180207T202736Z,0.0,0.03125,,0.0,0.03125,,3.0
20180207T202809Z,0.0,0.03125,,0.0,0.03125,,3.0
20180207T202854Z,0.0,0.03125,,0.0,0.03125,,3.0
20180207T202903Z,0.0,0.03125,,0.0,0.03125,,3.0
20180207T202929Z,0.0,0.03125,,0.0,0.03125,,3.0
20180207T202938Z,0.0,0.03125,,0.0,0.03125,,3.0
20180207T202946Z,0.0,0.03125,,0.0,0.03125,,3.0
20180207T203022Z,0.0,0.03125,,0.0,0.03125,,3.0
20180207T203032Z,0.0,0.03125,,0.0,0.03125,,3.0
20180207T203044Z,0.0,0.03125,,0.0,0.03125,,3.0
20180207T203102Z,0.0,0.03125,,0.0,0.03125,,3.0
20180207T203114Z,0.0,0.03125,,0.0,0.03125,,3.0
20180207T203139Z,0.0,0.03125,,0.0,0.03125,,3.0
20180207T203207Z,0.0,0.03125,,0.0,0.03125,,3.0
20180207T203219Z,0.0,0.03125,,0.0,0.03125,,3.0
20180207T203236Z,0.0,0.03125,,0.0,0.03125,,3.0
20180207T203247Z,0.0,0.03125,,0.0,0.03125,,3.0
20180207T203306Z,0.0,0.03125,,0.0,0.03125,,3.0
20180207T203328Z,0.0,0.03125,,0.0,0.03125,,3.0
20180207T203340Z,0.0,0.03125,,0.0,0.03125,,3.0
20180207T203401Z,0.0,0.03125,,0.0,0.03125,,3.0
20180207T203425Z,0.0,0.03125,,0.0,0.03125,,3.0
20180207T203443Z,0.0,0.03125,,0.0,0.03125,,3.0
20180207T203456Z,0.0,0.03125,,0.0,0.03125,,3.0
20180207T203509Z,0.0,0.03125,,0.0,0.03125,,3.0
20180207T203516Z,0.0,0.03125,,0.0,0.03125,,3.0
20180207T203534Z,0.0,0.03125,,0.0,0.03125,,3.0
20180207T203604Z,0.0,0.03125,,0.0,0.03125,,3.0
20180207T203618Z,0.0,0.03125,,0.0,0.03125,,3.0
20180207T203630Z,0.0,0.03125,,0.0,0.03125,,3.0
20180207T203645Z,0.0,0.03125,,0.0,0.03125,,3.0
20180207T203723Z,0.0,0.03125,,0.0,0.03125,,3.0
20180207T203731Z,0.0,0.03125,,0.0,0.03125,,3.0
20180207T203756Z,0.0,0.03125,,0.0,0.03125,,3.0
20180207T203814Z,0.0,0.03125,,0.0,0.03125,,3.0
20180207T203833Z,0.0,0.03125,,0.0,0.03125,,3.0
20180207T203854Z,0.0,0.03125,,0.0,0.03125,,3.0
20180207T203924Z,0.0,0.03125,,0.0,0.03125,,3.0
20180207T203942Z,0.0,0.03125,,0.0,0.03125,,3.0
20180207T203950Z,0.0,0.03125,,0.0,0.03125,,3.0
20180207T204022Z,0.0,0.03125,,0.0,0.03125,,3.0
20180207T204051Z,0.0,0.03125,,0.0,0.03125,,3.0
20180207T204111Z,0.0,0.03125,,0.0,0.03125,,3.0
20180207T204129Z,0.0,0.03125,,0.0,0.03125,,3.0
20180207T204148Z,0.0,0.03125,,0.0,0.03125,,3.0
20180207T204202Z,0.0,0.03125,,0.0,0.03125,,3.0
20180207T204224Z,0.0,0.03125,,0.0,0.03125,,3.0
20180207T204242Z,0.0,0.03125,,0.0,0.03125,,3.0
20180207T204256Z,0.0,0.03125,,0.0,0.03125,,3.0
20180207T204332Z,0.0,0.03125,,0.0,0.03125,,3.0
20180207T204411Z,0.0,0.03125,,0.0,0.03125,,3.0
20180207T204420Z,0.0,0.03125,,0.0,0.03125,,3.0
20180207T204437Z,0.0,0.03125,,0.0,0.03125,,3.0
20180207T204514Z,0.0,0.03125,,0.0,0.03125,,3.0
20180207T204555Z,0.0,0.03125,,0.0,0.03125,,3.0
20180207T204623Z,0.0,0.03125,,0.0,0.03125,,3.0
20180207T204704Z,0.0,0.03125,,0.0,0.03125,,3.0
20180207T204716Z,0.0,0.03125,,0.0,0.03125,,3.0
20180207T204729Z,0.0,0.03125,,0.0,0.03125,,3.0
20180207T204749Z,0.0,0.03125,,0.0,0.03125,,3.0
20180207T204814Z,0.0,0.03125,,0.0,0.03125,,3.0
20180207T204849Z,0.0,0.03125,,0.0,0.03125,,3.0
20180207T204905Z,0.0,0.03125,,0.0,0.03125,,3.0
20180207T204929Z,0.0,0.03125,,0.0,0.03125,,3.0
20180207T204939Z,0.0,0.03125,,0.0,0.03125,,3.0
20180207T204948Z,0.0,0.03125,,0.0,0.03125,,3.0
20180207T205016Z,0.0,0.03125,,0.0,0.03125,,3.0
20180207T205030Z,0.0,0.03125,,0.0,0.03125,,3.0
20180207T205044Z,0.0,0.03125,,0.0,0.03125,,3.0
20180207T205115Z,0.0,0.03125,,0.0,0.03125,,3.0
20180207T205139Z,0.0,0.03125,,0.0,0.03125,,3.0
20180207T205229Z,0.0,0.03125,,0.0,0.03125,,3.0
20180207T205249Z,0.0,0.03125,,0.0,0.03125,,3.0
20180207T205310Z,0.0,0.03125,,0.0,0.03125,,3.0
20180207T205324Z,0.0,0.03125,,0.0,0.03125,,3.0
20180207T205339Z,0.0,0.03125,,0.0,0.03125,,3.0
20180207T205404Z,0.0,0.03125,,0.0,0.03125,,3.0
20180207T205414Z,0.0,0.03125,,0.0,0.03125,,3.0
20180207T205429Z,0.0,0.03125,,0.0,0.03125,,3.0
20180207T205454Z,0.0,0.03125,,0.0,0.03125,,3.0
20180207T205504Z,0.0,0.03125,,0.0,0.03125,,3.0
20180207T205517Z,0.0,0.03125,,0.0,0.03125,,3.0
20180207T205546Z,0.0,0.03125,,0.0,0.03125,,3.0
20180207T205621Z,0.0,0.03125,,0.0,0.03125,,3.0
20180207T205635Z,0.0,0.03125,,0.0,0.03125,,3.0
20180207T205658Z,0.0,0.03125,,0.0,0.03125,,3.0
20180207T205710Z,0.0,0.03125,,0.0,0.03125,,3.0
20180207T205730Z,0.0,0.03125,,0.0,0.03125,,3.0
20180207T205740Z,0.0,0.03125,,0.0,0.03125,,3.0
20180207T205804Z,0.0,0.03125,,0.0,0.03125,,3.0
20180207T205818Z,0.0,0.03125,,0.0,0.03125,,3.0
20180207T205853Z,0.0,0.03125,,0.0,0.03125,,3.0
20180207T205910Z,0.0,0.03125,,0.0,0.03125,,3.0
20180207T205933Z,0.0,0.03125,,0.0,0.03125,,3.0
20180207T205949Z,0.0,0.03125,,0.0,0.03125,,3.0
20180207T210006Z,0.0,0.03125,,0.0,0.03125,,3.0
20180207T210025Z,0.0,0.03125,,0.0,0.03125,,3.0
20180207T210035Z,0.0,0.03125,,0.0,0.03125,,3.0
20180207T210045Z,0.0,0.03125,,0.0,0.03125,,3.0
20180207T210056Z,0.0,0.03125,,0.0,0.03125,,3.0
20180207T210122Z,0.0,0.03125,,0.0,0.03125,,3.0
20180207T210135Z,0.0,0.03125,,0.0,0.03125,,3.0
20180207T210145Z,0.0,0.03125,,0.0,0.03125,,3.0
20180207T210201Z,0.0,0.03125,,0.0,0.03125,,3.0
20180207T210232Z,0.0,0.03125,,0.0,0.03125,,3.0
20180207T210251Z,0.0,0.03125,,0.0,0.03125,,3.0
20180207T210318Z,0.0,0.03125,,0.0,0.03125,,3.0
20180207T210340Z,0.0,0.03125,,0.0,0.03125,,3.0
20180207T210402Z,0.0,0.03125,,0.0,0.03125,,3.0
20180207T210426Z,0.0,0.03125,,0.0,0.03125,,3.0
20180207T210443Z,0.0,0.03125,,0.0,0.03125,,3.0
20180207T210502Z,0.0,0.03125,,0.0,0.03125,,3.0
20180207T210533Z,0.0,0.03125,,0.0,0.03125,,3.0
20180207T210555Z,0.0,0.03125,,0.0,0.03125,,3.0
20180207T210612Z,0.0,0.03125,,0.0,0.03125,,3.0
20180207T210621Z,0.0,0.03125,,0.0,0.03125,,3.0
20180207T210630Z,0.0,0.03125,,0.0,0.03125,,3.0
20180207T210711Z,0.0,0.03125,,0.0,0.03125,,3.0
20180207T210743Z,0.0,0.03125,,0.0,0.03125,,3.0
20180207T210756Z,0.0,0.03125,,0.0,0.03125,,3.0
20180207T210816Z,0.0,0.03125,,0.0,0.03125,,3.0
20180207T210842Z,0.0,0.03125,,0.0,0.03125,,3.0
20180207T210907Z,0.0,0.03125,,0.0,0.03125,,3.0
20180207T210926Z,0.0,0.03125,,0.0,0.03125,,3.0
20180207T210933Z,0.0,0.03125,,0.0,0.03125,,3.0
20180207T210951Z,0.0,0.03125,,0.0,0.03125,,3.0
20180207T211020Z,0.0,0.03125,,0.0,0.03125,,3.0
20180207T211033Z,0.0,0.03125,,0.0,0.03125,,3.0
20180207T211040Z,0.0,0.03125,,0.0,0.03125,,3.0
20180207T211053Z,0.0,0.03125,,0.0,0.03125,,3.0
20180207T211116Z,0.0,0.03125,,0.0,0.03125,,3.0
20180207T211141Z,0.0,0.03125,,0.0,0.03125,,3.0
20180207T211210Z,0.0,0.03125,,0.0,0.03125,,3.0
20180207T211226Z,0.0,0.03125,,0.0,0.03125,,3.0
20180207T211234Z,0.0,0.03125,,0.0,0.03125,,3.0
20180207T211253Z,0.0,0.03125,,0.0,0.03125,,3.0
20180207T211303Z,0.0,0.03125,,0.0,0.03125,,3.0
20180207T211320Z,0.0,0.03125,,0.0,0.03125,,3.0
20180207T211326Z,0.0,0.03125,,0.0,0.03125,,3.0
20180207T211347Z,0.0,0.03125,,0.0,0.03125,,3.0
20180207T211432Z,0.0,0.03125,,0.0,0.03125,,3.0
20180207T211458Z,0.0,0.03125,,0.0,0.03125,,3.0
20180207T211525Z,0.0,0.03125,,0.0,0.03125,,3.0
20180207T211534Z,0.0,0.03125,,0.0,0.03125,,3.0
20180207T211553Z,0.0,0.03125,,0.0,0.03125,,3.0
20180207T211615Z,0.0,0.03125,,0.0,0.03125,,3.0
20180207T211633Z,0.0,0.03125,,0.0,0.03125,,3.0
20180207T211655Z,0.0,0.03125,,0.0,0.03125,,3.0
20180207T211706Z,0.0,0.03125,,0.0,0.03125,,3.0
20180207T211726Z,0.0,0.03125,,0.0,0.03125,,3.0
20180207T211749Z,0.0,0.03125,,0.0,0.03125,,3.0
20180207T211815Z,0.0,0.03125,,0.0,0.03125,,3.0
20180207T211839Z,0.0,0.03125,,0.0,0.03125,,3.0
20180207T211853Z,0.0,0.03125,,0.0,0.03125,,3.0
20180207T211929Z,0.0,0.03125,,0.0,0.03125,,3.0
20180207T211952Z,0.0,0.03125,,0.0,0.03125,,3.0
20180207T212002Z,0.0,0.03125,,0.0,0.03125,,3.0
20180207T212023Z,0.0,0.03125,,0.0,0.03125,,3.0
20180207T212047Z,0.0,0.03125,,0.0,0.03125,,3.0
20180207T212109Z,0.0,0.03125,,0.0,0.03125,,3.0
20180207T212127Z,0.0,0.03125,,0.0,0.03125,,3.0
20180207T212204Z,0.0,0.03125,,0.0,0.03125,,3.0
20180207T212230Z,0.0,0.03125,,0.0,0.03125,,3.0
20180207T212259Z,0.0,0.03125,,0.0,0.03125,,3.0
20180207T212316Z,0.0,0.03125,,0.0,0.03125,,3.0
20180207T212324Z,0.0,0.03125,,0.0,0.03125,,3.0
20180207T212354Z,0.0,0.03125,,0.0,0.03125,,3.0
20180207T212407Z,0.0,0.03125,,0.0,0.03125,,3.0
20180207T212422Z,0.0,0.03125,,0.0,0.03125,,3.0
20180207T212430Z,0.0,0.03125,,0.0,0.03125,,3.0
20180207T212442Z,0.0,0.03125,,0.0,0.03125,,3.0
20180207T212506Z,0.0,0.03125,,0.0,0.03125,,3.0
20180207T212528Z,0.0,0.03125,,0.0,0.03125,,3.0
20180207T212552Z,0.0,0.03125,,0.0,0.03125,,3.0
20180207T212608Z,0.0,0.03125,,0.0,0.03125,,3.0
20180207T212623Z,0.0,0.03125,,0.0,0.03125,,3.0
20180207T212643Z,0.0,0.03125,,0.0,0.03125,,3.0
20180207T212657Z,0.0,0.03125,,0.0,0.03125,,3.0
20180207T212710Z,0.0,0.03125,,0.0,0.03125,,3.0
20180207T212723Z,0.0,0.03125,,0.0,0.03125,,3.0
20180207T212759Z,0.0,0.03125,,0.0,0.03125,,3.0
20180207T212813Z,0.0,0.03125,,0.0,0.03125,,3.0
20180207T212823Z,0.0,0.03125,,0.0,0.03125,,3.0
20180207T212925Z,0.0,0.03125,,0.0,0.03125,,3.0
20180207T212935Z,0.0,0.03125,,0.0,0.03125,,3.0
20180207T213000Z,0.0,0.03125,,0.0,0.03125,,3.0
20180207T213015Z,0.0,0.03125,,0.0,0.03125,,3.0
20180207T213024Z,0.0,0.03125,,0.0,0.03125,,3.0
20180207T213042Z,0.0,0.03125,,0.0,0.03125,,3.0
20180207T213053Z,0.0,0.03125,,0.0,0.03125,,3.0
20180207T213122Z,0.0,0.03125,,0.0,0.03125,,3.0
20180207T213153Z,0.0,0.03125,,0.0,0.03125,,3.0
20180207T213212Z,0.0,0.03125,,0.0,0.03125,,3.0
20180207T213224Z,0.0,0.03125,,0.0,0.03125,,3.0
20180207T213236Z,0.0,0.03125,,0.0,0.03125,,3.0
20180207T213259Z,0.0,0.03125,,0.0,0.03125,,3.0
20180207T213309Z,0.0,0.03125,,0.0,0.03125,,3.0
20180207T213324Z,0.0,0.03125,,0.0,0.03125,,3.0
20180207T213341Z,0.0,0.03125,,0.0,0.03125,,3.0
20180207T213356Z,0.0,0.03125,,0.0,0.03125,,3.0
20180207T213406Z,0.0,0.03125,,0.0,0.03125,,3.0
20180207T213412Z,0.0,0.03125,,0.0,0.03125,,3.0
20180207T213437Z,0.0,0.03125,,0.0,0.03125,,3.0
20180207T213449Z,0.0,0.03125,,0.0,0.03125,,3.0
20180207T213456Z,0.0,0.03125,,0.0,0.03125,,3.0
20180207T213520Z,0.0,0.03125,,0.0,0.03125,,3.0
20180207T213544Z,0.0,0.03125,,0.0,0.03125,,3.0
20180207T213605Z,0.0,0.03125,,0.0,0.03125,,3.0
20180207T213618Z,0.0,0.03125,,0.0,0.03125,,3.0
20180207T213637Z,0.0,0.03125,,0.0,0.03125,,3.0
20180207T213648Z,0.0,0.03125,,0.0,0.03125,,3.0
20180207T213655Z,0.0,0.03125,,0.0,0.03125,,3.0
20180207T213715Z,0.0,0.03125,,0.0,0.03125,,3.0
20180207T213731Z,0.0,0.03125,,0.0,0.03125,,3.0
20180207T213744Z,0.0,0.03125,,0.0,0.03125,,3.0
20180207T213800Z,0.0,0.03125,,0.0,0.03125,,3.0
20180207T213828Z,0.0,0.03125,,0.0,0.03125,,3.0
20180207T213912Z,0.0,0.03125,,0.0,0.03125,,3.0
20180207T213924Z,0.0,0.03125,,0.0,0.03125,,3.0
20180207T213947Z,0.0,0.03125,,0.0,0.03125,,3.0
20180207T213958Z,0.0,0.03125,,0.0,0.03125,,3.0
20180207T214014Z,0.0,0.03125,,0.0,0.03125,,3.0
20180207T214033Z,0.0,0.03125,,0.0,0.03125,,3.0
20180207T214042Z,0.0,0.03125,,0.0,0.03125,,3.0
20180207T214105Z,0.0,0.03125,,0.0,0.03125,,3.0
20180207T214122Z,0.0,0.03125,,0.0,0.03125,,3.0
20180207T214130Z,0.0,0.03125,,0.0,0.03125,,3.0
20180207T214159Z,0.0,0.03125,,0.0,0.03125,,3.0
20180207T214213Z,0.0,0.03125,,0.0,0.03125,,3.0
20180207T214233Z,0.0,0.03125,,0.0,0.03125,,3.0
20180207T214257Z,0.0,0.03125,,0.0,0.03125,,3.0
20180207T214318Z,0.0,0.03125,,0.0,0.03125,,3.0
20180207T214324Z,0.0,0.03125,,0.0,0.03125,,3.0
20180207T214336Z,0.0,0.03125,,0.0,0.03125,,3.0
20180207T214351Z,0.0,0.03125,,0.0,0.03125,,3.0
20180207T214417Z,0.0,0.03125,,0.0,0.03125,,3.0
20180207T214449Z,0.0,0.03125,,0.0,0.03125,,3.0
20180207T214507Z,0.0,0.03125,,0.0,0.03125,,3.0
20180207T214530Z,0.0,0.03125,,0.0,0.03125,,3.0
20180207T214545Z,0.0,0.03125,,0.0,0.03125,,3.0
20180207T214556Z,0.0,0.03125,,0.0,0.03125,,3.0
20180207T214605Z,0.0,0.03125,,0.0,0.03125,,3.0
20180207T214616Z,0.0,0.03125,,0.0,0.03125,,3.0
20180207T214638Z,0.0,0.03125,,0.0,0.03125,,3.0
20180207T214652Z,0.0,0.03125,,0.0,0.03125,,3.0
20180207T214731Z,0.0,0.03125,,0.0,0.03125,,3.0
20180207T214753Z,0.0,0.03125,,0.0,0.03125,,3.0
20180207T214810Z,0.0,0.03125,,0.0,0.03125,,3.0
20180207T214829Z,0.0,0.03125,,0.0,0.03125,,3.0
20180207T214925Z,0.0,0.03125,,0.0,0.03125,,3.0
20180207T214942Z,0.0,0.03125,,0.0,0.03125,,3.0
20180207T214952Z,0.0,0.03125,,0.0,0.03125,,3.0
20180207T215012Z,0.0,0.03125,,0.0,0.03125,,3.0
20180207T215028Z,0.0,0.03125,,0.0,0.03125,,3.0
20180207T215047Z,0.0,0.03125,,0.0,0.03125,,3.0
20180207T215106Z,0.0,0.03125,,0.0,0.03125,,3.0
20180207T215131Z,0.0,0.03125,,0.0,0.03125,,3.0
20180207T215143Z,0.0,0.03125,,0.0,0.03125,,3.0
20180207T215151Z,0.0,0.03125,,0.0,0.03125,,3.0
20180207T215216Z,0.0,0.03125,,0.0,0.03125,,3.0
20180207T215241Z,0.0,0.03125,,0.0,0.03125,,3.0
20180207T215256Z,0.0,0.03125,,0.0,0.03125,,3.0
20180207T215312Z,0.0,0.03125,,0.0,0.03125,,3.0
20180207T215336Z,0.0,0.03125,,0.0,0.03125,,3.0
20180207T215359Z,0.0,0.03125,,0.0,0.03125,,3.0
20180207T215407Z,0.0,0.03125,,0.0,0.03125,,3.0
20180207T215428Z,0.0,0.03125,,0.0,0.03125,,3.0
20180207T215441Z,0.0,0.03125,,0.0,0.03125,,3.0
20180207T215458Z,0.0,0.03125,,0.0,0.03125,,3.0
20180207T215525Z,0.0,0.03125,,0.0,0.03125,,3.0
20180207T215601Z,0.0,0.03125,,0.0,0.03125,,3.0
20180207T215621Z,0.0,0.03125,,0.0,0.03125,,3.0
20180207T215647Z,0.0,0.03125,,0.0,0.03125,,3.0
20180207T215706Z,0.0,0.03125,,0.0,0.03125,,3.0
20180207T215715Z,0.0,0.03125,,0.0,0.03125,,3.0
20180207T215732Z,0.0,0.03125,,0.0,0.03125,,3.0
20180207T215745Z,0.0,0.03125,,0.0,0.03125,,3.0
20180207T215806Z,0.0,0.03125,,0.0,0.03125,,3.0
20180207T215816Z,0.0,0.03125,,0.0,0.03125,,3.0
20180207T215829Z,0.0,0.03125,,0.0,0.03125,,3.0
20180207T215846Z,0.0,0.03125,,0.0,0.03125,,3.0
20180207T215956Z,0.0,0.03125,,0.0,0.03125,,3.0
20180207T220022Z,0.0,0.03125,,0.0,0.03125,,3.0
20180207T220033Z,0.0,0.03125,,0.0,0.03125,,3.0
20180207T220104Z,0.0,0.03125,,0.0,0.03125,,3.0
20180207T220148Z,0.0,0.03125,,0.0,0.03125,,3.0
20180207T220221Z,0.0,0.03125,,0.0,0.03125,,3.0
20180207T220236Z,0.0,0.03125,,0.0,0.03125,,3.0
20180207T220249Z,0.0,0.03125,,0.0,0.03125,,3.0
20180207T220254Z,0.0,0.03125,,0.0,0.03125,,3.0
20180207T220305Z,0.0,0.03125,,0.0,0.03125,,3.0
20180207T220317Z,0.0,0.03125,,0.0,0.03125,,3.0
20180207T220342Z,0.0,0.03125,,0.0,0.03125,,3.0
20180207T220401Z,0.0,0.03125,,0.0,0.03125,,3.0
20180207T220438Z,0.0,0.03125,,0.0,0.03125,,3.0
20180207T220457Z,0.0,0.03125,,0.0,0.03125,,3.0
20180207T220539Z,0.0,0.03125,,0.0,0.03125,,3.0
20180207T220628Z,0.0,0.03125,,0.0,0.03125,,3.0
20180207T220637Z,0.0,0.03125,,0.0,0.03125,,3.0
20180207T220654Z,0.0,0.03125,,0.0,0.03125,,3.0
20180207T220708Z,0.0,0.03125,,0.0,0.03125,,3.0
20180207T220722Z,0.0,0.03125,,0.0,0.03125,,3.0
20180207T220733Z,0.0,0.03125,,0.0,0.03125,,3.0
20180207T220744Z,0.0,0.03125,,0.0,0.03125,,3.0
20180207T220821Z,0.0,0.03125,,0.0,0.03125,,3.0
20180207T220828Z,0.0,0.03125,,0.0,0.03125,,3.0
20180207T220843Z,0.0,0.03125,,0.0,0.03125,,3.0
20180207T220901Z,0.0,0.03125,,0.0,0.03125,,3.0
20180207T220914Z,0.0,0.03125,,0.0,0.03125,,3.0
20180207T220943Z,0.0,0.03125,,0.0,0.03125,,3.0
20180207T221000Z,0.0,0.03125,,0.0,0.03125,,3.0
20180207T221006Z,0.0,0.03125,,0.0,0.03125,,3.0
20180207T221028Z,0.0,0.03125,,0.0,0.03125,,3.0
20180207T221055Z,0.0,0.03125,,0.0,0.03125,,3.0
20180207T221114Z,0.0,0.03125,,0.0,0.03125,,3.0
20180207T221139Z,0.0,0.03125,,0.0,0.03125,,3.0
20180207T221148Z,0.0,0.03125,,0.0,0.03125,,3.0
20180207T221206Z,0.0,0.03125,,0.0,0.03125,,3.0
20180207T221246Z,0.0,0.03125,,0.0,0.03125,,3.0
20180207T221301Z,0.0,0.03125,,0.0,0.03125,,3.0
20180207T221330Z,0.0,0.03125,,0.0,0.03125,,3.0
20180207T221348Z,0.0,0.03125,,0.0,0.03125,,3.0
20180207T221404Z,0.0,0.03125,,0.0,0.03125,,3.0
20180207T221411Z,0.0,0.03125,,0.0,0.03125,,3.0
20180207T221443Z,0.0,0.03125,,0.0,0.03125,,3.0
20180207T221456Z,0.0,0.03125,,0.0,0.03125,,3.0
20180207T221530Z,0.0,0.03125,,0.0,0.03125,,3.0
20180207T221538Z,0.0,0.03125,,0.0,0.03125,,3.0
20180207T221548Z,0.0,0.03125,,0.0,0.03125,,3.0
20180207T221604Z,0.0,0.03125,,0.0,0.03125,,3.0
20180207T221630Z,0.0,0.03125,,0.0,0.03125,,3.0
20180207T221649Z,0.0,0.03125,,0.0,0.03125,,3.0
20180207T221659Z,0.0,0.03125,,0.0,0.03125,,3.0
20180207T221714Z,0.0,0.03125,,0.0,0.03125,,3.0
20180207T221720Z,0.0,0.03125,,0.0,0.03125,,3.0
20180207T221728Z,0.0,0.03125,,0.0,0.03125,,3.0
20180207T221757Z,0.0,0.03125,,0.0,0.03125,,3.0
20180207T221816Z,0.0,0.03125,,0.0,0.03125,,3.0
20180207T221837Z,0.0,0.03125,,0.0,0.03125,,3.0
20180207T221855Z,0.0,0.03125,,0.0,0.03125,,3.0
20180207T221947Z,0.0,0.03125,,0.0,0.03125,,3.0
20180207T222022Z,0.0,0.03125,,0.0,0.03125,,3.0
20180207T222041Z,0.0,0.03125,,0.0,0.03125,,3.0
20180207T222050Z,0.0,0.03125,,0.0,0.03125,,3.0
20180207T222115Z,0.0,0.03125,,0.0,0.03125,,3.0
20180207T222126Z,0.0,0.03125,,0.0,0.03125,,3.0
20180207T222138Z,0.0,0.03125,,0.0,0.03125,,3.0
20180207T222153Z,0.0,0.03125,,0.0,0.03125,,3.0
20180207T222212Z,0.0,0.03125,,0.0,0.03125,,3.0
20180207T222303Z,0.0,0.03125,,0.0,0.03125,,3.0
20180207T222322Z,0.0,0.03125,,0.0,0.03125,,3.0
20180207T222338Z,0.0,0.03125,,0.0,0.03125,,3.0
20180207T222358Z,0.0,0.03125,,0.0,0.03125,,3.0
20180207T222412Z,0.0,0.03125,,0.0,0.03125,,3.0
20180207T222418Z,0.0,0.03125,,0.0,0.03125,,3.0
20180207T222430Z,0.0,0.03125,,0.0,0.03125,,3.0
20180207T222445Z,0.0,0.03125,,0.0,0.03125,,3.0
20180207T222507Z,0.0,0.03125,,0.0,0.03125,,3.0
20180207T222545Z,0.0,0.03125,,0.0,0.03125,,3.0
20180207T222558Z,0.0,0.03125,,0.0,0.03125,,3.0
20180207T222616Z,0.0,0.03125,,0.0,0.03125,,3.0
20180207T222632Z,0.0,0.03125,,0.0,0.03125,,3.0
20180207T222705Z,0.0,0.03125,,0.0,0.03125,,3.0
20180207T222719Z,0.0,0.03125,,0.0,0.03125,,3.0
20180207T222726Z,0.0,0.03125,,0.0,0.03125,,3.0
20180207T222748Z,0.0,0.03125,,0.0,0.03125,,3.0
20180207T222807Z,0.0,0.03125,,0.0,0.03125,,3.0
20180207T222827Z,0.0,0.03125,,0.0,0.03125,,3.0
20180207T222836Z,0.0,0.03125,,0.0,0.03125,,3.0
20180207T222851Z,0.0,0.03125,,0.0,0.03125,,3.0
20180207T222910Z,0.0,0.03125,,0.0,0.03125,,3.0
20180207T222947Z,0.0,0.03125,,0.0,0.03125,,3.0
20180207T223033Z,0.0,0.03125,,0.0,0.03125,,3.0
20180207T223110Z,0.0,0.03125,,0.0,0.03125,,3.0
20180207T223137Z,0.0,0.03125,,0.0,0.03125,,3.0
20180207T223200Z,0.0,0.03125,,0.0,0.03125,,3.0
20180207T223219Z,0.0,0.03125,,0.0,0.03125,,3.0
20180207T223252Z,0.0,0.03125,,0.0,0.03125,,3.0
20180207T223310Z,0.0,0.03125,,0.0,0.03125,,3.0
20180207T223340Z,0.0,0.03125,,0.0,0.03125,,3.0
20180207T223403Z,0.0,0.03125,,0.0,0.03125,,3.0
20180207T223433Z,0.0,0.03125,,0.0,0.03125,,3.0
20180207T223452Z,0.0,0.03125,,0.0,0.03125,,3.0
20180207T223504Z,0.0,0.03125,,0.0,0.03125,,3.0
20180207T223511Z,0.0,0.03125,,0.0,0.03125,,3.0
20180207T223551Z,0.0,0.03125,,0.0,0.03125,,3.0
20180207T223605Z,0.0,0.03125,,0.0,0.03125,,3.0
20180207T223615Z,0.0,0.03125,,0.0,0.03125,,3.0
20180207T223624Z,0.0,0.03125,,0.0,0.03125,,3.0
20180207T223635Z,0.0,0.03125,,0.0,0.03125,,3.0
20180207T223701Z,0.0,0.03125,,0.0,0.03125,,3.0
20180207T223714Z,0.0,0.03125,,0.0,0.03125,,3.0
20180207T223723Z,0.0,0.03125,,0.0,0.03125,,3.0
20180207T223742Z,0.0,0.03125,,0.0,0.03125,,3.0
20180207T223750Z,0.0,0.03125,,0.0,0.03125,,3.0
20180207T223759Z,0.0,0.03125,,0.0,0.03125,,3.0
20180207T223820Z,0.0,0.03125,,0.0,0.03125,,3.0
20180207T223840Z,0.0,0.03125,,0.0,0.03125,,3.0
20180207T223851Z,0.0,0.03125,,0.0,0.03125,,3.0
20180207T223919Z,0.0,0.03125,,0.0,0.03125,,3.0
20180207T223933Z,0.0,0.03125,,0.0,0.03125,,3.0
20180207T223947Z,0.0,0.03125,,0.0,0.03125,,3.0
20180207T224005Z,0.0,0.03125,,0.0,0.03125,,3.0
20180207T224022Z,0.0,0.03125,,0.0,0.03125,,3.0
20180207T224049Z,0.0,0.03125,,0.0,0.03125,,3.0
20180207T224131Z,0.0,0.03125,,0.0,0.03125,,3.0
20180207T224153Z,0.0,0.03125,,0.0,0.03125,,3.0
20180207T224207Z,0.0,0.03125,,0.0,0.03125,,3.0
20180207T224252Z,0.0,0.03125,,0.0,0.03125,,3.0
20180207T224332Z,0.0,0.03125,,0.0,0.03125,,3.0
20180207T224357Z,0.0,0.03125,,0.0,0.03125,,3.0
20180207T224409Z,0.0,0.03125,,0.0,0.03125,,3.0
20180207T224446Z,0.0,0.03125,,0.0,0.03125,,3.0
20180207T224503Z,0.0,0.03125,,0.0,0.03125,,3.0
20180207T224525Z,0.0,0.03125,,0.0,0.03125,,3.0
20180207T224543Z,0.0,0.03125,,0.0,0.03125,,3.0
20180207T224606Z,0.0,0.03125,,0.0,0.03125,,3.0
20180207T224637Z,0.0,0.03125,,0.0,0.03125,,3.0
20180207T224659Z,0.0,0.03125,,0.0,0.03125,,3.0
20180207T224707Z,0.0,0.03125,,0.0,0.03125,,3.0
20180207T224740Z,0.0,0.03125,,0.0,0.03125,,3.0
20180207T224753Z,0.0,0.03125,,0.0,0.03125,,3.0
20180207T224805Z,0.0,0.03125,,0.0,0.03125,,3.0
20180207T224814Z,0.0,0.03125,,0.0,0.03125,,3.0
20180207T224858Z,0.0,0.03125,,0.0,0.03125,,3.0
20180207T224928Z,0.0,0.03125,,0.0,0.03125,,3.0
20180207T224940Z,0.0,0.03125,,0.0,0.03125,,3.0
20180207T224954Z,0.0,0.03125,,0.0,0.03125,,3.0
20180207T225033Z,0.0,0.03125,,0.0,0.03125,,3.0
20180207T225109Z,0.0,0.03125,,0.0,0.03125,,3.0
20180207T225141Z,0.0,0.03125,,0.0,0.03125,,3.0
20180207T225150Z,0.0,0.03125,,0.0,0.03125,,3.0
20180207T225205Z,0.0,0.03125,,0.0,0.03125,,3.0
20180207T225218Z,0.0,0.03125,,0.0,0.03125,,3.0
20180207T225249Z,0.0,0.03125,,0.0,0.03125,,3.0
20180207T225301Z,0.0,0.03125,,0.0,0.03125,,3.0
20180207T225326Z,0.0,0.03125,,0.0,0.03125,,3.0
20180207T225339Z,0.0,0.03125,,0.0,0.03125,,3.0
20180207T225345Z,0.0,0.03125,,0.0,0.03125,,3.0
20180207T225403Z,0.0,0.03125,,0.0,0.03125,,3.0
20180207T225411Z,0.0,0.03125,,0.0,0.03125,,3.0
20180207T225426Z,0.0,0.03125,,0.0,0.03125,,3.0
20180207T225439Z,0.0,0.03125,,0.0,0.03125,,3.0
20180207T225456Z,0.0,0.03125,,0.0,0.03125,,3.0
20180207T225504Z,0.0,0.03125,,0.0,0.03125,,3.0
20180207T225519Z,0.0,0.03125,,0.0,0.03125,,3.0
20180207T225553Z,0.0,0.03125,,0.0,0.03125,,3.0
20180207T225626Z,0.0,0.03125,,0.0,0.03125,,3.0
20180207T225644Z,0.0,0.03125,,0.0,0.03125,,3.0
20180207T225700Z,0.0,0.03125,,0.0,0.03125,,3.0
20180207T225714Z,0.0,0.03125,,0.0,0.03125,,3.0
20180207T225732Z,0.0,0.03125,,0.0,0.03125,,3.0
20180207T225739Z,0.0,0.03125,,0.0,0.03125,,3.0
20180207T225800Z,0.0,0.03125,,0.0,0.03125,,3.0
20180207T225822Z,0.0,0.03125,,0.0,0.03125,,3.0
20180207T225834Z,0.0,0.03125,,0.0,0.03125,,3.0
20180207T225916Z,0.0,0.03125,,0.0,0.03125,,3.0
20180207T225942Z,0.0,0.03125,,0.0,0.03125,,3.0
20180207T225955Z,0.0,0.03125,,0.0,0.03125,,3.0
20180207T230007Z,0.0,0.03125,,0.0,0.03125,,3.0
20180207T230033Z,0.0,0.03125,,0.0,0.03125,,3.0
20180207T230053Z,0.0,0.03125,,0.0,0.03125,,3.0
20180207T230102Z,0.0,0.03125,,0.0,0.03125,,3.0
20180207T230128Z,0.0,0.03125,,0.0,0.03125,,3.0
20180207T230145Z,0.0,0.03125,,0.0,0.03125,,3.0
20180207T230219Z,0.0,0.03125,,0.0,0.03125,,3.0
20180207T230235Z,0.0,0.03125,,0.0,0.03125,,3.0
20180207T230248Z,0.0,0.03125,,0.0,0.03125,,3.0
20180207T230308Z,0.0,0.03125,,0.0,0.03125,,3.0
20180207T230317Z,0.0,0.03125,,0.0,0.03125,,3.0
20180207T230327Z,0.0,0.03125,,0.0,0.03125,,3.0
20180207T230349Z,0.0,0.03125,,0.0,0.03125,,3.0
20180207T230415Z,0.0,0.03125,,0.0,0.03125,,3.0
20180207T230428Z,0.0,0.03125,,0.0,0.03125,,3.0
20180207T230436Z,0.0,0.03125,,0.0,0.03125,,3.0
20180207T230447Z,0.0,0.03125,,0.0,0.03125,,3.0
20180207T230456Z,0.0,0.03125,,0.0,0.03125,,3.0
20180207T230511Z,0.0,0.03125,,0.0,0.03125,,3.0
20180207T230520Z,0.0,0.03125,,0.0,0.03125,,3.0
20180207T230529Z,0.0,0.03125,,0.0,0.03125,,3.0
20180207T230542Z,0.0,0.03125,,0.0,0.03125,,3.0
20180207T230605Z,0.0,0.03125,,0.0,0.03125,,3.0
20180207T230613Z,0.0,0.03125,,0.0,0.03125,,3.0
20180207T230619Z,0.0,0.03125,,0.0,0.03125,,3.0
20180207T230720Z,0.0,0.03125,,0.0,0.03125,,3.0
20180207T230802Z,0.0,0.03125,,0.0,0.03125,,3.0
20180207T230818Z,0.0,0.03125,,0.0,0.03125,,3.0
20180207T230836Z,0.0,0.03125,,0.0,0.03125,,3.0
20180207T230854Z,0.0,0.03125,,0.0,0.03125,,3.0
20180207T230900Z,0.0,0.03125,,0.0,0.03125,,3.0
20180207T230921Z,0.0,0.03125,,0.0,0.03125,,3.0
20180207T230945Z,0.0,0.03125,,0.0,0.03125,,3.0
20180207T230952Z,0.0,0.03125,,0.0,0.03125,,3.0
20180207T231006Z,0.0,0.03125,,0.0,0.03125,,3.0
20180207T231016Z,0.0,0.03125,,0.0,0.03125,,3.0
20180207T231039Z,0.0,0.03125,,0.0,0.03125,,3.0
20180207T231124Z,0.0,0.03125,,0.0,0.03125,,3.0
20180207T231147Z,0.0,0.03125,,0.0,0.03125,,3.0
20180207T231209Z,0.0,0.03125,,0.0,0.03125,,3.0
20180207T231229Z,0.0,0.03125,,0.0,0.03125,,3.0
20180207T231258Z,0.0,0.03125,,0.0,0.03125,,3.0
20180207T231334Z,0.0,0.03125,,0.0,0.03125,,3.0
20180207T231352Z,0.0,0.03125,,0.0,0.03125,,3.0
20180207T231425Z,0.0,0.03125,,0.0,0.03125,,3.0
20180207T231440Z,0.0,0.03125,,0.0,0.03125,,3.0
20180207T231457Z,0.0,0.03125,,0.0,0.03125,,3.0
20180207T231534Z,0.0,0.03125,,0.0,0.03125,,3.0
20180207T231541Z,0.0,0.03125,,0.0,0.03125,,3.0
20180207T231605Z,0.0,0.03125,,0.0,0.03125,,3.0
20180207T231618Z,0.0,0.03125,,0.0,0.03125,,3.0
20180207T231637Z,0.0,0.03125,,0.0,0.03125,,3.0
20180207T231649Z,0.0,0.03125,,0.0,0.03125,,3.0
20180207T231707Z,0.0,0.03125,,0.0,0.03125,,3.0
20180207T231723Z,0.0,0.03125,,0.0,0.03125,,3.0
20180207T231739Z,0.0,0.03125,,0.0,0.03125,,3.0
20180207T231823Z,0.0,0.03125,,0.0,0.03125,,3.0
20180207T231835Z,0.0,0.03125,,0.0,0.03125,,3.0
20180207T231846Z,0.0,0.03125,,0.0,0.03125,,3.0
20180207T231909Z,0.0,0.03125,,0.0,0.03125,,3.0
20180207T231929Z,0.0,0.03125,,0.0,0.03125,,3.0
20180207T231937Z,0.0,0.03125,,0.0,0.03125,,3.0
20180207T231954Z,0.0,0.03125,,0.0,0.03125,,3.0
20180207T232026Z,0.0,0.03125,,0.0,0.03125,,3.0
20180207T232100Z,0.0,0.03125,,0.0,0.03125,,3.0
20180207T232110Z,0.0,0.03125,,0.0,0.03125,,3.0
20180207T232128Z,0.0,0.03125,,0.0,0.03125,,3.0
20180207T232158Z,0.0,0.03125,,0.0,0.03125,,3.0
20180207T232212Z,0.0,0.03125,,0.0,0.03125,,3.0
20180207T232231Z,0.0,0.03125,,0.0,0.03125,,3.0
20180207T232247Z,0.0,0.03125,,0.0,0.03125,,3.0
20180207T232326Z,0.0,0.03125,,0.0,0.03125,,3.0
20180207T232358Z,0.0,0.03125,,0.0,0.03125,,3.0
20180207T232418Z,0.0,0.03125,,0.0,0.03125,,3.0
20180207T232433Z,0.0,0.03125,,0.0,0.03125,,3.0
20180207T232459Z,0.0,0.03125,,0.0,0.03125,,3.0
20180207T232511Z,0.0,0.03125,,0.0,0.03125,,3.0
20180207T232541Z,0.0,0.03125,,0.0,0.03125,,3.0
20180207T232559Z,0.0,0.03125,,0.0,0.03125,,3.0
20180207T232623Z,0.0,0.03125,,0.0,0.03125,,3.0
20180207T232635Z,0.0,0.03125,,0.0,0.03125,,3.0
20180207T232657Z,0.0,0.03125,,0.0,0.03125,,3.0
20180207T232722Z,0.0,0.03125,,0.0,0.03125,,3.0
20180207T232753Z,0.0,0.03125,,0.0,0.03125,,3.0
20180207T232818Z,0.0,0.03125,,0.0,0.03125,,3.0
20180207T232842Z,0.0,0.03125,,0.0,0.03125,,3.0
20180207T232850Z,0.0,0.03125,,0.0,0.03125,,3.0
20180207T232906Z,0.0,0.03125,,0.0,0.03125,,3.0
20180207T232934Z,0.0,0.03125,,0.0,0.03125,,3.0
20180207T232955Z,0.0,0.03125,,0.0,0.03125,,3.0
20180207T233007Z,0.0,0.03125,,0.0,0.03125,,3.0
20180207T233024Z,0.0,0.03125,,0.0,0.03125,,3.0
20180207T233043Z,0.0,0.03125,,0.0,0.03125,,3.0
20180207T233101Z,0.0,0.03125,,0.0,0.03125,,3.0
20180207T233151Z,0.0,0.03125,,0.0,0.03125,,3.0
20180207T233217Z,0.0,0.03125,,0.0,0.03125,,3.0
20180207T233323Z,0.0,0.03125,,0.0,0.03125,,3.0
20180207T233342Z,0.0,0.03125,,0.0,0.03125,,3.0
20180207T233406Z,0.0,0.03125,,0.0,0.03125,,3.0
20180207T233428Z,0.0,0.03125,,0.0,0.03125,,3.0
20180207T233438Z,0.0,0.03125,,0.0,0.03125,,3.0
20180207T233457Z,0.0,0.03125,,0.0,0.03125,,3.0
20180207T233527Z,0.0,0.03125,,0.0,0.03125,,3.0
20180207T233558Z,0.0,0.03125,,0.0,0.03125,,3.0
20180207T233614Z,0.0,0.03125,,0.0,0.03125,,3.0
20180207T233652Z,0.0,0.03125,,0.0,0.03125,,3.0
20180207T233720Z,0.0,0.03125,,0.0,0.03125,,3.0
20180207T233729Z,0.0,0.03125,,0.0,0.03125,,3.0
20180207T233744Z,0.0,0.03125,,0.0,0.03125,,3.0
20180207T233810Z,0.0,0.03125,,0.0,0.03125,,3.0
20180207T233828Z,0.0,0.03125,,0.0,0.03125,,3.0
20180207T233841Z,0.0,0.03125,,0.0,0.03125,,3.0
20180207T233906Z,0.0,0.03125,,0.0,0.03125,,3.0
20180207T233921Z,0.0,0.03125,,0.0,0.03125,,3.0
20180207T233945Z,0.0,0.03125,,0.0,0.03125,,3.0
20180207T234058Z,0.0,0.03125,,0.0,0.03125,,3.0
20180207T234106Z,0.0,0.03125,,0.0,0.03125,,3.0
20180207T234123Z,0.0,0.03125,,0.0,0.03125,,3.0
20180207T234136Z,0.0,0.03125,,0.0,0.03125,,3.0
20180207T234158Z,0.0,0.03125,,0.0,0.03125,,3.0
20180207T234222Z,0.0,0.03125,,0.0,0.03125,,3.0
20180207T234227Z,0.0,0.03125,,0.0,0.03125,,3.0
20180207T234235Z,0.0,0.03125,,0.0,0.03125,,3.0
20180207T234248Z,0.0,0.03125,,0.0,0.03125,,3.0
20180207T234316Z,0.0,0.03125,,0.0,0.03125,,3.0
20180207T234332Z,0.0,0.03125,,0.0,0.03125,,3.0
20180207T234354Z,0.0,0.03125,,0.0,0.03125,,3.0
20180207T234425Z,0.0,0.03125,,0.0,0.03125,,3.0
20180207T234436Z,0.0,0.03125,,0.0,0.03125,,3.0
20180207T234452Z,0.0,0.03125,,0.0,0.03125,,3.0
20180207T234530Z,0.0,0.03125,,0.0,0.03125,,3.0
20180207T234549Z,0.0,0.03125,,0.0,0.03125,,3.0
20180207T234601Z,0.0,0.03125,,0.0,0.03125,,3.0
20180207T234624Z,0.0,0.03125,,0.0,0.03125,,3.0
20180207T234634Z,0.0,0.03125,,0.0,0.03125,,3.0
20180207T234643Z,0.0,0.03125,,0.0,0.03125,,3.0
20180207T234704Z,0.0,0.03125,,0.0,0.03125,,3.0
20180207T234731Z,0.0,0.03125,,0.0,0.03125,,3.0
20180207T234738Z,0.0,0.03125,,0.0,0.03125,,3.0
20180207T234812Z,0.0,0.03125,,0.0,0.03125,,3.0
20180207T234826Z,0.0,0.03125,,0.0,0.03125,,3.0
20180207T234839Z,0.0,0.03125,,0.0,0.03125,,3.0
20180207T234912Z,0.0,0.03125,,0.0,0.03125,,3.0
20180207T235009Z,0.0,0.03125,,0.0,0.03125,,3.0
20180207T235027Z,0.0,0.03125,,0.0,0.03125,,3.0
20180207T235036Z,0.0,0.03125,,0.0,0.03125,,3.0
20180207T235049Z,0.0,0.03125,,0.0,0.03125,,3.0
20180207T235120Z,0.0,0.03125,,0.0,0.03125,,3.0
20180207T235156Z,0.0,0.03125,,0.0,0.03125,,3.0
20180207T235206Z,0.0,0.03125,,0.0,0.03125,,3.0
20180207T235212Z,0.0,0.03125,,0.0,0.03125,,3.0
20180207T235224Z,0.0,0.03125,,0.0,0.03125,,3.0
20180207T235240Z,0.0,0.03125,,0.0,0.03125,,3.0
20180207T235249Z,0.0,0.03125,,0.0,0.03125,,3.0
20180207T235316Z,0.0,0.03125,,0.0,0.03125,,3.0
20180207T235325Z,0.0,0.03125,,0.0,0.03125,,3.0
20180207T235356Z,0.0,0.03125,,0.0,0.03125,,3.0
20180207T235417Z,0.0,0.03125,,0.0,0.03125,,3.0
20180207T235445Z,0.0,0.03125,,0.0,0.03125,,3.0
20180207T235500Z,0.0,0.03125,,0.0,0.03125,,3.0
20180207T235510Z,0.0,0.03125,,0.0,0.03125,,3.0
20180207T235518Z,0.0,0.03125,,0.0,0.03125,,3.0
20180207T235532Z,0.0,0.03125,,0.0,0.03125,,3.0
20180207T235555Z,0.0,0.03125,,0.0,0.03125,,3.0
20180207T235606Z,0.0,0.03125,,0.0,0.03125,,3.0
20180207T235615Z,0.0,0.03125,,0.0,0.03125,,3.0
20180207T235627Z,0.0,0.03125,,0.0,0.03125,,3.0
20180207T235642Z,0.0,0.03125,,0.0,0.03125,,3.0
20180207T235657Z,0.0,0.03125,,0.0,0.03125,,3.0
20180207T235716Z,0.0,0.03125,,0.0,0.03125,,3.0
20180207T235751Z,0.0,0.03125,,0.0,0.03125,,3.0
20180207T235847Z,0.0,0.03125,,0.0,0.03125,,3.0
20180207T235927Z,0.0,0.03125,,0.0,0.03125,,3.0
20180207T235937Z,0.0,0.03125,,0.0,0.03125,,3.0
