,match_time,template
20180102T003850Z,2018-01-02T00:38:50.130000Z,3d
20180102T003923Z,2018-01-02T00:39:23.410000Z,5c
20180102T004516Z,2018-01-02T00:45:16.440000Z,1a
20180102T005119Z,2018-01-02T00:51:19.350000Z,1a
20180102T005350Z,2018-01-02T00:53:50.120000Z,5a
20180102T005446Z,2018-01-02T00:54:46.380000Z,4b
20180102T010637Z,2018-01-02T01:06:37.800000Z,1d
20180102T011206Z,2018-01-02T01:12:06.100000Z,1a
20180102T013951Z,2018-01-02T01:39:51.150000Z,1a
20180102T014055Z,2018-01-02T01:40:55.330000Z,6b
20180102T014545Z,2018-01-02T01:45:45.220000Z,1b
20180102T020351Z,2018-01-02T02:03:51.170000Z,1d
20180102T023810Z,2018-01-02T02:38:10.740000Z,4b
20180102T024625Z,2018-01-02T02:46:25.230000Z,6d
20180102T031602Z,2018-01-02T03:16:02.920000Z,1a
20180102T032042Z,2018-01-02T03:20:42.020000Z,1a
20180102T033136Z,2018-01-02T03:31:36.710000Z,1d
20180102T033801Z,2018-01-02T03:38:01.480000Z,1c
20180102T043533Z,2018-01-02T04:35:33.550000Z,2b
20180102T050834Z,2018-01-02T05:08:34.520000Z,5a
20180102T051335Z,2018-01-02T05:13:35.290000Z,1a
20180102T052452Z,2018-01-02T05:24:52.150000Z,1c
20180102T053724Z,2018-01-02T05:37:24.410000Z,1d
20180102T054415Z,2018-01-02T05:44:15.940000Z,1c
20180102T060957Z,2018-01-02T06:09:57.160000Z,1a
20180102T061220Z,2018-01-02T06:12:20.240000Z,3d
20180102T062111Z,2018-01-02T06:21:11.130000Z,1b
20180102T063502Z,2018-01-02T06:35:02.490000Z,6d
20180102T064743Z,2018-01-02T06:47:43.460000Z,5a
20180102T065637Z,2018-01-02T06:56:37.240000Z,3d
20180102T072114Z,2018-01-02T07:21:14.890000Z,1a
20180102T072541Z,2018-01-02T07:25:41.050000Z,4b
20180102T081510Z,2018-01-02T08:15:10.070000Z,1c
20180102T082717Z,2018-01-02T08:27:17.170000Z,2b
20180102T083307Z,2018-01-02T08:33:07.260000Z,1c
20180102T085106Z,2018-01-02T08:51:06.060000Z,4b
20180102T090921Z,2018-01-02T09:09:21.650000Z,5c
20180102T091935Z,2018-01-02T09:19:35.550000Z,4b
20180102T092225Z,2018-01-02T09:22:25.810000Z,1a
20180102T093027Z,2018-01-02T09:30:27.170000Z,4b
20180102T100649Z,2018-01-02T10:06:49.150000Z,5a
20180102T100951Z,2018-01-02T10:09:51.210000Z,1c
20180102T102807Z,2018-01-02T10:28:07.640000Z,1a
20180102T104505Z,2018-01-02T10:45:05.840000Z,1a
20180102T112914Z,2018-01-02T11:29:14.310000Z,1b
20180102T113155Z,2018-01-02T11:31:55.440000Z,1a
20180102T114702Z,2018-01-02T11:47:02.370000Z,1a
20180102T120209Z,2018-01-02T12:02:09.130000Z,1b
20180102T120756Z,2018-01-02T12:07:56.000000Z,4c
20180102T122908Z,2018-01-02T12:29:08.060000Z,1a
20180102T123231Z,2018-01-02T12:32:31.100000Z,1a
20180102T123331Z,2018-01-02T12:33:31.240000Z,1a
20180102T123626Z,2018-01-02T12:36:26.780000Z,6d
20180102T125633Z,2018-01-02T12:56:33.170000Z,1b
20180102T130148Z,2018-01-02T13:01:48.100000Z,4b
20180102T130417Z,2018-01-02T13:04:17.300000Z,1a
20180102T131217Z,2018-01-02T13:12:17.230000Z,1c
20180102T131712Z,2018-01-02T13:17:12.270000Z,2b
20180102T132227Z,2018-01-02T13:22:27.620000Z,2b
20180102T132659Z,2018-01-02T13:26:59.240000Z,1a
20180102T132746Z,2018-01-02T13:27:46.030000Z,1a
20180102T134055Z,2018-01-02T13:40:55.390000Z,6b
20180102T134442Z,2018-01-02T13:44:42.980000Z,1d
20180102T134610Z,2018-01-02T13:46:10.610000Z,2b
20180102T135201Z,2018-01-02T13:52:01.470000Z,1d
20180102T142815Z,2018-01-02T14:28:15.350000Z,1c
20180102T145154Z,2018-01-02T14:51:54.140000Z,1a
20180102T145731Z,2018-01-02T14:57:31.610000Z,1a
20180102T151403Z,2018-01-02T15:14:03.000000Z,1a
20180102T151801Z,2018-01-02T15:18:01.440000Z,1d
20180102T152323Z,2018-01-02T15:23:23.730000Z,1a
20180102T153537Z,2018-01-02T15:35:37.460000Z,1b
20180102T154407Z,2018-01-02T15:44:07.530000Z,5a
20180102T155829Z,2018-01-02T15:58:29.240000Z,1d
20180102T160214Z,2018-01-02T16:02:14.620000Z,2b
20180102T162018Z,2018-01-02T16:20:18.370000Z,1b
20180102T162702Z,2018-01-02T16:27:02.220000Z,1a
20180102T162727Z,2018-01-02T16:27:27.700000Z,1a
20180102T162753Z,2018-01-02T16:27:53.910000Z,8c
20180102T162823Z,2018-01-02T16:28:23.050000Z,3d
20180102T164639Z,2018-01-02T16:46:39.990000Z,1a
20180102T170436Z,2018-01-02T17:04:36.550000Z,6d
20180102T171601Z,2018-01-02T17:16:01.090000Z,1a
20180102T173558Z,2018-01-02T17:35:58.250000Z,1a
20180102T175301Z,2018-01-02T17:53:01.270000Z,3d
20180102T175539Z,2018-01-02T17:55:39.040000Z,5a
20180102T180431Z,2018-01-02T18:04:31.310000Z,1a
20180102T181451Z,2018-01-02T18:14:51.930000Z,2b
20180102T182328Z,2018-01-02T18:23:28.280000Z,2b
20180102T182732Z,2018-01-02T18:27:32.360000Z,5a
20180102T183549Z,2018-01-02T18:35:49.230000Z,1c
20180102T184920Z,2018-01-02T18:49:20.730000Z,1a
20180102T190223Z,2018-01-02T19:02:23.320000Z,2b
20180102T190243Z,2018-01-02T19:02:43.960000Z,1d
20180102T190549Z,2018-01-02T19:05:49.790000Z,1a
20180102T190648Z,2018-01-02T19:06:48.980000Z,1b
20180102T193037Z,2018-01-02T19:30:37.350000Z,1b
20180102T193709Z,2018-01-02T19:37:09.050000Z,1a
20180102T193904Z,2018-01-02T19:39:04.140000Z,2b
20180102T194004Z,2018-01-02T19:40:04.160000Z,1b
20180102T195431Z,2018-01-02T19:54:31.180000Z,5c
20180102T200353Z,2018-01-02T20:03:53.300000Z,5a
20180102T202303Z,2018-01-02T20:23:03.150000Z,1b
20180102T203102Z,2018-01-02T20:31:02.880000Z,1a
20180102T203259Z,2018-01-02T20:32:59.410000Z,1a
20180102T204310Z,2018-01-02T20:43:10.090000Z,4b
20180102T205643Z,2018-01-02T20:56:43.430000Z,1a
20180102T205750Z,2018-01-02T20:57:50.500000Z,1a
20180102T210304Z,2018-01-02T21:03:04.180000Z,1d
20180102T210332Z,2018-01-02T21:03:32.120000Z,1b
20180102T210827Z,2018-01-02T21:08:27.080000Z,1a
20180102T212036Z,2018-01-02T21:20:36.530000Z,1d
20180102T212225Z,2018-01-02T21:22:25.000000Z,5a
20180102T212629Z,2018-01-02T21:26:29.450000Z,2c
20180102T212929Z,2018-01-02T21:29:29.420000Z,1c
20180102T213713Z,2018-01-02T21:37:13.100000Z,1a
20180102T215135Z,2018-01-02T21:51:35.150000Z,1b
20180102T215439Z,2018-01-02T21:54:39.250000Z,1b
20180102T215500Z,2018-01-02T21:55:00.430000Z,2b
20180102T221034Z,2018-01-02T22:10:34.220000Z,5a
20180102T221405Z,2018-01-02T22:14:05.620000Z,1b
20180102T221428Z,2018-01-02T22:14:28.310000Z,2b
20180102T222150Z,2018-01-02T22:21:50.560000Z,2b
20180102T222243Z,2018-01-02T22:22:43.310000Z,1d
20180102T222651Z,2018-01-02T22:26:51.630000Z,1b
20180102T223127Z,2018-01-02T22:31:27.370000Z,1a
20180102T223710Z,2018-01-02T22:37:10.130000Z,1d
20180102T225247Z,2018-01-02T22:52:47.800000Z,6d
20180102T230015Z,2018-01-02T23:00:15.500000Z,8c
20180102T230258Z,2018-01-02T23:02:58.290000Z,6b
20180102T232415Z,2018-01-02T23:24:15.510000Z,1b
20180102T233335Z,2018-01-02T23:33:35.120000Z,1b
20180102T234826Z,2018-01-02T23:48:26.110000Z,1a
20180102T235003Z,2018-01-02T23:50:03.150000Z,2b
20180102T235559Z,2018-01-02T23:55:59.320000Z,6b
20180102T002238Z,2018-01-02T00:22:38.020000Z,3d
20180102T002926Z,2018-01-02T00:29:26.170000Z,3d
20180102T010211Z,2018-01-02T01:02:11.350000Z,4b
20180102T010756Z,2018-01-02T01:07:56.520000Z,1b
20180102T014056Z,2018-01-02T01:40:56.300000Z,2b
20180102T060144Z,2018-01-02T06:01:44.060000Z,3d
20180102T065335Z,2018-01-02T06:53:35.010000Z,1b
20180102T075759Z,2018-01-02T07:57:59.160000Z,1b
20180102T091645Z,2018-01-02T09:16:45.090000Z,3d
20180102T092200Z,2018-01-02T09:22:00.580000Z,1b
20180102T095958Z,2018-01-02T09:59:58.050000Z,1c
20180102T101131Z,2018-01-02T10:11:31.280000Z,1b
20180102T111304Z,2018-01-02T11:13:04.250000Z,1b
20180102T113557Z,2018-01-02T11:35:57.040000Z,1b
20180102T124951Z,2018-01-02T12:49:51.230000Z,1c
20180102T130149Z,2018-01-02T13:01:49.010000Z,1b
20180102T131247Z,2018-01-02T13:12:47.680000Z,1b
20180102T144221Z,2018-01-02T14:42:21.170000Z,1b
20180102T144509Z,2018-01-02T14:45:09.290000Z,1b
20180102T144926Z,2018-01-02T14:49:26.210000Z,1b
20180102T154813Z,2018-01-02T15:48:13.440000Z,1b
20180102T155828Z,2018-01-02T15:58:28.290000Z,4b
20180102T162149Z,2018-01-02T16:21:49.040000Z,3d
20180102T171637Z,2018-01-02T17:16:37.350000Z,1b
20180102T171920Z,2018-01-02T17:19:20.620000Z,1b
20180102T175059Z,2018-01-02T17:50:59.840000Z,1b
20180102T185121Z,2018-01-02T18:51:21.060000Z,5c
20180102T195432Z,2018-01-02T19:54:32.410000Z,1b
20180102T202431Z,2018-01-02T20:24:31.110000Z,1b
20180102T203042Z,2018-01-02T20:30:42.430000Z,5c
20180102T221035Z,2018-01-02T22:10:35.450000Z,1b
20180102T225349Z,2018-01-02T22:53:49.120000Z,1b
20180102T000149Z,2018-01-02T00:01:49.540000Z,1c
20180102T000253Z,2018-01-02T00:02:53.100000Z,6a
20180102T000828Z,2018-01-02T00:08:28.430000Z,6d
20180102T001723Z,2018-01-02T00:17:23.440000Z,6d
20180102T004132Z,2018-01-02T00:41:32.620000Z,1c
20180102T005523Z,2018-01-02T00:55:23.040000Z,1c
20180102T013610Z,2018-01-02T01:36:10.200000Z,1c
20180102T013823Z,2018-01-02T01:38:23.300000Z,4b
20180102T013950Z,2018-01-02T01:39:50.670000Z,1c
20180102T015114Z,2018-01-02T01:51:14.740000Z,8d
20180102T015527Z,2018-01-02T01:55:27.900000Z,1c
20180102T020523Z,2018-01-02T02:05:23.420000Z,8c
20180102T021026Z,2018-01-02T02:10:26.380000Z,1c
20180102T021432Z,2018-01-02T02:14:32.170000Z,1d
20180102T021519Z,2018-01-02T02:15:19.080000Z,1c
20180102T021557Z,2018-01-02T02:15:57.700000Z,1c
20180102T022926Z,2018-01-02T02:29:26.620000Z,2c
20180102T025739Z,2018-01-02T02:57:39.140000Z,1c
20180102T025914Z,2018-01-02T02:59:14.500000Z,1c
20180102T030406Z,2018-01-02T03:04:06.560000Z,1c
20180102T030452Z,2018-01-02T03:04:52.290000Z,1c
20180102T031611Z,2018-01-02T03:16:11.980000Z,1c
20180102T031949Z,2018-01-02T03:19:49.000000Z,1c
20180102T032418Z,2018-01-02T03:24:18.030000Z,1d
20180102T033044Z,2018-01-02T03:30:44.470000Z,4b
20180102T033235Z,2018-01-02T03:32:35.230000Z,1c
20180102T033511Z,2018-01-02T03:35:11.250000Z,1d
20180102T034344Z,2018-01-02T03:43:44.070000Z,1c
20180102T040847Z,2018-01-02T04:08:47.190000Z,1c
20180102T041047Z,2018-01-02T04:10:47.220000Z,1d
20180102T041202Z,2018-01-02T04:12:02.960000Z,1c
20180102T042111Z,2018-01-02T04:21:11.610000Z,1d
20180102T042724Z,2018-01-02T04:27:24.050000Z,1c
20180102T043014Z,2018-01-02T04:30:14.080000Z,1c
20180102T044452Z,2018-01-02T04:44:52.430000Z,1d
20180102T045010Z,2018-01-02T04:50:10.200000Z,2a
20180102T050616Z,2018-01-02T05:06:16.140000Z,8c
20180102T051334Z,2018-01-02T05:13:34.370000Z,4b
20180102T052259Z,2018-01-02T05:22:59.550000Z,2b
20180102T052701Z,2018-01-02T05:27:01.960000Z,2c
20180102T055044Z,2018-01-02T05:50:44.060000Z,1c
20180102T060852Z,2018-01-02T06:08:52.400000Z,1d
20180102T062110Z,2018-01-02T06:21:10.550000Z,5c
20180102T064421Z,2018-01-02T06:44:21.060000Z,2c
20180102T070157Z,2018-01-02T07:01:57.720000Z,1d
20180102T070317Z,2018-01-02T07:03:17.750000Z,2c
20180102T071236Z,2018-01-02T07:12:36.130000Z,1d
20180102T072536Z,2018-01-02T07:25:36.140000Z,5a
20180102T073448Z,2018-01-02T07:34:48.560000Z,1d
20180102T074324Z,2018-01-02T07:43:24.890000Z,2d
20180102T074401Z,2018-01-02T07:44:01.520000Z,1c
20180102T075159Z,2018-01-02T07:51:59.920000Z,1c
20180102T081322Z,2018-01-02T08:13:22.760000Z,1c
20180102T081400Z,2018-01-02T08:14:00.560000Z,1c
20180102T082840Z,2018-01-02T08:28:40.450000Z,6d
20180102T084821Z,2018-01-02T08:48:21.490000Z,6b
20180102T090418Z,2018-01-02T09:04:18.370000Z,1d
20180102T090501Z,2018-01-02T09:05:01.310000Z,1c
20180102T090634Z,2018-01-02T09:06:34.630000Z,1c
20180102T094311Z,2018-01-02T09:43:11.910000Z,1d
20180102T095047Z,2018-01-02T09:50:47.450000Z,2c
20180102T095306Z,2018-01-02T09:53:06.350000Z,1c
20180102T100108Z,2018-01-02T10:01:08.710000Z,1c
20180102T100650Z,2018-01-02T10:06:50.200000Z,1c
20180102T100712Z,2018-01-02T10:07:12.350000Z,1d
20180102T101602Z,2018-01-02T10:16:02.320000Z,1c
20180102T102211Z,2018-01-02T10:22:11.510000Z,2c
20180102T102606Z,2018-01-02T10:26:06.520000Z,1c
20180102T103606Z,2018-01-02T10:36:06.510000Z,8c
20180102T103917Z,2018-01-02T10:39:17.340000Z,2c
20180102T104446Z,2018-01-02T10:44:46.370000Z,8c
20180102T104506Z,2018-01-02T10:45:06.530000Z,1c
20180102T104928Z,2018-01-02T10:49:28.490000Z,1c
20180102T105105Z,2018-01-02T10:51:05.240000Z,1c
20180102T105418Z,2018-01-02T10:54:18.300000Z,6d
20180102T105444Z,2018-01-02T10:54:44.380000Z,1c
20180102T110429Z,2018-01-02T11:04:29.530000Z,1c
20180102T110902Z,2018-01-02T11:09:02.690000Z,1d
20180102T111851Z,2018-01-02T11:18:51.080000Z,1c
20180102T111928Z,2018-01-02T11:19:28.530000Z,4b
20180102T112846Z,2018-01-02T11:28:46.280000Z,1d
20180102T113154Z,2018-01-02T11:31:54.510000Z,4b
20180102T114146Z,2018-01-02T11:41:46.100000Z,7d
20180102T114701Z,2018-01-02T11:47:01.470000Z,5a
20180102T114949Z,2018-01-02T11:49:49.930000Z,1c
20180102T115029Z,2018-01-02T11:50:29.000000Z,5b
20180102T120208Z,2018-01-02T12:02:08.940000Z,5c
20180102T120757Z,2018-01-02T12:07:57.100000Z,2c
20180102T121038Z,2018-01-02T12:10:38.430000Z,1d
20180102T121411Z,2018-01-02T12:14:11.600000Z,1d
20180102T121757Z,2018-01-02T12:17:57.250000Z,2a
20180102T122308Z,2018-01-02T12:23:08.090000Z,1c
20180102T122907Z,2018-01-02T12:29:07.130000Z,4b
20180102T123130Z,2018-01-02T12:31:30.260000Z,1c
20180102T123627Z,2018-01-02T12:36:27.190000Z,1c
20180102T124638Z,2018-01-02T12:46:38.220000Z,1c
20180102T125454Z,2018-01-02T12:54:54.190000Z,1c
20180102T125731Z,2018-01-02T12:57:31.880000Z,7d
20180102T131053Z,2018-01-02T13:10:53.070000Z,1c
20180102T131304Z,2018-01-02T13:13:04.610000Z,1d
20180102T131749Z,2018-01-02T13:17:49.720000Z,8d
20180102T131849Z,2018-01-02T13:18:49.730000Z,2b
20180102T132317Z,2018-01-02T13:23:17.260000Z,1d
20180102T132607Z,2018-01-02T13:26:07.290000Z,2c
20180102T132658Z,2018-01-02T13:26:58.880000Z,2b
20180102T132900Z,2018-01-02T13:29:00.890000Z,8c
20180102T133458Z,2018-01-02T13:34:58.880000Z,1c
20180102T133517Z,2018-01-02T13:35:17.700000Z,1c
20180102T133618Z,2018-01-02T13:36:18.090000Z,1c
20180102T133746Z,2018-01-02T13:37:46.170000Z,1c
20180102T134056Z,2018-01-02T13:40:56.350000Z,2b
20180102T134603Z,2018-01-02T13:46:03.600000Z,1d
20180102T135200Z,2018-01-02T13:52:00.980000Z,1c
20180102T135653Z,2018-01-02T13:56:53.330000Z,1c
20180102T140056Z,2018-01-02T14:00:56.150000Z,2c
20180102T140430Z,2018-01-02T14:04:30.160000Z,1c
20180102T140910Z,2018-01-02T14:09:10.000000Z,1d
20180102T142542Z,2018-01-02T14:25:42.990000Z,1c
20180102T143701Z,2018-01-02T14:37:01.100000Z,8c
20180102T145141Z,2018-01-02T14:51:41.310000Z,1c
20180102T145153Z,2018-01-02T14:51:53.570000Z,6b
20180102T145822Z,2018-01-02T14:58:22.000000Z,4b
20180102T150537Z,2018-01-02T15:05:37.600000Z,1d
20180102T150956Z,2018-01-02T15:09:56.570000Z,1d
20180102T151800Z,2018-01-02T15:18:00.890000Z,5c
20180102T152848Z,2018-01-02T15:28:48.160000Z,8c
20180102T153137Z,2018-01-02T15:31:37.650000Z,1c
20180102T153501Z,2018-01-02T15:35:01.360000Z,1c
20180102T153930Z,2018-01-02T15:39:30.300000Z,1c
20180102T154210Z,2018-01-02T15:42:10.860000Z,1c
20180102T154408Z,2018-01-02T15:44:08.910000Z,2b
20180102T154635Z,2018-01-02T15:46:35.510000Z,1c
20180102T154812Z,2018-01-02T15:48:12.340000Z,5b
20180102T155453Z,2018-01-02T15:54:53.190000Z,1c
20180102T155510Z,2018-01-02T15:55:10.290000Z,1d
20180102T155535Z,2018-01-02T15:55:35.250000Z,2c
20180102T155752Z,2018-01-02T15:57:52.470000Z,1d
20180102T160030Z,2018-01-02T16:00:30.980000Z,1c
20180102T160514Z,2018-01-02T16:05:14.840000Z,1c
20180102T161201Z,2018-01-02T16:12:01.520000Z,1d
20180102T162017Z,2018-01-02T16:20:17.440000Z,4b
20180102T162701Z,2018-01-02T16:27:01.300000Z,4b
20180102T162754Z,2018-01-02T16:27:54.070000Z,1d
20180102T162927Z,2018-01-02T16:29:27.720000Z,7d
20180102T164053Z,2018-01-02T16:40:53.160000Z,1d
20180102T164150Z,2018-01-02T16:41:50.940000Z,6d
20180102T165246Z,2018-01-02T16:52:46.250000Z,1d
20180102T170224Z,2018-01-02T17:02:24.070000Z,1c
20180102T171437Z,2018-01-02T17:14:37.490000Z,1c
20180102T171951Z,2018-01-02T17:19:51.310000Z,1d
20180102T172416Z,2018-01-02T17:24:16.680000Z,1d
20180102T173147Z,2018-01-02T17:31:47.210000Z,1c
20180102T173217Z,2018-01-02T17:32:17.160000Z,5a
20180102T173557Z,2018-01-02T17:35:57.030000Z,5c
20180102T173816Z,2018-01-02T17:38:16.050000Z,1c
20180102T174716Z,2018-01-02T17:47:16.330000Z,4b
20180102T174802Z,2018-01-02T17:48:02.750000Z,1c
20180102T175139Z,2018-01-02T17:51:39.690000Z,8c
20180102T175540Z,2018-01-02T17:55:40.220000Z,1c
20180102T175750Z,2018-01-02T17:57:50.500000Z,2c
20180102T180430Z,2018-01-02T18:04:30.830000Z,1c
20180102T180921Z,2018-01-02T18:09:21.170000Z,8d
20180102T181452Z,2018-01-02T18:14:52.300000Z,1c
20180102T181548Z,2018-01-02T18:15:48.290000Z,1d
20180102T182733Z,2018-01-02T18:27:33.310000Z,8c
20180102T183205Z,2018-01-02T18:32:05.800000Z,2c
20180102T184218Z,2018-01-02T18:42:18.150000Z,1c
20180102T184246Z,2018-01-02T18:42:46.970000Z,1d
20180102T184758Z,2018-01-02T18:47:58.910000Z,1c
20180102T185734Z,2018-01-02T18:57:34.480000Z,1c
20180102T190951Z,2018-01-02T19:09:51.120000Z,4d
20180102T191731Z,2018-01-02T19:17:31.840000Z,1c
20180102T191815Z,2018-01-02T19:18:15.320000Z,1c
20180102T192410Z,2018-01-02T19:24:10.970000Z,1c
20180102T193644Z,2018-01-02T19:36:44.990000Z,1d
20180102T193806Z,2018-01-02T19:38:06.150000Z,6d
20180102T194003Z,2018-01-02T19:40:03.220000Z,4b
20180102T194631Z,2018-01-02T19:46:31.020000Z,6d
20180102T200139Z,2018-01-02T20:01:39.360000Z,1c
20180102T200354Z,2018-01-02T20:03:54.680000Z,2b
20180102T200615Z,2018-01-02T20:06:15.610000Z,1c
20180102T201428Z,2018-01-02T20:14:28.800000Z,1c
20180102T201556Z,2018-01-02T20:15:56.590000Z,2b
20180102T201843Z,2018-01-02T20:18:43.270000Z,1c
20180102T202041Z,2018-01-02T20:20:41.060000Z,4b
20180102T202256Z,2018-01-02T20:22:56.210000Z,1c
20180102T202657Z,2018-01-02T20:26:57.540000Z,2d
20180102T203043Z,2018-01-02T20:30:43.360000Z,1c
20180102T204602Z,2018-01-02T20:46:02.170000Z,1d
20180102T205508Z,2018-01-02T20:55:08.870000Z,1c
20180102T210437Z,2018-01-02T21:04:37.160000Z,2c
20180102T211005Z,2018-01-02T21:10:05.470000Z,1c
20180102T211233Z,2018-01-02T21:12:33.250000Z,1c
20180102T211341Z,2018-01-02T21:13:41.330000Z,8c
20180102T212226Z,2018-01-02T21:22:26.180000Z,1c
20180102T213712Z,2018-01-02T21:37:12.830000Z,2b
20180102T213825Z,2018-01-02T21:38:25.230000Z,1c
20180102T215438Z,2018-01-02T21:54:38.020000Z,5c
20180102T220438Z,2018-01-02T22:04:38.260000Z,1c
20180102T220847Z,2018-01-02T22:08:47.760000Z,1d
20180102T220952Z,2018-01-02T22:09:52.220000Z,1d
20180102T221132Z,2018-01-02T22:11:32.210000Z,1c
20180102T221547Z,2018-01-02T22:15:47.250000Z,1d
20180102T221839Z,2018-01-02T22:18:39.910000Z,2c
20180102T222226Z,2018-01-02T22:22:26.020000Z,6d
20180102T222242Z,2018-01-02T22:22:42.820000Z,1c
20180102T222358Z,2018-01-02T22:23:58.750000Z,1c
20180102T223126Z,2018-01-02T22:31:26.270000Z,5b
20180102T223709Z,2018-01-02T22:37:09.600000Z,1c
20180102T224840Z,2018-01-02T22:48:40.230000Z,1c
20180102T225248Z,2018-01-02T22:52:48.210000Z,1c
20180102T225748Z,2018-01-02T22:57:48.170000Z,1c
20180102T230259Z,2018-01-02T23:02:59.260000Z,2b
20180102T230735Z,2018-01-02T23:07:35.220000Z,1c
20180102T230918Z,2018-01-02T23:09:18.440000Z,1d
20180102T231357Z,2018-01-02T23:13:57.260000Z,1c
20180102T231946Z,2018-01-02T23:19:46.960000Z,1c
20180102T233334Z,2018-01-02T23:33:34.180000Z,4b
20180102T233408Z,2018-01-02T23:34:08.700000Z,1c
20180102T233504Z,2018-01-02T23:35:04.220000Z,2c
20180102T235416Z,2018-01-02T23:54:16.350000Z,1c
20180102T235600Z,2018-01-02T23:56:00.220000Z,2c
20180102T000643Z,2018-01-02T00:06:43.010000Z,4d
20180102T001724Z,2018-01-02T00:17:24.460000Z,1d
20180102T005522Z,2018-01-02T00:55:22.720000Z,1d
20180102T005607Z,2018-01-02T00:56:07.480000Z,1d
20180102T010812Z,2018-01-02T01:08:12.640000Z,2c
20180102T014144Z,2018-01-02T01:41:44.020000Z,2c
20180102T014239Z,2018-01-02T01:42:39.660000Z,7d
20180102T015115Z,2018-01-02T01:51:15.100000Z,1d
20180102T015528Z,2018-01-02T01:55:28.460000Z,1d
20180102T021518Z,2018-01-02T02:15:18.760000Z,1d
20180102T021558Z,2018-01-02T02:15:58.080000Z,1d
20180102T022402Z,2018-01-02T02:24:02.640000Z,2c
20180102T022513Z,2018-01-02T02:25:13.540000Z,7d
20180102T022927Z,2018-01-02T02:29:27.250000Z,1d
20180102T023811Z,2018-01-02T02:38:11.190000Z,6d
20180102T025738Z,2018-01-02T02:57:38.690000Z,4b
20180102T025915Z,2018-01-02T02:59:15.060000Z,1d
20180102T030308Z,2018-01-02T03:03:08.880000Z,2c
20180102T030407Z,2018-01-02T03:04:07.120000Z,1d
20180102T031934Z,2018-01-02T03:19:34.730000Z,1d
20180102T031948Z,2018-01-02T03:19:48.680000Z,1d
20180102T033434Z,2018-01-02T03:34:34.750000Z,1d
20180102T034343Z,2018-01-02T03:43:43.740000Z,1d
20180102T040846Z,2018-01-02T04:08:46.330000Z,4d
20180102T051228Z,2018-01-02T05:12:28.760000Z,1d
20180102T052702Z,2018-01-02T05:27:02.590000Z,1d
20180102T060027Z,2018-01-02T06:00:27.070000Z,1d
20180102T065038Z,2018-01-02T06:50:38.650000Z,2c
20180102T074325Z,2018-01-02T07:43:25.110000Z,6d
20180102T074402Z,2018-01-02T07:44:02.010000Z,1d
20180102T075200Z,2018-01-02T07:52:00.480000Z,1d
20180102T084822Z,2018-01-02T08:48:22.240000Z,8c
20180102T085107Z,2018-01-02T08:51:07.350000Z,1d
20180102T090151Z,2018-01-02T09:01:51.890000Z,2c
20180102T091936Z,2018-01-02T09:19:36.080000Z,2c
20180102T095957Z,2018-01-02T09:59:57.170000Z,4d
20180102T100109Z,2018-01-02T10:01:09.270000Z,1d
20180102T102021Z,2018-01-02T10:20:21.920000Z,1d
20180102T104238Z,2018-01-02T10:42:38.570000Z,1d
20180102T105104Z,2018-01-02T10:51:04.920000Z,1d
20180102T105445Z,2018-01-02T10:54:45.240000Z,1d
20180102T114145Z,2018-01-02T11:41:45.830000Z,2c
20180102T114950Z,2018-01-02T11:49:50.290000Z,1d
20180102T115127Z,2018-01-02T11:51:27.870000Z,1d
20180102T115241Z,2018-01-02T11:52:41.860000Z,1d
20180102T120525Z,2018-01-02T12:05:25.760000Z,1d
20180102T121758Z,2018-01-02T12:17:58.730000Z,7d
20180102T122257Z,2018-01-02T12:22:57.160000Z,8c
20180102T122307Z,2018-01-02T12:23:07.680000Z,1d
20180102T130613Z,2018-01-02T13:06:13.590000Z,1d
20180102T131052Z,2018-01-02T13:10:52.060000Z,6c
20180102T131149Z,2018-01-02T13:11:49.660000Z,2c
20180102T131750Z,2018-01-02T13:17:50.310000Z,6d
20180102T133459Z,2018-01-02T13:34:59.370000Z,1d
20180102T133659Z,2018-01-02T13:36:59.220000Z,8c
20180102T133745Z,2018-01-02T13:37:45.840000Z,2c
20180102T134822Z,2018-01-02T13:48:22.670000Z,1d
20180102T135335Z,2018-01-02T13:53:35.410000Z,2c
20180102T140429Z,2018-01-02T14:04:29.840000Z,2c
20180102T143652Z,2018-01-02T14:36:52.930000Z,1d
20180102T144053Z,2018-01-02T14:40:53.120000Z,1d
20180102T144252Z,2018-01-02T14:42:52.290000Z,1d
20180102T151240Z,2018-01-02T15:12:40.720000Z,1d
20180102T152739Z,2018-01-02T15:27:39.090000Z,2c
20180102T153929Z,2018-01-02T15:39:29.120000Z,5a
20180102T164151Z,2018-01-02T16:41:51.020000Z,2c
20180102T165220Z,2018-01-02T16:52:20.800000Z,1d
20180102T170350Z,2018-01-02T17:03:50.820000Z,6c
20180102T171436Z,2018-01-02T17:14:36.640000Z,4d
20180102T173146Z,2018-01-02T17:31:46.890000Z,1d
20180102T173815Z,2018-01-02T17:38:15.720000Z,2c
20180102T181128Z,2018-01-02T18:11:28.140000Z,2c
20180102T184750Z,2018-01-02T18:47:50.190000Z,2c
20180102T185735Z,2018-01-02T18:57:35.040000Z,1d
20180102T191732Z,2018-01-02T19:17:32.440000Z,2c
20180102T191814Z,2018-01-02T19:18:14.990000Z,2c
20180102T192411Z,2018-01-02T19:24:11.170000Z,6d
20180102T193807Z,2018-01-02T19:38:07.060000Z,1d
20180102T200140Z,2018-01-02T20:01:40.200000Z,1d
20180102T201842Z,2018-01-02T20:18:42.390000Z,4d
20180102T202023Z,2018-01-02T20:20:23.040000Z,2c
20180102T211232Z,2018-01-02T21:12:32.550000Z,8d
20180102T213203Z,2018-01-02T21:32:03.410000Z,2c
20180102T215455Z,2018-01-02T21:54:55.430000Z,1d
20180102T215605Z,2018-01-02T21:56:05.200000Z,2d
20180102T215859Z,2018-01-02T21:58:59.510000Z,8c
20180102T220316Z,2018-01-02T22:03:16.190000Z,1d
20180102T221131Z,2018-01-02T22:11:31.890000Z,1d
20180102T221840Z,2018-01-02T22:18:40.390000Z,8c
20180102T222215Z,2018-01-02T22:22:15.830000Z,1d
20180102T222227Z,2018-01-02T22:22:27.260000Z,1d
20180102T222359Z,2018-01-02T22:23:59.330000Z,1d
20180102T223253Z,2018-01-02T22:32:53.180000Z,1d
20180102T224839Z,2018-01-02T22:48:39.900000Z,1d
20180102T231108Z,2018-01-02T23:11:08.830000Z,2c
20180102T233409Z,2018-01-02T23:34:09.160000Z,2c
20180102T235815Z,2018-01-02T23:58:15.940000Z,2c
20180102T003803Z,2018-01-02T00:38:03.660000Z,2a
20180102T004457Z,2018-01-02T00:44:57.070000Z,2a
20180102T010252Z,2018-01-02T01:02:52.160000Z,2a
20180102T013530Z,2018-01-02T01:35:30.790000Z,2a
20180102T013822Z,2018-01-02T01:38:22.970000Z,6b
20180102T014741Z,2018-01-02T01:47:41.380000Z,2a
20180102T020455Z,2018-01-02T02:04:55.610000Z,2a
20180102T020522Z,2018-01-02T02:05:22.440000Z,2a
20180102T021007Z,2018-01-02T02:10:07.260000Z,2a
20180102T022421Z,2018-01-02T02:24:21.010000Z,6a
20180102T022828Z,2018-01-02T02:28:28.990000Z,2a
20180102T025434Z,2018-01-02T02:54:34.730000Z,2a
20180102T030023Z,2018-01-02T03:00:23.140000Z,2a
20180102T030854Z,2018-01-02T03:08:54.900000Z,2a
20180102T042722Z,2018-01-02T04:27:22.730000Z,6b
20180102T050813Z,2018-01-02T05:08:13.310000Z,2d
20180102T051047Z,2018-01-02T05:10:47.270000Z,2a
20180102T051227Z,2018-01-02T05:12:27.630000Z,2a
20180102T064105Z,2018-01-02T06:41:05.650000Z,2a
20180102T064118Z,2018-01-02T06:41:18.340000Z,2a
20180102T065558Z,2018-01-02T06:55:58.540000Z,2a
20180102T075100Z,2018-01-02T07:51:00.610000Z,2a
20180102T081221Z,2018-01-02T08:12:21.810000Z,2a
20180102T083139Z,2018-01-02T08:31:39.030000Z,2a
20180102T084912Z,2018-01-02T08:49:12.590000Z,2a
20180102T085142Z,2018-01-02T08:51:42.400000Z,2a
20180102T085356Z,2018-01-02T08:53:56.310000Z,2a
20180102T085921Z,2018-01-02T08:59:21.620000Z,2a
20180102T093221Z,2018-01-02T09:32:21.440000Z,6a
20180102T095219Z,2018-01-02T09:52:19.880000Z,2a
20180102T100101Z,2018-01-02T10:01:01.640000Z,8c
20180102T101545Z,2018-01-02T10:15:45.200000Z,8b
20180102T101601Z,2018-01-02T10:16:01.360000Z,2a
20180102T101657Z,2018-01-02T10:16:57.420000Z,2a
20180102T102653Z,2018-01-02T10:26:53.060000Z,2a
20180102T103923Z,2018-01-02T10:39:23.300000Z,2a
20180102T104445Z,2018-01-02T10:44:45.630000Z,6b
20180102T105728Z,2018-01-02T10:57:28.520000Z,2a
20180102T110214Z,2018-01-02T11:02:14.690000Z,2a
20180102T113542Z,2018-01-02T11:35:42.860000Z,2a
20180102T114200Z,2018-01-02T11:42:00.610000Z,2a
20180102T115631Z,2018-01-02T11:56:31.590000Z,2a
20180102T120421Z,2018-01-02T12:04:21.680000Z,2a
20180102T121417Z,2018-01-02T12:14:17.530000Z,2a
20180102T121603Z,2018-01-02T12:16:03.770000Z,2a
20180102T122306Z,2018-01-02T12:23:06.550000Z,2a
20180102T124333Z,2018-01-02T12:43:33.790000Z,2a
20180102T124737Z,2018-01-02T12:47:37.790000Z,2d
20180102T130618Z,2018-01-02T13:06:18.750000Z,6a
20180102T131546Z,2018-01-02T13:15:46.610000Z,6b
20180102T131725Z,2018-01-02T13:17:25.520000Z,2a
20180102T131753Z,2018-01-02T13:17:53.710000Z,6b
20180102T133120Z,2018-01-02T13:31:20.720000Z,8b
20180102T133658Z,2018-01-02T13:36:58.240000Z,2a
20180102T140350Z,2018-01-02T14:03:50.080000Z,2a
20180102T141630Z,2018-01-02T14:16:30.240000Z,2a
20180102T141830Z,2018-01-02T14:18:30.380000Z,2a
20180102T142235Z,2018-01-02T14:22:35.840000Z,2a
20180102T142759Z,2018-01-02T14:27:59.370000Z,2a
20180102T143700Z,2018-01-02T14:37:00.800000Z,2c
20180102T143713Z,2018-01-02T14:37:13.750000Z,2c
20180102T145820Z,2018-01-02T14:58:20.930000Z,8b
20180102T152146Z,2018-01-02T15:21:46.050000Z,2a
20180102T152847Z,2018-01-02T15:28:47.410000Z,6b
20180102T154050Z,2018-01-02T15:40:50.870000Z,2a
20180102T160525Z,2018-01-02T16:05:25.820000Z,2a
20180102T160816Z,2018-01-02T16:08:16.550000Z,2a
20180102T165245Z,2018-01-02T16:52:45.110000Z,2a
20180102T170941Z,2018-01-02T17:09:41.080000Z,2a
20180102T171913Z,2018-01-02T17:19:13.560000Z,2a
20180102T174015Z,2018-01-02T17:40:15.180000Z,2a
20180102T174533Z,2018-01-02T17:45:33.450000Z,2a
20180102T175138Z,2018-01-02T17:51:38.710000Z,2a
20180102T175440Z,2018-01-02T17:54:40.430000Z,6b
20180102T181106Z,2018-01-02T18:11:06.610000Z,2a
20180102T182804Z,2018-01-02T18:28:04.010000Z,2a
20180102T183444Z,2018-01-02T18:34:44.960000Z,2a
20180102T184738Z,2018-01-02T18:47:38.310000Z,2a
20180102T190054Z,2018-01-02T19:00:54.190000Z,2a
20180102T190552Z,2018-01-02T19:05:52.950000Z,2a
20180102T192243Z,2018-01-02T19:22:43.870000Z,2a
20180102T192613Z,2018-01-02T19:26:13.860000Z,2a
20180102T193226Z,2018-01-02T19:32:26.700000Z,6b
20180102T201427Z,2018-01-02T20:14:27.260000Z,2a
20180102T202039Z,2018-01-02T20:20:39.970000Z,2a
20180102T205646Z,2018-01-02T20:56:46.660000Z,2a
20180102T212116Z,2018-01-02T21:21:16.970000Z,6d
20180102T213322Z,2018-01-02T21:33:22.220000Z,2a
20180102T214523Z,2018-01-02T21:45:23.360000Z,6b
20180102T220852Z,2018-01-02T22:08:52.410000Z,8b
20180102T222617Z,2018-01-02T22:26:17.950000Z,2a
20180102T223616Z,2018-01-02T22:36:16.150000Z,2a
20180102T231803Z,2018-01-02T23:18:03.810000Z,2a
20180102T233314Z,2018-01-02T23:33:14.400000Z,2a
20180102T234945Z,2018-01-02T23:49:45.000000Z,2a
20180102T235036Z,2018-01-02T23:50:36.750000Z,2a
20180102T002204Z,2018-01-02T00:22:04.730000Z,2b
20180102T012458Z,2018-01-02T01:24:58.190000Z,2b
20180102T014828Z,2018-01-02T01:48:28.530000Z,2b
20180102T031340Z,2018-01-02T03:13:40.910000Z,2b
20180102T031603Z,2018-01-02T03:16:03.040000Z,2c
20180102T045416Z,2018-01-02T04:54:16.300000Z,2b
20180102T053401Z,2018-01-02T05:34:01.170000Z,2b
20180102T054613Z,2018-01-02T05:46:13.080000Z,2b
20180102T064406Z,2018-01-02T06:44:06.310000Z,8c
20180102T090811Z,2018-01-02T09:08:11.450000Z,2b
20180102T093835Z,2018-01-02T09:38:35.700000Z,2b
20180102T095015Z,2018-01-02T09:50:15.320000Z,2b
20180102T102808Z,2018-01-02T10:28:08.050000Z,2b
20180102T113141Z,2018-01-02T11:31:41.890000Z,2b
20180102T115723Z,2018-01-02T11:57:23.000000Z,2b
20180102T121048Z,2018-01-02T12:10:48.410000Z,2b
20180102T121904Z,2018-01-02T12:19:04.480000Z,2b
20180102T131754Z,2018-01-02T13:17:54.460000Z,8c
20180102T134443Z,2018-01-02T13:44:43.370000Z,2b
20180102T140050Z,2018-01-02T14:00:50.670000Z,2b
20180102T150903Z,2018-01-02T15:09:03.390000Z,2b
20180102T162208Z,2018-01-02T16:22:08.360000Z,2b
20180102T162728Z,2018-01-02T16:27:28.120000Z,2b
20180102T162800Z,2018-01-02T16:28:00.120000Z,2b
20180102T163318Z,2018-01-02T16:33:18.110000Z,2b
20180102T163335Z,2018-01-02T16:33:35.850000Z,2b
20180102T174933Z,2018-01-02T17:49:33.710000Z,2b
20180102T181600Z,2018-01-02T18:16:00.720000Z,2b
20180102T192846Z,2018-01-02T19:28:46.960000Z,2b
20180102T193708Z,2018-01-02T19:37:08.770000Z,2b
20180102T224019Z,2018-01-02T22:40:19.210000Z,2b
20180102T224727Z,2018-01-02T22:47:27.850000Z,2b
20180102T234825Z,2018-01-02T23:48:25.830000Z,2b
20180102T000202Z,2018-01-02T00:02:02.080000Z,2c
20180102T001116Z,2018-01-02T00:11:16.130000Z,6c
20180102T001733Z,2018-01-02T00:17:33.990000Z,2c
20180102T003350Z,2018-01-02T00:33:50.170000Z,2c
20180102T003537Z,2018-01-02T00:35:37.060000Z,2c
20180102T003804Z,2018-01-02T00:38:04.640000Z,8c
20180102T005606Z,2018-01-02T00:56:06.840000Z,2c
20180102T013643Z,2018-01-02T01:36:43.100000Z,2c
20180102T014222Z,2018-01-02T01:42:22.250000Z,2d
20180102T020456Z,2018-01-02T02:04:56.630000Z,8c
20180102T021905Z,2018-01-02T02:19:05.020000Z,2c
20180102T025425Z,2018-01-02T02:54:25.740000Z,2c
20180102T025701Z,2018-01-02T02:57:01.400000Z,2c
20180102T031630Z,2018-01-02T03:16:30.250000Z,2c
20180102T033028Z,2018-01-02T03:30:28.090000Z,8d
20180102T034937Z,2018-01-02T03:49:37.060000Z,2c
20180102T035427Z,2018-01-02T03:54:27.380000Z,6d
20180102T035738Z,2018-01-02T03:57:38.030000Z,2c
20180102T035816Z,2018-01-02T03:58:16.350000Z,2c
20180102T042110Z,2018-01-02T04:21:10.970000Z,2c
20180102T042723Z,2018-01-02T04:27:23.720000Z,2c
20180102T043436Z,2018-01-02T04:34:36.480000Z,2c
20180102T054502Z,2018-01-02T05:45:02.210000Z,2c
20180102T065302Z,2018-01-02T06:53:02.450000Z,2c
20180102T065559Z,2018-01-02T06:55:59.620000Z,2d
20180102T070121Z,2018-01-02T07:01:21.690000Z,6d
20180102T073601Z,2018-01-02T07:36:01.310000Z,2c
20180102T080622Z,2018-01-02T08:06:22.570000Z,2c
20180102T081732Z,2018-01-02T08:17:32.360000Z,2c
20180102T083306Z,2018-01-02T08:33:06.810000Z,4b
20180102T085014Z,2018-01-02T08:50:14.490000Z,6d
20180102T092634Z,2018-01-02T09:26:34.160000Z,2c
20180102T093222Z,2018-01-02T09:32:22.020000Z,2c
20180102T095342Z,2018-01-02T09:53:42.620000Z,2c
20180102T100152Z,2018-01-02T10:01:52.160000Z,2c
20180102T100842Z,2018-01-02T10:08:42.680000Z,2c
20180102T101201Z,2018-01-02T10:12:01.350000Z,8c
20180102T103108Z,2018-01-02T10:31:08.030000Z,2c
20180102T105438Z,2018-01-02T10:54:38.740000Z,2c
20180102T105751Z,2018-01-02T10:57:51.320000Z,2c
20180102T110957Z,2018-01-02T11:09:57.550000Z,2c
20180102T111120Z,2018-01-02T11:11:20.420000Z,2c
20180102T111322Z,2018-01-02T11:13:22.190000Z,2c
20180102T112426Z,2018-01-02T11:24:26.100000Z,6a
20180102T112501Z,2018-01-02T11:25:01.830000Z,2c
20180102T112931Z,2018-01-02T11:29:31.280000Z,2c
20180102T113502Z,2018-01-02T11:35:02.260000Z,2c
20180102T115632Z,2018-01-02T11:56:32.680000Z,2d
20180102T121211Z,2018-01-02T12:12:11.780000Z,2c
20180102T122519Z,2018-01-02T12:25:19.470000Z,2c
20180102T122831Z,2018-01-02T12:28:31.620000Z,2c
20180102T123727Z,2018-01-02T12:37:27.600000Z,6a
20180102T124342Z,2018-01-02T12:43:42.380000Z,2c
20180102T125638Z,2018-01-02T12:56:38.510000Z,2c
20180102T130121Z,2018-01-02T13:01:21.020000Z,2c
20180102T130619Z,2018-01-02T13:06:19.940000Z,2d
20180102T131500Z,2018-01-02T13:15:00.870000Z,2c
20180102T131547Z,2018-01-02T13:15:47.360000Z,8c
20180102T134604Z,2018-01-02T13:46:04.130000Z,2c
20180102T141748Z,2018-01-02T14:17:48.220000Z,8d
20180102T141819Z,2018-01-02T14:18:19.340000Z,2d
20180102T142801Z,2018-01-02T14:28:01.040000Z,2c
20180102T144052Z,2018-01-02T14:40:52.490000Z,2c
20180102T144251Z,2018-01-02T14:42:51.690000Z,2c
20180102T150358Z,2018-01-02T15:03:58.630000Z,2c
20180102T152116Z,2018-01-02T15:21:16.800000Z,6d
20180102T152533Z,2018-01-02T15:25:33.700000Z,2c
20180102T153511Z,2018-01-02T15:35:11.290000Z,2c
20180102T155225Z,2018-01-02T15:52:25.060000Z,6d
20180102T160443Z,2018-01-02T16:04:43.730000Z,6d
20180102T160530Z,2018-01-02T16:05:30.110000Z,2c
20180102T162921Z,2018-01-02T16:29:21.390000Z,8c
20180102T163819Z,2018-01-02T16:38:19.750000Z,2c
20180102T164725Z,2018-01-02T16:47:25.120000Z,2c
20180102T172827Z,2018-01-02T17:28:27.560000Z,2c
20180102T175652Z,2018-01-02T17:56:52.670000Z,2c
20180102T181402Z,2018-01-02T18:14:02.690000Z,2d
20180102T190705Z,2018-01-02T19:07:05.310000Z,2c
20180102T192245Z,2018-01-02T19:22:45.070000Z,2c
20180102T194109Z,2018-01-02T19:41:09.070000Z,2c
20180102T201323Z,2018-01-02T20:13:23.230000Z,2c
20180102T202111Z,2018-01-02T20:21:11.260000Z,8d
20180102T202337Z,2018-01-02T20:23:37.830000Z,2c
20180102T210022Z,2018-01-02T21:00:22.920000Z,2c
20180102T212035Z,2018-01-02T21:20:35.570000Z,4b
20180102T212251Z,2018-01-02T21:22:51.600000Z,2c
20180102T213323Z,2018-01-02T21:33:23.430000Z,2c
20180102T214002Z,2018-01-02T21:40:02.400000Z,2c
20180102T214236Z,2018-01-02T21:42:36.360000Z,2c
20180102T214527Z,2018-01-02T21:45:27.710000Z,2c
20180102T214909Z,2018-01-02T21:49:09.270000Z,2c
20180102T221546Z,2018-01-02T22:15:46.830000Z,2c
20180102T223252Z,2018-01-02T22:32:52.550000Z,2c
20180102T234547Z,2018-01-02T23:45:47.760000Z,2c
20180102T024948Z,2018-01-02T02:49:48.450000Z,2d
20180102T032251Z,2018-01-02T03:22:51.320000Z,2d
20180102T043435Z,2018-01-02T04:34:35.900000Z,6a
20180102T043711Z,2018-01-02T04:37:11.810000Z,2d
20180102T043904Z,2018-01-02T04:39:04.740000Z,6d
20180102T053320Z,2018-01-02T05:33:20.250000Z,2d
20180102T064119Z,2018-01-02T06:41:19.420000Z,5b
20180102T070539Z,2018-01-02T07:05:39.180000Z,2d
20180102T101658Z,2018-01-02T10:16:58.510000Z,2d
20180102T104100Z,2018-01-02T10:41:00.520000Z,2d
20180102T113932Z,2018-01-02T11:39:32.370000Z,6d
20180102T120450Z,2018-01-02T12:04:50.540000Z,6d
20180102T121022Z,2018-01-02T12:10:22.210000Z,6d
20180102T122655Z,2018-01-02T12:26:55.620000Z,6d
20180102T124256Z,2018-01-02T12:42:56.210000Z,2d
20180102T125400Z,2018-01-02T12:54:00.740000Z,2d
20180102T132444Z,2018-01-02T13:24:44.850000Z,2d
20180102T134027Z,2018-01-02T13:40:27.700000Z,2d
20180102T140232Z,2018-01-02T14:02:32.960000Z,6d
20180102T141935Z,2018-01-02T14:19:35.850000Z,6a
20180102T142800Z,2018-01-02T14:28:00.460000Z,6a
20180102T145140Z,2018-01-02T14:51:40.900000Z,6d
20180102T151038Z,2018-01-02T15:10:38.300000Z,2d
20180102T154718Z,2018-01-02T15:47:18.260000Z,2d
20180102T160540Z,2018-01-02T16:05:40.440000Z,6d
20180102T161748Z,2018-01-02T16:17:48.550000Z,6d
20180102T161947Z,2018-01-02T16:19:47.330000Z,6d
20180102T163237Z,2018-01-02T16:32:37.220000Z,2d
20180102T173734Z,2018-01-02T17:37:34.780000Z,2d
20180102T180136Z,2018-01-02T18:01:36.300000Z,2d
20180102T181107Z,2018-01-02T18:11:07.690000Z,2d
20180102T182247Z,2018-01-02T18:22:47.440000Z,2d
20180102T183907Z,2018-01-02T18:39:07.720000Z,6d
20180102T193650Z,2018-01-02T19:36:50.470000Z,2d
20180102T194851Z,2018-01-02T19:48:51.450000Z,2d
20180102T200848Z,2018-01-02T20:08:48.840000Z,2d
20180102T202755Z,2018-01-02T20:27:55.250000Z,6d
20180102T205038Z,2018-01-02T20:50:38.220000Z,6d
20180102T211506Z,2018-01-02T21:15:06.390000Z,6d
20180102T212443Z,2018-01-02T21:24:43.380000Z,2d
20180102T214235Z,2018-01-02T21:42:35.940000Z,6d
20180102T222033Z,2018-01-02T22:20:33.680000Z,6d
20180102T222505Z,2018-01-02T22:25:05.100000Z,2d
20180102T224649Z,2018-01-02T22:46:49.650000Z,2d
20180102T230813Z,2018-01-02T23:08:13.680000Z,2d
20180102T233315Z,2018-01-02T23:33:15.480000Z,2d
20180102T234946Z,2018-01-02T23:49:46.120000Z,2d
20180102T014106Z,2018-01-02T01:41:06.000000Z,3a
20180102T040943Z,2018-01-02T04:09:43.560000Z,3a
20180102T042818Z,2018-01-02T04:28:18.660000Z,3b
20180102T053256Z,2018-01-02T05:32:56.910000Z,3b
20180102T083401Z,2018-01-02T08:34:01.320000Z,3b
20180102T085619Z,2018-01-02T08:56:19.840000Z,3b
20180102T153823Z,2018-01-02T15:38:23.880000Z,3b
20180102T181318Z,2018-01-02T18:13:18.720000Z,3b
20180102T184530Z,2018-01-02T18:45:30.840000Z,3b
20180102T215029Z,2018-01-02T21:50:29.450000Z,3d
20180102T023230Z,2018-01-02T02:32:30.420000Z,3b
20180102T031136Z,2018-01-02T03:11:36.720000Z,3b
20180102T032918Z,2018-01-02T03:29:18.130000Z,3b
20180102T033322Z,2018-01-02T03:33:22.250000Z,3b
20180102T035522Z,2018-01-02T03:55:22.120000Z,3b
20180102T071946Z,2018-01-02T07:19:46.300000Z,3b
20180102T080628Z,2018-01-02T08:06:28.810000Z,3b
20180102T111527Z,2018-01-02T11:15:27.020000Z,3b
20180102T135123Z,2018-01-02T13:51:23.310000Z,3c
20180102T143130Z,2018-01-02T14:31:30.740000Z,3b
20180102T145123Z,2018-01-02T14:51:23.880000Z,3b
20180102T155305Z,2018-01-02T15:53:05.970000Z,3b
20180102T185401Z,2018-01-02T18:54:01.410000Z,3b
20180102T201330Z,2018-01-02T20:13:30.520000Z,3b
20180102T204745Z,2018-01-02T20:47:45.500000Z,3b
20180102T210106Z,2018-01-02T21:01:06.260000Z,3b
20180102T222947Z,2018-01-02T22:29:47.990000Z,3b
20180102T223316Z,2018-01-02T22:33:16.660000Z,3b
20180102T235702Z,2018-01-02T23:57:02.380000Z,3b
20180102T035521Z,2018-01-02T03:55:21.800000Z,3c
20180102T071722Z,2018-01-02T07:17:22.230000Z,3c
20180102T090335Z,2018-01-02T09:03:35.500000Z,3c
20180102T100051Z,2018-01-02T10:00:51.540000Z,3c
20180102T114004Z,2018-01-02T11:40:04.180000Z,3c
20180102T152500Z,2018-01-02T15:25:00.170000Z,3c
20180102T155341Z,2018-01-02T15:53:41.580000Z,3c
20180102T160624Z,2018-01-02T16:06:24.950000Z,3c
20180102T175728Z,2018-01-02T17:57:28.200000Z,3c
20180102T192328Z,2018-01-02T19:23:28.810000Z,3c
20180102T192408Z,2018-01-02T19:24:08.010000Z,3c
20180102T202952Z,2018-01-02T20:29:52.740000Z,3c
20180102T220454Z,2018-01-02T22:04:54.180000Z,3c
20180102T232313Z,2018-01-02T23:23:13.170000Z,3c
20180102T001345Z,2018-01-02T00:13:45.700000Z,3d
20180102T010210Z,2018-01-02T01:02:10.280000Z,5c
20180102T010755Z,2018-01-02T01:07:55.290000Z,5c
20180102T033018Z,2018-01-02T03:30:18.610000Z,3d
20180102T054701Z,2018-01-02T05:47:01.450000Z,3d
20180102T071738Z,2018-01-02T07:17:38.610000Z,3d
20180102T072540Z,2018-01-02T07:25:40.540000Z,3d
20180102T075758Z,2018-01-02T07:57:58.490000Z,3d
20180102T092159Z,2018-01-02T09:21:59.900000Z,3d
20180102T093347Z,2018-01-02T09:33:47.290000Z,3d
20180102T101130Z,2018-01-02T10:11:30.050000Z,5c
20180102T111303Z,2018-01-02T11:13:03.580000Z,3d
20180102T112913Z,2018-01-02T11:29:13.080000Z,5c
20180102T113556Z,2018-01-02T11:35:56.370000Z,3d
20180102T121122Z,2018-01-02T12:11:22.660000Z,3d
20180102T134851Z,2018-01-02T13:48:51.640000Z,3d
20180102T144220Z,2018-01-02T14:42:20.120000Z,5c
20180102T144508Z,2018-01-02T14:45:08.060000Z,5c
20180102T144925Z,2018-01-02T14:49:25.540000Z,3d
20180102T145730Z,2018-01-02T14:57:30.950000Z,3d
20180102T151402Z,2018-01-02T15:14:02.340000Z,3d
20180102T153536Z,2018-01-02T15:35:36.220000Z,5c
20180102T162523Z,2018-01-02T16:25:23.370000Z,3d
20180102T170931Z,2018-01-02T17:09:31.520000Z,3d
20180102T171630Z,2018-01-02T17:16:30.950000Z,3d
20180102T171919Z,2018-01-02T17:19:19.950000Z,3d
20180102T191427Z,2018-01-02T19:14:27.400000Z,3d
20180102T193036Z,2018-01-02T19:30:36.120000Z,5c
20180102T194344Z,2018-01-02T19:43:44.960000Z,3d
20180102T202302Z,2018-01-02T20:23:02.610000Z,4b
20180102T204309Z,2018-01-02T20:43:09.020000Z,5c
20180102T205957Z,2018-01-02T20:59:57.300000Z,3d
20180102T214241Z,2018-01-02T21:42:41.710000Z,3d
20180102T215048Z,2018-01-02T21:50:48.020000Z,3d
20180102T215433Z,2018-01-02T21:54:33.780000Z,3d
20180102T215948Z,2018-01-02T21:59:48.800000Z,3d
20180102T221404Z,2018-01-02T22:14:04.390000Z,5c
20180102T222650Z,2018-01-02T22:26:50.490000Z,5c
20180102T223528Z,2018-01-02T22:35:28.020000Z,3d
20180102T225348Z,2018-01-02T22:53:48.450000Z,3d
20180102T231116Z,2018-01-02T23:11:16.080000Z,3d
20180102T232414Z,2018-01-02T23:24:14.280000Z,5c
20180102T010636Z,2018-01-02T01:06:36.640000Z,5b
20180102T011204Z,2018-01-02T01:12:04.330000Z,6b
20180102T014544Z,2018-01-02T01:45:44.280000Z,4b
20180102T021041Z,2018-01-02T02:10:41.980000Z,4b
20180102T052451Z,2018-01-02T05:24:51.700000Z,4b
20180102T060143Z,2018-01-02T06:01:43.500000Z,5c
20180102T065636Z,2018-01-02T06:56:36.690000Z,5c
20180102T072010Z,2018-01-02T07:20:10.640000Z,4b
20180102T081509Z,2018-01-02T08:15:09.620000Z,4b
20180102T090500Z,2018-01-02T09:05:00.460000Z,4b
20180102T094310Z,2018-01-02T09:43:10.920000Z,4b
20180102T121604Z,2018-01-02T12:16:04.280000Z,5c
20180102T124950Z,2018-01-02T12:49:50.180000Z,5c
20180102T125632Z,2018-01-02T12:56:32.230000Z,4b
20180102T131216Z,2018-01-02T13:12:16.780000Z,4b
20180102T131711Z,2018-01-02T13:17:11.610000Z,4b
20180102T131726Z,2018-01-02T13:17:26.140000Z,4b
20180102T132226Z,2018-01-02T13:22:26.970000Z,4b
20180102T132745Z,2018-01-02T13:27:45.800000Z,5c
20180102T132817Z,2018-01-02T13:28:17.600000Z,4b
20180102T133516Z,2018-01-02T13:35:16.920000Z,4b
20180102T135443Z,2018-01-02T13:54:43.720000Z,4b
20180102T143159Z,2018-01-02T14:31:59.550000Z,6b
20180102T172621Z,2018-01-02T17:26:21.590000Z,4b
20180102T175058Z,2018-01-02T17:50:58.850000Z,5c
20180102T183548Z,2018-01-02T18:35:48.780000Z,4b
20180102T184919Z,2018-01-02T18:49:19.670000Z,4b
20180102T190242Z,2018-01-02T19:02:42.450000Z,5b
20180102T191604Z,2018-01-02T19:16:04.460000Z,6b
20180102T193227Z,2018-01-02T19:32:27.210000Z,4b
20180102T202430Z,2018-01-02T20:24:30.180000Z,4b
20180102T210310Z,2018-01-02T21:03:10.780000Z,5c
20180102T210826Z,2018-01-02T21:08:26.680000Z,5a
20180102T212628Z,2018-01-02T21:26:28.940000Z,4b
20180102T212928Z,2018-01-02T21:29:28.970000Z,4b
20180102T213711Z,2018-01-02T21:37:11.460000Z,5a
20180102T213824Z,2018-01-02T21:38:24.780000Z,4b
20180102T220437Z,2018-01-02T22:04:37.810000Z,4b
20180102T222225Z,2018-01-02T22:22:25.970000Z,4b
20180102T222514Z,2018-01-02T22:25:14.340000Z,4b
20180102T084040Z,2018-01-02T08:40:40.980000Z,4c
20180102T092739Z,2018-01-02T09:27:39.760000Z,6d
20180102T093026Z,2018-01-02T09:30:26.910000Z,6d
20180102T121514Z,2018-01-02T12:15:14.360000Z,4c
20180102T122103Z,2018-01-02T12:21:03.540000Z,4c
20180102T162720Z,2018-01-02T16:27:20.090000Z,4c
20180102T162752Z,2018-01-02T16:27:52.850000Z,4c
20180102T194630Z,2018-01-02T19:46:30.010000Z,4c
20180102T203137Z,2018-01-02T20:31:37.960000Z,4c
20180102T211231Z,2018-01-02T21:12:31.830000Z,4c
20180102T020350Z,2018-01-02T02:03:50.610000Z,4d
20180102T021025Z,2018-01-02T02:10:25.560000Z,4d
20180102T021556Z,2018-01-02T02:15:56.840000Z,4d
20180102T025737Z,2018-01-02T02:57:37.550000Z,4d
20180102T044451Z,2018-01-02T04:44:51.750000Z,4d
20180102T050156Z,2018-01-02T05:01:56.840000Z,4d
20180102T060851Z,2018-01-02T06:08:51.150000Z,4d
20180102T070156Z,2018-01-02T07:01:56.310000Z,6a
20180102T085105Z,2018-01-02T08:51:05.890000Z,5b
20180102T090459Z,2018-01-02T09:04:59.590000Z,4d
20180102T100710Z,2018-01-02T10:07:10.940000Z,4d
20180102T110312Z,2018-01-02T11:03:12.370000Z,4d
20180102T110427Z,2018-01-02T11:04:27.940000Z,4d
20180102T110522Z,2018-01-02T11:05:22.560000Z,4d
20180102T123129Z,2018-01-02T12:31:29.900000Z,6b
20180102T141747Z,2018-01-02T14:17:47.830000Z,6c
20180102T150536Z,2018-01-02T15:05:36.190000Z,4d
20180102T153232Z,2018-01-02T15:32:32.270000Z,4d
20180102T153341Z,2018-01-02T15:33:41.480000Z,4d
20180102T164052Z,2018-01-02T16:40:52.900000Z,4d
20180102T173145Z,2018-01-02T17:31:45.680000Z,4d
20180102T174029Z,2018-01-02T17:40:29.280000Z,4d
20180102T180223Z,2018-01-02T18:02:23.430000Z,4d
20180102T191632Z,2018-01-02T19:16:32.130000Z,4d
20180102T193805Z,2018-01-02T19:38:05.650000Z,4d
20180102T204601Z,2018-01-02T20:46:01.590000Z,4d
20180102T220950Z,2018-01-02T22:09:50.810000Z,4d
20180102T231416Z,2018-01-02T23:14:16.860000Z,4d
20180102T003849Z,2018-01-02T00:38:49.570000Z,5c
20180102T031947Z,2018-01-02T03:19:47.970000Z,5a
20180102T033135Z,2018-01-02T03:31:35.930000Z,5a
20180102T043532Z,2018-01-02T04:35:32.510000Z,5a
20180102T054414Z,2018-01-02T05:44:14.760000Z,5a
20180102T072113Z,2018-01-02T07:21:13.560000Z,5a
20180102T093346Z,2018-01-02T09:33:46.820000Z,5a
20180102T130147Z,2018-01-02T13:01:47.780000Z,5c
20180102T134609Z,2018-01-02T13:46:09.570000Z,5a
20180102T152322Z,2018-01-02T15:23:22.400000Z,5a
20180102T162726Z,2018-01-02T16:27:26.480000Z,5c
20180102T174932Z,2018-01-02T17:49:32.670000Z,5a
20180102T185416Z,2018-01-02T18:54:16.700000Z,5a
20180102T190647Z,2018-01-02T19:06:47.960000Z,5a
20180102T193707Z,2018-01-02T19:37:07.390000Z,5a
20180102T193903Z,2018-01-02T19:39:03.100000Z,5a
20180102T205121Z,2018-01-02T20:51:21.350000Z,5a
20180102T210330Z,2018-01-02T21:03:30.890000Z,5c
20180102T211004Z,2018-01-02T21:10:04.840000Z,5b
20180102T221427Z,2018-01-02T22:14:27.270000Z,5a
20180102T221916Z,2018-01-02T22:19:16.460000Z,5a
20180102T224809Z,2018-01-02T22:48:09.120000Z,5a
20180102T234824Z,2018-01-02T23:48:24.850000Z,5a
20180102T064106Z,2018-01-02T06:41:06.050000Z,6b
20180102T065333Z,2018-01-02T06:53:33.910000Z,5b
20180102T101546Z,2018-01-02T10:15:46.110000Z,5b
20180102T154051Z,2018-01-02T15:40:51.040000Z,8b
20180102T191605Z,2018-01-02T19:16:05.090000Z,5b
20180102T210632Z,2018-01-02T21:06:32.040000Z,5b
20180102T211903Z,2018-01-02T21:19:03.550000Z,5b
20180102T220853Z,2018-01-02T22:08:53.320000Z,5b
20180102T002925Z,2018-01-02T00:29:25.610000Z,5c
20180102T005445Z,2018-01-02T00:54:45.650000Z,5c
20180102T014543Z,2018-01-02T01:45:43.760000Z,5c
20180102T050833Z,2018-01-02T05:08:33.680000Z,5c
20180102T072539Z,2018-01-02T07:25:39.980000Z,5c
20180102T075757Z,2018-01-02T07:57:57.930000Z,5c
20180102T091644Z,2018-01-02T09:16:44.530000Z,5c
20180102T104931Z,2018-01-02T10:49:31.690000Z,8d
20180102T113555Z,2018-01-02T11:35:55.810000Z,5c
20180102T125631Z,2018-01-02T12:56:31.940000Z,5c
20180102T144924Z,2018-01-02T14:49:24.980000Z,5c
20180102T161703Z,2018-01-02T16:17:03.610000Z,5c
20180102T162148Z,2018-01-02T16:21:48.480000Z,5c
20180102T194002Z,2018-01-02T19:40:02.730000Z,5c
20180102T202301Z,2018-01-02T20:23:01.920000Z,5c
20180102T225347Z,2018-01-02T22:53:47.890000Z,5c
20180102T000408Z,2018-01-02T00:04:08.190000Z,6c
20180102T000531Z,2018-01-02T00:05:31.850000Z,6a
20180102T000804Z,2018-01-02T00:08:04.020000Z,6a
20180102T000816Z,2018-01-02T00:08:16.580000Z,6a
20180102T001659Z,2018-01-02T00:16:59.460000Z,6a
20180102T004543Z,2018-01-02T00:45:43.860000Z,6a
20180102T005843Z,2018-01-02T00:58:43.930000Z,6a
20180102T012519Z,2018-01-02T01:25:19.160000Z,6a
20180102T012839Z,2018-01-02T01:28:39.880000Z,6a
20180102T022401Z,2018-01-02T02:24:01.390000Z,6a
20180102T022511Z,2018-01-02T02:25:11.900000Z,6a
20180102T023731Z,2018-01-02T02:37:31.150000Z,6a
20180102T025700Z,2018-01-02T02:57:00.630000Z,6c
20180102T033027Z,2018-01-02T03:30:27.690000Z,6c
20180102T043710Z,2018-01-02T04:37:10.630000Z,6a
20180102T051600Z,2018-01-02T05:16:00.600000Z,6a
20180102T053039Z,2018-01-02T05:30:39.460000Z,6c
20180102T053135Z,2018-01-02T05:31:35.760000Z,6d
20180102T070120Z,2018-01-02T07:01:20.470000Z,6a
20180102T073321Z,2018-01-02T07:33:21.460000Z,6a
20180102T081027Z,2018-01-02T08:10:27.290000Z,6a
20180102T083656Z,2018-01-02T08:36:56.920000Z,6a
20180102T084939Z,2018-01-02T08:49:39.030000Z,6a
20180102T090139Z,2018-01-02T09:01:39.220000Z,6a
20180102T103353Z,2018-01-02T10:33:53.980000Z,6a
20180102T103754Z,2018-01-02T10:37:54.720000Z,6a
20180102T105750Z,2018-01-02T10:57:50.740000Z,6a
20180102T120339Z,2018-01-02T12:03:39.200000Z,6a
20180102T120934Z,2018-01-02T12:09:34.310000Z,6a
20180102T134026Z,2018-01-02T13:40:26.850000Z,6a
20180102T140631Z,2018-01-02T14:06:31.610000Z,6a
20180102T141818Z,2018-01-02T14:18:18.830000Z,6a
20180102T143226Z,2018-01-02T14:32:26.320000Z,6a
20180102T152956Z,2018-01-02T15:29:56.830000Z,6a
20180102T155019Z,2018-01-02T15:50:19.140000Z,6a
20180102T155534Z,2018-01-02T15:55:34.870000Z,6d
20180102T160442Z,2018-01-02T16:04:42.980000Z,6a
20180102T162721Z,2018-01-02T16:27:21.170000Z,6a
20180102T164724Z,2018-01-02T16:47:24.350000Z,6c
20180102T180135Z,2018-01-02T18:01:35.110000Z,6a
20180102T180356Z,2018-01-02T18:03:56.550000Z,6c
20180102T183940Z,2018-01-02T18:39:40.550000Z,8d
20180102T190457Z,2018-01-02T19:04:57.530000Z,6a
20180102T193426Z,2018-01-02T19:34:26.640000Z,6a
20180102T194107Z,2018-01-02T19:41:07.970000Z,6a
20180102T212154Z,2018-01-02T21:21:54.780000Z,6a
20180102T212206Z,2018-01-02T21:22:06.260000Z,6a
20180102T212523Z,2018-01-02T21:25:23.590000Z,7a
20180102T212538Z,2018-01-02T21:25:38.990000Z,7d
20180102T220521Z,2018-01-02T22:05:21.140000Z,6a
20180102T222503Z,2018-01-02T22:25:03.920000Z,6a
20180102T230700Z,2018-01-02T23:07:00.550000Z,6a
20180102T234944Z,2018-01-02T23:49:44.930000Z,6a
20180102T235054Z,2018-01-02T23:50:54.350000Z,6a
20180102T012457Z,2018-01-02T01:24:57.220000Z,6b
20180102T032250Z,2018-01-02T03:22:50.650000Z,6b
20180102T045415Z,2018-01-02T04:54:15.330000Z,6b
20180102T054612Z,2018-01-02T05:46:12.110000Z,6b
20180102T085445Z,2018-01-02T08:54:45.810000Z,6b
20180102T093834Z,2018-01-02T09:38:34.380000Z,8b
20180102T095014Z,2018-01-02T09:50:14.350000Z,6b
20180102T104703Z,2018-01-02T10:47:03.980000Z,6b
20180102T121037Z,2018-01-02T12:10:37.790000Z,6b
20180102T145821Z,2018-01-02T14:58:21.120000Z,6b
20180102T154052Z,2018-01-02T15:40:52.500000Z,6b
20180102T162207Z,2018-01-02T16:22:07.390000Z,6b
20180102T162759Z,2018-01-02T16:27:59.150000Z,6b
20180102T170435Z,2018-01-02T17:04:35.990000Z,6b
20180102T181450Z,2018-01-02T18:14:50.960000Z,6b
20180102T201555Z,2018-01-02T20:15:55.620000Z,6b
20180102T212224Z,2018-01-02T21:22:24.590000Z,8a
20180102T215459Z,2018-01-02T21:54:59.460000Z,6b
20180102T224726Z,2018-01-02T22:47:26.700000Z,6b
20180102T230014Z,2018-01-02T23:00:14.750000Z,6b
20180102T230812Z,2018-01-02T23:08:12.820000Z,6b
20180102T235002Z,2018-01-02T23:50:02.180000Z,6b
20180102T235037Z,2018-01-02T23:50:37.140000Z,6b
20180102T000827Z,2018-01-02T00:08:27.410000Z,6c
20180102T004406Z,2018-01-02T00:44:06.760000Z,8d
20180102T005454Z,2018-01-02T00:54:54.590000Z,6c
20180102T012518Z,2018-01-02T01:25:18.990000Z,6c
20180102T013554Z,2018-01-02T01:35:54.350000Z,6c
20180102T014142Z,2018-01-02T01:41:42.620000Z,6c
20180102T024936Z,2018-01-02T02:49:36.100000Z,6c
20180102T025424Z,2018-01-02T02:54:24.970000Z,6c
20180102T025949Z,2018-01-02T02:59:49.780000Z,6c
20180102T030147Z,2018-01-02T03:01:47.390000Z,8d
20180102T032557Z,2018-01-02T03:25:57.680000Z,8a
20180102T045457Z,2018-01-02T04:54:57.270000Z,6c
20180102T050349Z,2018-01-02T05:03:49.490000Z,6c
20180102T081546Z,2018-01-02T08:15:46.240000Z,6c
20180102T085013Z,2018-01-02T08:50:13.820000Z,6c
20180102T095346Z,2018-01-02T09:53:46.580000Z,6c
20180102T102318Z,2018-01-02T10:23:18.770000Z,8d
20180102T105437Z,2018-01-02T10:54:37.980000Z,6c
20180102T112930Z,2018-01-02T11:29:30.520000Z,6c
20180102T122238Z,2018-01-02T12:22:38.310000Z,6c
20180102T124415Z,2018-01-02T12:44:15.810000Z,6c
20180102T125246Z,2018-01-02T12:52:46.640000Z,6c
20180102T125730Z,2018-01-02T12:57:30.260000Z,6c
20180102T130250Z,2018-01-02T13:02:50.630000Z,6c
20180102T140630Z,2018-01-02T14:06:30.740000Z,6c
20180102T141037Z,2018-01-02T14:10:37.410000Z,6c
20180102T142103Z,2018-01-02T14:21:03.970000Z,6c
20180102T152524Z,2018-01-02T15:25:24.970000Z,6c
20180102T183939Z,2018-01-02T18:39:39.920000Z,6c
20180102T184955Z,2018-01-02T18:49:55.940000Z,6c
20180102T190844Z,2018-01-02T19:08:44.000000Z,6c
20180102T191217Z,2018-01-02T19:12:17.270000Z,6c
20180102T202110Z,2018-01-02T20:21:10.550000Z,6c
20180102T214000Z,2018-01-02T21:40:00.970000Z,6c
20180102T224658Z,2018-01-02T22:46:58.930000Z,8d
20180102T235233Z,2018-01-02T23:52:33.670000Z,6c
20180102T000817Z,2018-01-02T00:08:17.330000Z,6d
20180102T001700Z,2018-01-02T00:17:00.830000Z,6d
20180102T012740Z,2018-01-02T01:27:40.980000Z,6d
20180102T025950Z,2018-01-02T02:59:50.450000Z,6d
20180102T035325Z,2018-01-02T03:53:25.230000Z,6d
20180102T051601Z,2018-01-02T05:16:01.210000Z,6d
20180102T051941Z,2018-01-02T05:19:41.750000Z,6d
20180102T090529Z,2018-01-02T09:05:29.800000Z,6d
20180102T103354Z,2018-01-02T10:33:54.960000Z,7d
20180102T105443Z,2018-01-02T10:54:43.980000Z,6d
20180102T124738Z,2018-01-02T12:47:38.010000Z,6d
20180102T130620Z,2018-01-02T13:06:20.080000Z,6d
20180102T131040Z,2018-01-02T13:10:40.750000Z,6d
20180102T132445Z,2018-01-02T13:24:45.070000Z,6d
20180102T135645Z,2018-01-02T13:56:45.450000Z,6d
20180102T151037Z,2018-01-02T15:10:37.910000Z,6d
20180102T161849Z,2018-01-02T16:18:49.170000Z,6d
20180102T194850Z,2018-01-02T19:48:50.420000Z,6d
20180102T215454Z,2018-01-02T21:54:54.200000Z,6d
20180102T222619Z,2018-01-02T22:26:19.250000Z,6d
20180102T222713Z,2018-01-02T22:27:13.130000Z,6d
20180102T001608Z,2018-01-02T00:16:08.610000Z,7a
20180102T013407Z,2018-01-02T01:34:07.950000Z,7a
20180102T024430Z,2018-01-02T02:44:30.830000Z,7a
20180102T054038Z,2018-01-02T05:40:38.450000Z,7a
20180102T100223Z,2018-01-02T10:02:23.060000Z,7a
20180102T124746Z,2018-01-02T12:47:46.970000Z,7a
20180102T000650Z,2018-01-02T00:06:50.860000Z,7b
20180102T000818Z,2018-01-02T00:08:18.160000Z,7b
20180102T001454Z,2018-01-02T00:14:54.000000Z,8d
20180102T005210Z,2018-01-02T00:52:10.110000Z,7b
20180102T005442Z,2018-01-02T00:54:42.220000Z,7b
20180102T013156Z,2018-01-02T01:31:56.090000Z,7b
20180102T014153Z,2018-01-02T01:41:53.410000Z,7b
20180102T030503Z,2018-01-02T03:05:03.300000Z,7b
20180102T031730Z,2018-01-02T03:17:30.010000Z,7b
20180102T042805Z,2018-01-02T04:28:05.680000Z,7b
20180102T043712Z,2018-01-02T04:37:12.310000Z,7d
20180102T061209Z,2018-01-02T06:12:09.900000Z,7b
20180102T065911Z,2018-01-02T06:59:11.910000Z,7b
20180102T072410Z,2018-01-02T07:24:10.730000Z,7b
20180102T101017Z,2018-01-02T10:10:17.710000Z,7b
20180102T105043Z,2018-01-02T10:50:43.140000Z,7b
20180102T105231Z,2018-01-02T10:52:31.100000Z,7b
20180102T121934Z,2018-01-02T12:19:34.230000Z,7b
20180102T122243Z,2018-01-02T12:22:43.340000Z,7d
20180102T123432Z,2018-01-02T12:34:32.240000Z,7d
20180102T124348Z,2018-01-02T12:43:48.120000Z,7b
20180102T124407Z,2018-01-02T12:44:07.570000Z,7b
20180102T132753Z,2018-01-02T13:27:53.440000Z,7b
20180102T134006Z,2018-01-02T13:40:06.510000Z,7b
20180102T170611Z,2018-01-02T17:06:11.610000Z,7b
20180102T205058Z,2018-01-02T20:50:58.770000Z,7b
20180102T212557Z,2018-01-02T21:25:57.630000Z,7d
20180102T220533Z,2018-01-02T22:05:33.570000Z,7b
20180102T221514Z,2018-01-02T22:15:14.750000Z,7b
20180102T223851Z,2018-01-02T22:38:51.190000Z,7b
20180102T224946Z,2018-01-02T22:49:46.130000Z,7b
20180102T005416Z,2018-01-02T00:54:16.110000Z,7c
20180102T014649Z,2018-01-02T01:46:49.580000Z,7c
20180102T024824Z,2018-01-02T02:48:24.800000Z,7c
20180102T030116Z,2018-01-02T03:01:16.830000Z,7c
20180102T063554Z,2018-01-02T06:35:54.410000Z,7c
20180102T091837Z,2018-01-02T09:18:37.460000Z,7c
20180102T155915Z,2018-01-02T15:59:15.020000Z,7c
20180102T160237Z,2018-01-02T16:02:37.960000Z,7c
20180102T205056Z,2018-01-02T20:50:56.290000Z,7c
20180102T222056Z,2018-01-02T22:20:56.710000Z,7c
20180102T000652Z,2018-01-02T00:06:52.240000Z,7d
20180102T001001Z,2018-01-02T00:10:01.680000Z,7d
20180102T001356Z,2018-01-02T00:13:56.480000Z,7d
20180102T001734Z,2018-01-02T00:17:34.270000Z,7d
20180102T001816Z,2018-01-02T00:18:16.600000Z,7d
20180102T010137Z,2018-01-02T01:01:37.540000Z,7d
20180102T013048Z,2018-01-02T01:30:48.920000Z,7d
20180102T013409Z,2018-01-02T01:34:09.500000Z,7d
20180102T014733Z,2018-01-02T01:47:33.670000Z,7d
20180102T021602Z,2018-01-02T02:16:02.220000Z,7d
20180102T022450Z,2018-01-02T02:24:50.770000Z,7d
20180102T024759Z,2018-01-02T02:47:59.650000Z,7d
20180102T032326Z,2018-01-02T03:23:26.980000Z,7d
20180102T033435Z,2018-01-02T03:34:35.020000Z,7d
20180102T035516Z,2018-01-02T03:55:16.380000Z,7d
20180102T041930Z,2018-01-02T04:19:30.340000Z,7d
20180102T053040Z,2018-01-02T05:30:40.100000Z,8d
20180102T061210Z,2018-01-02T06:12:10.000000Z,7d
20180102T063158Z,2018-01-02T06:31:58.960000Z,7d
20180102T065353Z,2018-01-02T06:53:53.650000Z,7d
20180102T072716Z,2018-01-02T07:27:16.900000Z,7d
20180102T080256Z,2018-01-02T08:02:56.140000Z,7d
20180102T083039Z,2018-01-02T08:30:39.920000Z,7d
20180102T094702Z,2018-01-02T09:47:02.270000Z,7d
20180102T102817Z,2018-01-02T10:28:17.890000Z,7d
20180102T103755Z,2018-01-02T10:37:55.700000Z,7d
20180102T112151Z,2018-01-02T11:21:51.870000Z,7d
20180102T114849Z,2018-01-02T11:48:49.200000Z,8d
20180102T115319Z,2018-01-02T11:53:19.470000Z,7d
20180102T115555Z,2018-01-02T11:55:55.480000Z,7d
20180102T124417Z,2018-01-02T12:44:17.090000Z,7d
20180102T125111Z,2018-01-02T12:51:11.030000Z,7d
20180102T125211Z,2018-01-02T12:52:11.620000Z,7d
20180102T125938Z,2018-01-02T12:59:38.680000Z,7d
20180102T140614Z,2018-01-02T14:06:14.870000Z,7d
20180102T143204Z,2018-01-02T14:32:04.170000Z,7d
20180102T143227Z,2018-01-02T14:32:27.290000Z,7d
20180102T143612Z,2018-01-02T14:36:12.040000Z,7d
20180102T145103Z,2018-01-02T14:51:03.090000Z,7d
20180102T160745Z,2018-01-02T16:07:45.400000Z,7d
20180102T162941Z,2018-01-02T16:29:41.070000Z,7d
20180102T163630Z,2018-01-02T16:36:30.670000Z,7d
20180102T174841Z,2018-01-02T17:48:41.990000Z,7d
20180102T192427Z,2018-01-02T19:24:27.800000Z,7d
20180102T201846Z,2018-01-02T20:18:46.720000Z,7d
20180102T204944Z,2018-01-02T20:49:44.360000Z,7d
20180102T212047Z,2018-01-02T21:20:47.430000Z,7d
20180102T212207Z,2018-01-02T21:22:07.250000Z,7d
20180102T212501Z,2018-01-02T21:25:01.670000Z,7d
20180102T214038Z,2018-01-02T21:40:38.970000Z,7d
20180102T222018Z,2018-01-02T22:20:18.580000Z,7d
20180102T230709Z,2018-01-02T23:07:09.500000Z,7d
20180102T232535Z,2018-01-02T23:25:35.410000Z,7d
20180102T234609Z,2018-01-02T23:46:09.010000Z,7d
20180102T002613Z,2018-01-02T00:26:13.280000Z,8a
20180102T015113Z,2018-01-02T01:51:13.940000Z,8a
20180102T052257Z,2018-01-02T05:22:57.900000Z,8a
20180102T072054Z,2018-01-02T07:20:54.780000Z,8a
20180102T075153Z,2018-01-02T07:51:53.010000Z,8a
20180102T084157Z,2018-01-02T08:41:57.530000Z,8a
20180102T120755Z,2018-01-02T12:07:55.850000Z,8a
20180102T121655Z,2018-01-02T12:16:55.800000Z,8a
20180102T131312Z,2018-01-02T13:13:12.500000Z,8a
20180102T133600Z,2018-01-02T13:36:00.470000Z,8a
20180102T135918Z,2018-01-02T13:59:18.540000Z,8a
20180102T173556Z,2018-01-02T17:35:56.640000Z,8a
20180102T181126Z,2018-01-02T18:11:26.900000Z,8a
20180102T182731Z,2018-01-02T18:27:31.940000Z,8a
20180102T205900Z,2018-01-02T20:59:00.670000Z,8a
20180102T225246Z,2018-01-02T22:52:46.730000Z,8a
20180102T005335Z,2018-01-02T00:53:35.700000Z,8b
20180102T021914Z,2018-01-02T02:19:14.710000Z,8b
20180102T030853Z,2018-01-02T03:08:53.790000Z,8b
20180102T051153Z,2018-01-02T05:11:53.190000Z,8b
20180102T085355Z,2018-01-02T08:53:55.210000Z,8b
20180102T092030Z,2018-01-02T09:20:30.760000Z,8b
20180102T103434Z,2018-01-02T10:34:34.510000Z,8b
20180102T132613Z,2018-01-02T13:26:13.310000Z,8b
20180102T132629Z,2018-01-02T13:26:29.930000Z,8b
20180102T133002Z,2018-01-02T13:30:02.170000Z,8b
20180102T141629Z,2018-01-02T14:16:29.790000Z,8b
20180102T143123Z,2018-01-02T14:31:23.490000Z,8b
20180102T145152Z,2018-01-02T14:51:52.140000Z,8b
20180102T150523Z,2018-01-02T15:05:23.850000Z,8b
20180102T152145Z,2018-01-02T15:21:45.910000Z,8b
20180102T153704Z,2018-01-02T15:37:04.760000Z,8b
20180102T163334Z,2018-01-02T16:33:34.490000Z,8b
20180102T170243Z,2018-01-02T17:02:43.530000Z,8b
20180102T172941Z,2018-01-02T17:29:41.390000Z,8b
20180102T173225Z,2018-01-02T17:32:25.730000Z,8b
20180102T175230Z,2018-01-02T17:52:30.990000Z,8b
20180102T201703Z,2018-01-02T20:17:03.880000Z,8b
20180102T210439Z,2018-01-02T21:04:39.940000Z,8b
20180102T215458Z,2018-01-02T21:54:58.400000Z,8b
20180102T221556Z,2018-01-02T22:15:56.500000Z,8b
20180102T002049Z,2018-01-02T00:20:49.160000Z,8c
20180102T005456Z,2018-01-02T00:54:56.120000Z,8c
20180102T012748Z,2018-01-02T01:27:48.310000Z,8c
20180102T013600Z,2018-01-02T01:36:00.850000Z,8c
20180102T024455Z,2018-01-02T02:44:55.360000Z,8c
20180102T042806Z,2018-01-02T04:28:06.970000Z,8c
20180102T050716Z,2018-01-02T05:07:16.900000Z,8c
20180102T093058Z,2018-01-02T09:30:58.520000Z,8c
20180102T102319Z,2018-01-02T10:23:19.590000Z,8c
20180102T103924Z,2018-01-02T10:39:24.300000Z,8c
20180102T105729Z,2018-01-02T10:57:29.500000Z,8c
20180102T114202Z,2018-01-02T11:42:02.550000Z,8c
20180102T120415Z,2018-01-02T12:04:15.870000Z,8c
20180102T135919Z,2018-01-02T13:59:19.910000Z,8c
20180102T144400Z,2018-01-02T14:44:00.700000Z,8c
20180102T163317Z,2018-01-02T16:33:17.820000Z,8c
20180102T170654Z,2018-01-02T17:06:54.260000Z,8c
20180102T174016Z,2018-01-02T17:40:16.260000Z,8c
20180102T192342Z,2018-01-02T19:23:42.560000Z,8c
20180102T202338Z,2018-01-02T20:23:38.320000Z,8c
20180102T205607Z,2018-01-02T20:56:07.910000Z,8c
20180102T205902Z,2018-01-02T20:59:02.130000Z,8c
20180102T214135Z,2018-01-02T21:41:35.780000Z,8c
20180102T215620Z,2018-01-02T21:56:20.730000Z,8c
20180102T225416Z,2018-01-02T22:54:16.290000Z,8c
20180102T000409Z,2018-01-02T00:04:09.470000Z,8d
20180102T032558Z,2018-01-02T03:25:58.640000Z,8d
20180102T033350Z,2018-01-02T03:33:50.470000Z,8d
20180102T035357Z,2018-01-02T03:53:57.840000Z,8d
20180102T044659Z,2018-01-02T04:46:59.910000Z,8d
20180102T050350Z,2018-01-02T05:03:50.820000Z,8d
20180102T065352Z,2018-01-02T06:53:52.760000Z,8d
20180102T080225Z,2018-01-02T08:02:25.740000Z,8d
20180102T085250Z,2018-01-02T08:52:50.800000Z,8d
20180102T093057Z,2018-01-02T09:30:57.600000Z,8d
20180102T103252Z,2018-01-02T10:32:52.670000Z,8d
20180102T122802Z,2018-01-02T12:28:02.440000Z,8d
20180102T124416Z,2018-01-02T12:44:16.450000Z,8d
20180102T125757Z,2018-01-02T12:57:57.070000Z,8d
20180102T133601Z,2018-01-02T13:36:01.210000Z,8d
20180102T142326Z,2018-01-02T14:23:26.600000Z,8d
20180102T151356Z,2018-01-02T15:13:56.900000Z,8d
20180102T154322Z,2018-01-02T15:43:22.750000Z,8d
20180102T162940Z,2018-01-02T16:29:40.430000Z,8d
20180102T163715Z,2018-01-02T16:37:15.790000Z,8d
20180102T174503Z,2018-01-02T17:45:03.000000Z,8d
20180102T174904Z,2018-01-02T17:49:04.850000Z,8d
20180102T184234Z,2018-01-02T18:42:34.940000Z,8d
20180102T195404Z,2018-01-02T19:54:04.400000Z,8d
20180102T212556Z,2018-01-02T21:25:56.980000Z,8d
20180102T214001Z,2018-01-02T21:40:01.680000Z,8d
20180102T215524Z,2018-01-02T21:55:24.420000Z,8d
20180102T222017Z,2018-01-02T22:20:17.690000Z,8d
