event_id,amplitude,med_freq,duration,energy,mean_freq
20180207T000013Z,3.348083837606492e-06,0.5859375,1.141989,1.4677430508918017e-13,2.8558507511263005
20180207T000033Z,3.2971928869163357e-06,1.171875,0.461988,1.9941720944664723e-13,11.750831983840579
20180207T000058Z,3.905089162665096e-06,1.171875,1.281989,2.030454506987954e-13,8.121460122108846
20180207T000112Z,2.731712077695557e-06,1.5625,0.591989,9.69884445988433e-14,10.291885922910499
20180207T000121Z,9.053658348426401e-06,8.984375,6.031989,1.133637231193255e-12,11.213388813065174
20180207T000138Z,2.0344412124931506e-05,28.7109375,2.411988,5.725069179142641e-12,28.544802982401233
20180207T000216Z,8.036819559421596e-06,28.7109375,3.741989,9.010003868296072e-13,25.326836435937135
20180207T000242Z,3.22682332396209e-06,2.734375,7.221989,1.9115079942513684e-13,8.642163391552423
20180207T000307Z,1.5832760702701436e-05,29.6875,0.871989,4.003734622413672e-12,29.284342299184644
20180207T000323Z,3.288729719116402e-06,0.78125,2.831988,1.8257594238690338e-13,5.502464269883157
20180207T000333Z,2.463430734041122e-06,8.0078125,0.851988,9.372712701052596e-14,11.803430362743164
20180207T000343Z,4.52676659147969e-06,32.2265625,17.581989,3.895963769740565e-13,28.18222183333193
20180207T000446Z,7.36726870296417e-06,29.8828125,9.681988,5.803897174472782e-13,23.856156515472748
20180207T000517Z,6.633348718338955e-06,18.359375,1.171988,7.208165931244926e-13,16.881936652492044
20180207T000533Z,3.1179912388938445e-06,34.1796875,4.331988,1.5185666529143166e-13,30.37899431090676
20180207T000547Z,9.655584425237935e-06,5.078125,11.491988,1.055782924618896e-12,6.331928724574369
20180207T000607Z,8.585168584669287e-06,28.90625,0.551989,8.815354603285831e-13,26.809493810468467
20180207T000616Z,1.2317627707132286e-05,34.5703125,1.271988,2.2486947302646517e-12,32.177072308683115
20180207T000630Z,1.7995038822279324e-05,7.2265625,5.031988,4.349618996632716e-12,12.947782603394984
20180207T000645Z,1.2036778331457607e-05,8.59375,1.121989,2.266252548185817e-12,9.17590019613783
20180207T000704Z,1.2199836133907462e-05,29.4921875,1.431988,2.258110911360341e-12,29.328412667071504
20180207T000723Z,4.639218961923006e-06,6.4453125,1.281988,3.825872056032234e-13,9.007752181177256
20180207T000731Z,3.3141807838936793e-06,6.4453125,0.361989,1.501137592496446e-13,6.0234645362760615
20180207T000757Z,2.6929248804696697e-06,0.9765625,5.411988,1.3928451295244065e-13,12.585967631497352
20180207T000818Z,1.882072519153466e-05,17.7734375,2.881988,4.722041989233904e-12,19.460418775922243
20180207T000854Z,3.937424186221992e-06,9.765625,0.691988,2.535871967418291e-13,11.10899858717383
20180207T000915Z,3.2637989633997417e-06,31.25,1.671988,2.02407685795867e-13,27.3546843421485
20180207T000928Z,5.67411284186231e-06,6.8359375,1.341988,5.370967063206214e-13,7.483123825632574
20180207T000936Z,3.5319701750300995e-06,15.234375,7.091988,2.3079554778037547e-13,17.30362665010435
20180207T001006Z,1.0822580485209241e-05,35.15625,1.261989,1.4116114998696483e-12,32.68636554425476
20180207T001034Z,5.133865772678812e-06,10.9375,1.011988,4.984217610364453e-13,11.526421042538654
20180207T001042Z,4.8588657807629236e-06,20.1171875,0.531989,3.782853260864897e-13,19.778161361629593
20180207T001049Z,4.683337530708484e-06,4.6875,1.041989,3.3611623642184796e-13,5.442191298868807
20180207T001110Z,3.879378533483303e-06,6.25,4.201989,2.1401942917665915e-13,6.769175410439068
20180207T001128Z,4.081560673417504e-06,6.25,26.991989,2.43224034612624e-13,8.089780154927858
20180207T001228Z,3.2178549432815314e-05,31.8359375,4.041988,1.0746650045755696e-11,30.83145596299507
20180207T001244Z,4.204604497792881e-06,4.1015625,9.131988,2.8773083809276907e-13,9.075701299792492
20180207T001317Z,3.2031776272556116e-06,19.53125,0.811989,1.6337954617105213e-13,21.408457489811042
20180207T001328Z,4.030939752862896e-06,1.3671875,0.771988,2.931179774504421e-13,10.566137888591832
20180207T001346Z,2.5161836385367863e-06,0.9765625,18.011988,1.16819634557414e-13,10.176667585636501
20180207T001435Z,5.871499853500691e-06,0.9765625,17.461989,4.967948652033293e-13,12.975354643738509
20180207T001510Z,2.8416729491058777e-06,1.171875,5.261988,1.3680090173077127e-13,4.528016572023219
20180207T001550Z,4.5816147757623485e-06,0.78125,0.981989,3.3296789300086264e-13,10.966635339548217
20180207T001618Z,1.86038608240358e-05,20.1171875,7.261989,4.516678979401578e-12,20.812483792932156
20180207T001643Z,3.2564889633911073e-06,24.4140625,4.211989,2.2643074469228075e-13,20.204131013653512
20180207T001701Z,1.0087709881899412e-05,0.5859375,3.101988,1.894721427479015e-12,3.384671568553901
20180207T001711Z,7.659273540139059e-06,14.0625,0.911988,8.316095342670119e-13,12.330805687645855
20180207T001731Z,3.468881307605198e-06,0.78125,12.771988,1.8657104238378225e-13,2.7753555320011607
20180207T001759Z,3.1405753069216367e-06,31.640625,0.561988,2.17741432296512e-13,26.260360516602084
20180207T001812Z,1.122818913733355e-05,1.171875,5.241989,1.8959384752941423e-12,6.661438626496015
20180207T001846Z,4.86922976041454e-06,30.859375,6.971989,4.4481655588420865e-13,28.207732167055365
20180207T001900Z,8.39849635717644e-06,4.296875,1.041989,9.161082294599747e-13,4.640920762711168
20180207T001906Z,7.529103213663129e-06,9.5703125,0.431988,7.091821538153987e-13,11.56670320031315
20180207T001919Z,9.13214890918905e-06,5.46875,1.481989,1.1972507529020727e-12,5.7386827244223495
20180207T001937Z,7.1145104630024096e-06,3.90625,1.201989,8.89340736222851e-13,5.926047162659112
20180207T002009Z,1.4581310449438654e-05,36.5234375,3.731988,2.936511608446161e-12,34.670531064193604
20180207T002027Z,5.083875199116901e-06,22.265625,7.701989,4.3752468627130223e-13,20.970594418608215
20180207T002053Z,2.8212632394700707e-05,6.640625,5.751989,1.643009823917833e-11,8.384295863915119
20180207T002145Z,8.452456459883035e-05,44.3359375,2.441989,9.21198230776159e-11,30.725739951774834
20180207T002217Z,3.065145708673608e-06,0.78125,2.041988,1.5348845267334992e-13,5.583621775531702
20180207T002315Z,2.432247614076613e-05,31.25,3.501989,7.33681286239424e-12,27.19409264622605
20180207T002327Z,3.4238510555429464e-06,2.734375,0.241989,2.381727125004585e-13,3.906625594019941
20180207T002356Z,3.2121941874882473e-06,0.9765625,4.541989,1.2677727923173319e-13,8.02745404509239
20180207T002430Z,7.73997793671613e-06,5.078125,12.811988,7.843347120402702e-13,6.017541837055758
20180207T002451Z,2.0788280934181607e-05,17.3828125,1.291989,5.943838865035885e-12,19.253895702998264
20180207T002534Z,2.6214741715391185e-06,16.015625,2.081989,1.516607541386292e-13,17.70551228923801
20180207T002553Z,2.857476942325973e-06,2.734375,6.961989,1.2254764996929723e-13,5.747194313084545
20180207T002620Z,2.4880007941479257e-06,10.7421875,0.541988,1.4732630585374707e-13,16.82422120392624
20180207T002630Z,2.5228676079572878e-06,0.78125,1.051989,8.49060950795635e-14,3.931798178435832
20180207T002737Z,2.5496802889617292e-06,0.9765625,7.521989,1.121958687327e-13,9.014642358817056
20180207T002806Z,4.127984753453984e-06,0.78125,1.391989,2.877873214021391e-13,5.71093307048542
20180207T002826Z,2.7329634962789013e-06,1.3671875,0.561989,1.0304202726530111e-13,9.832696665042286
20180207T002849Z,3.0484398412623124e-06,0.9765625,0.301989,1.8340120276633165e-13,7.474885765140826
20180207T002945Z,2.3079095969743505e-06,0.9765625,0.821989,8.886646811555759e-14,7.114162596227208
20180207T002953Z,1.776282610646739e-05,8.59375,6.991988,5.317676296442676e-12,8.426106697306972
20180207T003012Z,1.4568447211516754e-05,7.421875,4.951988,3.455481509149904e-12,8.025820124013348
20180207T003056Z,4.102501492446105e-06,25.9765625,1.301988,2.0247405603484778e-13,23.677040981049743
20180207T003121Z,2.7434049538570516e-06,9.765625,1.831988,1.8489842404889623e-13,15.15399722900862
20180207T003132Z,5.9010924064045005e-06,4.4921875,2.131988,4.438128321757151e-13,5.559987625894536
20180207T003200Z,9.923140806659446e-06,4.1015625,5.101988,1.3996283104925296e-12,4.534184709374196
20180207T003237Z,2.8568303549294134e-06,0.78125,0.801988,1.3154067201135833e-13,1.3507358755964887
20180207T003356Z,3.4675384634629765e-06,32.2265625,0.751988,2.233100036830908e-13,28.752238900149845
20180207T003406Z,5.323689643153919e-06,25.1953125,2.601988,5.032582865954957e-13,22.573422229178107
20180207T003434Z,6.38155806591765e-06,3.7109375,2.471988,5.774292934723927e-13,5.2705743179025895
20180207T003444Z,3.216913542898686e-06,39.0625,8.081989,1.7133922435286692e-13,34.69354854025472
20180207T003526Z,3.9530624342294115e-06,8.203125,5.751988,2.1756312547992197e-13,8.664159157264287
20180207T003601Z,3.431349770753868e-06,0.9765625,3.311988,2.0854993867608374e-13,9.402127155688097
20180207T003611Z,5.432455772262083e-06,7.03125,0.741988,4.051959416026735e-13,17.07799361621962
20180207T003624Z,5.766637581258272e-06,4.4921875,5.591988,5.30928643284453e-13,5.380042232461268
20180207T003642Z,2.9845002878928725e-06,4.4921875,0.891988,1.7176966784576597e-13,7.130219151852586
20180207T003714Z,3.818647836840945e-06,26.953125,1.261989,2.681193838606033e-13,22.083655940161705
20180207T003728Z,1.2644007764002806e-05,10.3515625,3.221988,2.4945003083332147e-12,10.483016926176978
20180207T003746Z,2.767543130206239e-05,19.7265625,12.681989,1.097609827010998e-11,18.492447529995168
20180207T003808Z,6.961467057750829e-06,3.7109375,0.511988,7.909653963847631e-13,5.102256334829517
20180207T003828Z,3.817775306771295e-06,30.46875,0.241989,1.7894218407300594e-13,28.619627653512328
20180207T003841Z,1.571345161023037e-05,9.375,3.261988,3.3004202933975727e-12,9.242008676798193
20180207T003922Z,2.536205814948292e-06,22.8515625,0.951989,1.2264977424151552e-13,20.219345744311607
20180207T003937Z,3.2643050549361414e-06,0.78125,0.761989,1.530999099214484e-13,4.10433895323939
20180207T003953Z,2.2223963887308125e-05,26.953125,3.051988,6.3266166340171734e-12,27.02981362090871
20180207T004021Z,4.152479488411103e-06,13.8671875,1.381988,3.4435859203978546e-13,15.121742392072761
20180207T004032Z,3.585354594324912e-06,6.0546875,5.891989,1.5029993181015398e-13,6.7396420261986885
20180207T004100Z,2.2883087163455374e-06,3.90625,1.691988,1.0214931330223073e-13,15.275250492213921
20180207T004133Z,3.7944797225975836e-06,24.0234375,0.871988,2.5239975253784093e-13,21.235289189717488
20180207T004150Z,6.444492788488936e-06,4.8828125,2.131988,6.025655348148287e-13,5.68024844501595
20180207T004159Z,3.1115874255819447e-06,8.0078125,0.801988,1.4183543230124434e-13,8.958909512032584
20180207T004207Z,7.648745776435944e-06,3.90625,2.211989,8.895058308016071e-13,6.097317693951511
20180207T004231Z,5.532512715126636e-06,1.5625,2.271988,3.35967288005293e-13,15.764773482960345
20180207T004250Z,6.685008036429483e-06,8.0078125,1.111988,6.656993993415736e-13,16.581649497261633
20180207T004302Z,3.370193021709138e-06,0.9765625,0.611988,1.8798541105280631e-13,15.282941725822928
20180207T004314Z,6.2285122238187765e-06,2.1484375,1.251989,5.547571472716351e-13,3.4108871062457116
20180207T004357Z,3.1906340813929e-06,0.5859375,0.741989,2.03996221976166e-13,3.3978365468760074
20180207T004406Z,3.127892429259549e-06,32.8125,4.631988,1.7711123445507276e-13,29.678649188821105
20180207T004432Z,1.2693254361713892e-05,23.828125,3.971989,1.7073610377277064e-12,21.01474887745796
20180207T004526Z,6.306368076023046e-06,3.125,7.571989,5.318618743147773e-13,3.633760883056549
20180207T004556Z,4.720515377298974e-06,10.3515625,1.371989,3.4266929683745233e-13,10.241983173966641
20180207T004621Z,3.4660697270861963e-06,8.203125,0.671989,1.7035564653130373e-13,8.253116803115832
20180207T004653Z,3.0861044756292923e-06,6.25,1.991988,1.890097765909241e-13,12.457236616500463
20180207T004706Z,1.3537228122461116e-05,16.2109375,7.691989,3.828383102825301e-12,13.901706685578718
20180207T004755Z,5.343273321822147e-06,4.1015625,1.421988,4.340675739252795e-13,4.710062403970623
20180207T004810Z,2.1327862086230382e-05,7.03125,26.711988,7.243529551164972e-12,7.878130283593985
20180207T004846Z,3.7371152017543508e-06,4.4921875,0.761989,2.821611553490986e-13,6.147960510151995
20180207T004855Z,3.2867556384673316e-06,9.5703125,0.431989,1.4211845202172963e-13,11.602605411855587
20180207T004927Z,4.224759652658297e-06,29.1015625,0.921988,3.10172294460996e-13,25.73783897673467
20180207T004941Z,3.500779948713952e-06,1.171875,0.951989,2.8678565609088446e-13,14.05686052563315
20180207T004954Z,2.760976489422982e-06,0.9765625,0.271988,1.2014259813021751e-13,11.18111776375296
20180207T005025Z,4.181884805660459e-06,13.671875,1.091989,3.0386707053442565e-13,19.003004171143676
20180207T005036Z,1.0130301256687768e-05,36.71875,0.301989,1.928675624473611e-12,34.58805052968567
20180207T005046Z,4.5779531542439855e-06,3.515625,7.591988,2.903581743127597e-13,4.72382518280862
20180207T005112Z,2.88903927619409e-06,10.7421875,7.211988,1.1710673923774925e-13,12.756283920798756
20180207T005129Z,4.127294086760585e-06,5.2734375,0.901988,2.798868179449591e-13,8.496824113162713
20180207T005213Z,9.544465275599795e-06,31.0546875,13.851988,1.650915918543855e-12,27.904586660190297
20180207T005244Z,2.84460606109348e-06,7.8125,0.881988,1.6433001847613572e-13,16.777458768134306
20180207T005359Z,8.16719921261315e-06,3.3203125,3.541989,7.688356039280283e-13,4.143853541249137
20180207T005421Z,3.7198252647581903e-06,0.9765625,5.981989,2.3012149284203007e-13,3.548309336402664
20180207T005453Z,4.046876856908527e-05,14.84375,10.951989,2.1643265013307514e-11,16.7490390629461
20180207T005612Z,3.7693515859544578e-06,5.2734375,1.441988,1.9675950198486699e-13,6.279956554994314
20180207T005624Z,3.6243068627613923e-06,25.78125,0.751988,2.2771040827341194e-13,21.639206818499467
20180207T005637Z,1.7377137245225455e-05,5.859375,5.271988,4.068502310446757e-12,6.513847766278409
20180207T005654Z,2.224009529737941e-06,1.171875,0.211988,8.78817446480193e-14,4.32589848355852
20180207T005712Z,2.9676226266020218e-06,0.78125,6.351988,1.832897434561617e-13,3.9418831135930006
20180207T005730Z,3.725950036383493e-06,22.8515625,0.491988,1.7621376090658487e-13,20.1411340430411
20180207T005800Z,2.3727547062485264e-06,0.78125,7.341988,7.609599834817868e-14,4.500011711819846
20180207T005834Z,3.8019330853654714e-06,9.375,1.111988,1.8510265674130308e-13,10.042610803990417
20180207T005851Z,2.279757164130454e-06,21.484375,0.951989,1.2537772203893851e-13,19.519503106620597
20180207T005907Z,3.614828500432822e-06,0.78125,0.731988,1.9778464202417108e-13,4.417959859893359
20180207T005943Z,1.1183587067199337e-05,29.296875,2.971989,1.4276812187826701e-12,27.6249232303607
20180207T010015Z,5.572994162723166e-06,4.1015625,1.741989,5.454522788527063e-13,5.5215522008656
20180207T010052Z,2.5046178507855666e-06,0.78125,7.101989,1.4624959203440843e-13,5.2058536037771415
20180207T010115Z,4.2152340152644786e-06,25.1953125,0.921989,3.1468074870240344e-13,20.955996812403395
20180207T010143Z,2.8328941368243184e-06,0.78125,1.201988,1.130738544681259e-13,4.692872507684593
20180207T010201Z,1.0703358418773123e-05,0.9765625,13.121989,2.355045346306208e-12,6.061764963762137
20180207T010417Z,4.2805376772691855e-06,11.328125,1.281988,3.0555552753679033e-13,11.440142880851
20180207T010502Z,2.6769968699259137e-06,17.3828125,1.021988,1.4735999981575053e-13,18.663624625187364
20180207T010520Z,3.650089586256039e-06,20.3125,1.471988,1.918686264617557e-13,21.27369189265051
20180207T010535Z,2.7728385592471906e-06,0.9765625,0.611988,1.6324432691543194e-13,11.374901188663358
20180207T010543Z,2.949690058814081e-06,2.1484375,0.641989,1.7586603509485117e-13,17.04959237921166
20180207T010727Z,3.2283574939238e-06,30.078125,1.711989,1.809650612442514e-13,25.524292285065815
20180207T010812Z,9.667811727104918e-06,9.375,5.161989,1.542034845222952e-12,9.971674755473112
20180207T010826Z,2.8893813662788303e-06,0.78125,0.271989,1.2038165308884781e-13,2.290406693358243
20180207T010849Z,2.805680912489832e-06,1.171875,4.101989,1.6492429569280353e-13,6.733427232815954
20180207T010916Z,2.5640397078449807e-06,9.375,0.731988,1.145211202181895e-13,9.885347500115259
20180207T010934Z,3.5017775943386157e-06,6.4453125,0.991989,1.855545420287102e-13,10.456205218209053
20180207T010942Z,2.8204064588060976e-06,0.78125,0.301989,1.4623353372750637e-13,2.0844579956082403
20180207T010949Z,3.037046869275772e-06,9.375,1.001989,1.2904367288689695e-13,9.020380797246222
20180207T011012Z,2.8700714057386117e-06,1.171875,0.561988,1.5410349868142664e-13,6.372702175362797
20180207T011022Z,1.3948720971124452e-05,15.234375,31.431988,3.0062098804589804e-12,14.009924904905699
20180207T011118Z,2.2937951566944672e-06,1.171875,0.251988,8.520295563518665e-14,2.4886120309397013
20180207T011126Z,8.181257872289816e-06,28.7109375,0.891989,7.697654393032959e-13,19.66825075264589
20180207T011225Z,4.168366607224318e-06,8.3984375,6.851989,2.2382820195492307e-13,8.44727126729628
20180207T011326Z,3.2860839644206654e-06,0.78125,0.991988,1.495544528133735e-13,8.474599509543747
20180207T011340Z,4.802536013725594e-06,1.3671875,2.311989,3.7959654280656506e-13,3.9442391862115977
20180207T011410Z,7.436373158383683e-06,34.1796875,0.811988,8.295108787806074e-13,30.77167351767729
20180207T011438Z,7.372542569460941e-06,34.9609375,0.841989,8.406670841263156e-13,32.882425086564425
20180207T011450Z,1.5065603525858284e-05,8.7890625,9.051988,3.777902783194401e-12,10.045045591240669
20180207T011542Z,2.9721122195846656e-06,8.7890625,0.951989,1.7297077932714002e-13,11.846424652222924
20180207T011643Z,4.3216916208698335e-06,7.6171875,2.331989,3.2652625738989263e-13,8.103145472871992
20180207T011707Z,3.188100945705058e-06,0.5859375,0.821989,1.2226839187913642e-13,1.951478640983345
20180207T011729Z,3.009545074830305e-06,24.609375,0.931989,1.1913765819251345e-13,20.976026201057632
20180207T011802Z,2.4151309272707986e-06,0.78125,0.751989,1.1077605578661522e-13,4.83271749314218
20180207T011824Z,1.1104790844013704e-05,2.34375,21.331988,1.8754212848328252e-12,2.702292859623783
20180207T011854Z,5.3226757883407806e-06,3.7109375,0.951988,3.9151044057974313e-13,3.6210288893239087
20180207T011906Z,2.9605949839099846e-06,12.5,0.531988,1.2299862986776534e-13,12.656270582892743
20180207T011933Z,3.3310873946370077e-06,21.09375,0.841988,1.8482477763581132e-13,19.31561842948741
20180207T012000Z,3.211205068172739e-06,21.484375,0.541988,1.5158748133638236e-13,19.556443703608835
20180207T012042Z,1.6503563732223484e-05,9.375,10.711988,4.239593096885634e-12,9.668090295659143
20180207T012239Z,3.480769416756612e-06,5.859375,1.741989,2.0088177392593386e-13,11.779310649513372
20180207T012415Z,3.390201118800657e-06,31.640625,0.491989,1.9751378180590336e-13,29.63344947074973
20180207T012508Z,4.1336846882211386e-06,0.78125,0.841989,2.9852032367909925e-13,1.902682950954858
20180207T012550Z,5.888893675657053e-06,4.8828125,4.781988,5.708712717504332e-13,5.838104401554162
20180207T012725Z,3.2042850983822036e-06,0.78125,3.811988,1.7318166766656753e-13,3.238156817019644
20180207T012738Z,3.039859913468234e-05,12.3046875,14.591989,2.0234480100351292e-11,14.102087726050447
20180207T012812Z,2.36361386496804e-06,0.9765625,0.181989,1.0367221679880732e-13,3.5009772794106437
20180207T012829Z,2.9831589447191765e-06,3.515625,3.291988,1.7391370516169485e-13,5.252884153955781
20180207T013238Z,2.801282791597e-06,2.734375,1.151988,1.6003523417625306e-13,4.743912424221747
20180207T013253Z,1.707661814534864e-06,7.03125,0.361988,5.605483595772415e-14,9.10031317808698
20180207T013258Z,4.909525603432e-06,7.03125,3.481989,3.297500523753508e-13,6.232633426228567
20180207T013355Z,3.205754242578985e-06,4.296875,16.381988,1.9136241278719867e-13,5.539045622733113
20180207T013547Z,2.725653637167291e-06,0.9765625,0.431988,1.6971932101560543e-13,6.401462032919682
20180207T013738Z,3.168519287476431e-06,0.5859375,14.961989,1.3742232056824735e-13,1.5930132614110217
20180207T013816Z,2.2197112087992392e-06,0.78125,0.451988,7.740379352169903e-14,5.306797157988727
20180207T013833Z,2.029452455369972e-06,0.9765625,0.691989,7.692275665953073e-14,1.838043532343474
20180207T013846Z,2.370980503750323e-06,30.46875,0.781988,1.2133808693829345e-13,27.31408097760344
20180207T013856Z,2.1646825472438126e-06,1.171875,0.431988,8.167264813145122e-14,11.30349743671383
20180207T013908Z,5.184121076478557e-06,10.3515625,2.491989,4.580797662030054e-13,10.458765891497471
20180207T014213Z,1.0018721212212225e-05,4.296875,9.351989,1.218509580158964e-12,4.89366787745282
20180207T014302Z,2.686905424670746e-06,15.0390625,0.711988,1.51541282247409e-13,14.747960153220797
20180207T014323Z,7.90046649741077e-06,0.9765625,6.491988,8.398470347601679e-13,2.985086566669905
20180207T014346Z,5.184224739629469e-06,13.671875,0.971988,3.875643702866005e-13,16.657895453280453
20180207T014403Z,2.4816655300604477e-06,5.2734375,4.401989,9.254184380841885e-14,8.048632348410457
20180207T014415Z,1.9695358371142417e-06,0.9765625,0.511988,8.244996012919599e-14,7.954913836163059
20180207T014533Z,2.5019406142137457e-06,8.3984375,1.081989,8.307688790247847e-14,8.56400829335073
20180207T014558Z,2.546673957405407e-06,7.6171875,1.241988,1.426075904977441e-13,13.270546996776137
20180207T014606Z,3.968964839005264e-06,2.34375,8.561989,2.8944189726321737e-13,4.560337723444976
20180207T014633Z,2.698466772503662e-06,1.7578125,0.481989,1.322632631404138e-13,2.723673299537287
20180207T014751Z,3.2254206704531303e-06,3.125,1.421989,1.726748736445435e-13,5.323040055228832
20180207T014921Z,8.39136645383968e-06,34.9609375,0.871988,7.75523245881026e-13,33.60116779426299
20180207T014943Z,3.3268964525839476e-06,0.78125,0.311988,1.771072795398847e-13,11.447432920328442
20180207T015007Z,2.63604091867456e-06,0.78125,2.441989,1.5505124754097422e-13,4.716496786366347
20180207T015104Z,2.6323284672738197e-06,0.78125,0.551988,1.395964946173937e-13,1.8801577688352178
20180207T015143Z,3.232538681783269e-06,12.5,0.991989,1.9058733648717035e-13,18.908131404645207
20180207T015151Z,2.8065747817788823e-05,19.3359375,13.231988,1.0579875073034689e-11,18.844349488637928
20180207T015342Z,1.2540490789223215e-05,3.7109375,5.931988,2.282568552237163e-12,4.263100474672781
20180207T015548Z,6.575785306773054e-06,4.6875,4.571988,5.181350542793461e-13,5.457037766094884
20180207T015610Z,2.2205534813429976e-06,0.5859375,1.691988,1.3364473339452888e-13,3.1200126034950637
20180207T015705Z,3.346796995369782e-06,9.1796875,1.331988,1.7141943389771812e-13,9.02442182782356
20180207T015909Z,2.1570050603279703e-06,0.9765625,0.391988,8.515566960102555e-14,4.3088380160416975
20180207T015925Z,2.5621254293714407e-06,0.9765625,1.201989,1.6113988031332218e-13,5.3000980920698355
20180207T015948Z,3.0769019780769846e-06,3.125,2.001988,1.9719420388284291e-13,4.095806928452229
20180207T020028Z,2.7317456111752426e-06,1.3671875,0.721989,1.0074461646457478e-13,3.8881500622258645
20180207T020216Z,4.348748926435134e-06,2.9296875,3.121988,3.0844802603117185e-13,4.328054158143674
20180207T020324Z,2.2950617154619743e-06,12.6953125,1.061989,8.93103511923853e-14,13.074353063700293
20180207T020531Z,2.8481632263209445e-06,0.9765625,1.081988,1.265635137023023e-13,3.299091545873537
20180207T020723Z,2.4348182164156865e-06,2.1484375,0.371989,1.3997162937649252e-13,4.3029537160385
20180207T020806Z,2.976861334505484e-06,10.15625,0.911988,1.8121296930564196e-13,9.747819142595192
20180207T020847Z,3.926296257819545e-06,5.46875,0.991988,2.581037178940359e-13,6.499161916202168
20180207T021438Z,3.5818453336291093e-06,6.4453125,2.141989,1.6888723577887138e-13,6.791860280612737
20180207T021449Z,2.0601103572723936e-05,6.25,14.091988,6.856194137340045e-12,7.632785937711371
20180207T021641Z,3.5540559094084626e-06,5.6640625,1.831988,2.4184743260208447e-13,5.994280187922076
20180207T021829Z,3.581303488989296e-06,7.6171875,1.281988,1.6305409068498939e-13,8.107198951365405
20180207T022028Z,6.411139292715416e-06,0.78125,5.861989,5.641219382541525e-13,3.429715816003829
20180207T022300Z,2.2828834620857876e-06,0.78125,1.461989,9.199393371166582e-14,3.2774207667117303
20180207T022348Z,1.0568575305293101e-05,9.375,11.711988,1.420731075321117e-12,9.545432268245287
20180207T022519Z,3.416308344643618e-05,28.90625,12.231988,1.3751444894835139e-11,28.73396531662818
20180207T022958Z,4.7920243839840355e-06,2.9296875,2.631988,3.9585462223517073e-13,4.732487192735919
20180207T023226Z,2.625216121957458e-06,1.953125,1.331988,1.3432782035104346e-13,3.606326167040585
20180207T023655Z,2.281370231510014e-06,1.953125,0.781989,7.038795972232762e-14,4.436573241089522
20180207T024247Z,2.2345790497248564e-06,0.78125,0.461988,1.3171605632562812e-13,3.7209277596964414
20180207T024318Z,2.0438084158991466e-06,0.78125,0.291989,1.033713446065307e-13,7.703548880905658
20180207T024536Z,3.0194918555381123e-05,4.296875,14.601989,1.3336766689147934e-11,4.615067953852273
20180207T024730Z,1.9668772073962562e-05,3.7109375,8.221989,5.616777527090099e-12,4.89726341456638
20180207T025437Z,1.954771428166186e-06,0.9765625,0.741988,6.540078894933355e-14,7.516491912695784
20180207T025511Z,2.6715090230119554e-06,1.3671875,0.821989,1.4047136136881452e-13,3.5697619836787866
20180207T025616Z,3.054070449342855e-06,0.9765625,0.341989,1.288070894299338e-13,2.9146138694898127
20180207T025724Z,2.171771964781707e-06,7.6171875,0.611989,1.0236627333867958e-13,8.693982065105079
20180207T030448Z,2.7472170420669943e-06,8.984375,1.061989,1.1288328125115196e-13,8.620137902936909
20180207T030914Z,3.547842862538043e-06,2.34375,2.521989,2.573095464434997e-13,4.411674170320597
20180207T030941Z,2.4637596345411002e-06,18.75,0.781989,1.300400406468288e-13,17.21758047654896
20180207T031137Z,2.3857525767990223e-06,2.734375,1.511989,1.2095327346479264e-13,4.158512750429613
20180207T032359Z,3.1418831911628815e-06,1.5625,0.801988,1.7641848673846302e-13,10.310406372673096
20180207T032843Z,3.7220688687170435e-06,2.9296875,4.561989,2.779245908382769e-13,3.4961416215173684
20180207T033135Z,3.779663562094166e-06,4.296875,4.341988,3.020460816410412e-13,4.678999809655796
20180207T033301Z,1.919131182300777e-06,0.78125,0.871988,9.139700738560127e-14,4.339807691494572
20180207T033645Z,1.4165244483880346e-05,3.90625,14.271988,3.409994665771259e-12,5.084409924733869
20180207T034054Z,5.2052685839194755e-06,2.5390625,5.461989,3.219954253942253e-13,3.682922799722617
20180207T035510Z,1.6786106634133431e-06,1.171875,1.131989,4.205498424031149e-14,3.284105800104393
20180207T035748Z,5.653347283035075e-06,17.96875,0.891988,5.824202889002076e-13,21.205528421695956
20180207T035832Z,3.3135264230690755e-06,3.90625,1.201988,1.9975109345606874e-13,5.835152478784422
20180207T040111Z,3.1510909738138597e-06,0.78125,0.511988,1.1979446823851498e-13,2.340555353976903
20180207T040843Z,2.813435287174101e-06,1.3671875,1.111988,1.4578997553922246e-13,6.840347215617212
20180207T040945Z,7.364010917261262e-06,4.1015625,10.331989,8.201796124512006e-13,4.7790193473610065
20180207T041016Z,2.340960479019762e-06,0.78125,0.761989,7.130465989885324e-14,3.7710793346543885
20180207T041051Z,3.0056101006127075e-06,3.7109375,1.001989,1.4825621649616586e-13,4.414642648180148
20180207T041104Z,6.6284562661048946e-06,1.3671875,7.741989,6.903736823949183e-13,9.461875916614462
20180207T041418Z,7.911972981837377e-06,7.03125,3.391988,1.0917397539167588e-12,7.107476275284829
20180207T041448Z,5.111028487260453e-06,2.9296875,1.331988,4.49371975803012e-13,3.8434658028801687
20180207T041644Z,5.0139400825766176e-06,3.7109375,1.131988,4.84786638769807e-13,4.549177122265684
20180207T041853Z,2.5194596236188935e-06,29.6875,4.831988,9.429530585971983e-14,22.003554689681472
20180207T042859Z,3.530097705952042e-06,15.8203125,0.211988,1.5258366911896377e-13,19.153146912471687
20180207T043533Z,2.9870087966807e-06,9.375,0.101989,1.3189391583245087e-13,11.961061514495032
20180207T043733Z,2.1482885592068627e-06,1.5625,0.871988,9.948441865702098e-14,3.3852620297672953
20180207T043948Z,7.5277579642310695e-06,2.34375,6.171988,1.0532374671021454e-12,2.721209681572872
20180207T044824Z,6.911227155491582e-06,2.1484375,9.501988,6.773481023942211e-13,2.264608793329359
20180207T045112Z,7.13257934058601e-06,2.9296875,7.361989,9.896280549874481e-13,3.4963079128673473
20180207T045441Z,2.5936916266333246e-06,8.0078125,0.851989,9.601497537388256e-14,7.343295975764594
20180207T045724Z,2.6585952375572818e-05,4.1015625,15.461989,1.396619198423418e-11,3.8647313188278605
20180207T050239Z,3.7295269309784557e-06,20.703125,1.001988,2.346625344591004e-13,19.63394604055398
20180207T051141Z,2.565460031998864e-06,1.3671875,0.841989,1.0914115072728019e-13,5.374897963754994
20180207T051259Z,3.303167347685211e-06,1.3671875,0.901989,1.0958022614596679e-13,3.3870958189661113
20180207T051347Z,5.0979893484166666e-06,3.3203125,5.271988,3.655076509679606e-13,3.498542141342856
20180207T052238Z,3.834313471280756e-06,1.953125,3.221988,2.5006862913253035e-13,2.4987420234055313
20180207T052249Z,1.0534538036962378e-05,5.46875,11.461989,1.6886892226608852e-12,5.622320622359605
20180207T052400Z,8.287782107337041e-06,17.578125,4.531989,9.272080770678168e-13,17.18035941251826
20180207T052703Z,1.660873244256428e-06,0.5859375,1.291988,3.8895883011635086e-14,1.4369141909827663
20180207T053130Z,2.5281317369291963e-06,0.9765625,0.841988,1.20844421688808e-13,2.355190901064435
20180207T053439Z,4.676221008459146e-06,5.2734375,4.151989,4.130628246479039e-13,5.727939830795309
20180207T053637Z,1.1135065196563125e-05,24.4140625,2.031988,1.9539753966470936e-12,24.8528537181641
20180207T053718Z,6.402032715399862e-06,2.1484375,2.591988,5.631219934627919e-13,3.215478499757093
20180207T054548Z,3.3269884888964614e-06,8.3984375,1.901989,2.31686899827218e-13,7.962695610391081
20180207T054629Z,2.2365010671711517e-06,7.6171875,0.901989,9.140875558410259e-14,7.82327594902346
20180207T055722Z,2.6384304544520966e-05,4.296875,15.861988,8.883481005687102e-12,5.233301833237677
20180207T060231Z,3.357782740932649e-06,4.1015625,3.181989,1.9947894516721189e-13,4.76358286568589
20180207T061000Z,2.214391563305542e-06,4.1015625,1.771989,9.449861118161573e-14,5.444452362484379
20180207T061219Z,4.761495982392982e-06,4.4921875,7.271988,3.38635889724686e-13,4.832982601578777
20180207T061346Z,2.77884237272312e-06,4.6875,9.591989,1.285704459080577e-13,4.931835936214946
20180207T062237Z,1.5838007171865416e-06,0.78125,12.671989,4.2620823497517315e-14,1.7757293760072457
20180207T064419Z,9.873733425414803e-07,0.9765625,0.731989,1.9796224717613733e-14,5.425181117764701
20180207T065255Z,1.7321090389874296e-06,0.78125,0.831988,4.348511310991362e-14,7.2644838247280425
20180207T065413Z,3.76434869598064e-06,3.515625,3.381988,1.9654034584575267e-13,3.8609671618042802
20180207T065819Z,2.451672804860184e-06,5.46875,2.801989,9.209558266407131e-14,5.905291854930833
20180207T065926Z,2.02392295952611e-06,0.78125,0.671989,5.439444851576378e-14,1.5322134021546197
20180207T070758Z,3.5708760851078814e-06,5.2734375,2.971989,1.5226288848668978e-13,5.972960126429233
20180207T072122Z,1.5912704871243164e-06,0.9765625,0.441989,4.116362746150048e-14,1.9684806809441664
20180207T072225Z,3.454093199232181e-06,3.3203125,1.481988,1.5704075658579803e-13,3.6381572328072163
20180207T073428Z,1.2602152803018766e-06,0.78125,1.121989,2.2690310956587274e-14,3.2045956138408416
20180207T073456Z,1.464821467034543e-06,0.78125,0.711988,3.255280843561938e-14,1.981156634119589
20180207T074140Z,8.665526918422319e-06,4.296875,14.151988,8.959542864197514e-13,4.4440351181305076
20180207T074503Z,1.6665923234075157e-06,0.78125,1.091988,3.6694311910254323e-14,4.053562452327279
20180207T074703Z,0.0,0.0,0.891989,0.0,
20180207T075232Z,0.0,0.0,5.431989,0.0,
20180207T075259Z,0.0,0.0,0.761989,0.0,
20180207T075322Z,0.0,0.0,2.201989,0.0,
20180207T075528Z,0.0,0.0,0.481989,0.0,
20180207T075645Z,0.0,0.0,4.891988,0.0,
20180207T080159Z,0.0,0.0,2.081988,0.0,
20180207T080351Z,0.0,0.0,2.211988,0.0,
20180207T081122Z,0.0,0.0,1.061988,0.0,
20180207T081316Z,0.0,0.0,0.791989,0.0,
20180207T082221Z,0.0,0.0,1.411988,0.0,
20180207T083015Z,0.0,0.0,0.291989,0.0,
20180207T083240Z,0.0,0.0,0.771988,0.0,
20180207T083418Z,0.0,0.0,2.321989,0.0,
20180207T083509Z,0.0,0.0,8.371988,0.0,
20180207T083712Z,0.0,0.0,1.921989,0.0,
20180207T084335Z,0.0,0.0,0.851988,0.0,
20180207T084401Z,0.0,0.0,1.841988,0.0,
20180207T084732Z,0.0,0.0,4.841989,0.0,
20180207T084826Z,0.0,0.0,1.671988,0.0,
20180207T084933Z,0.0,0.0,0.881988,0.0,
20180207T085235Z,0.0,0.0,3.501989,0.0,
20180207T085348Z,0.0,0.0,1.111989,0.0,
20180207T085751Z,0.0,0.0,0.311989,0.0,
20180207T085818Z,0.0,0.0,1.891988,0.0,
20180207T090327Z,0.0,0.0,1.661988,0.0,
20180207T090610Z,0.0,0.0,16.111989,0.0,
20180207T090653Z,0.0,0.0,1.011988,0.0,
20180207T090833Z,0.0,0.0,4.351989,0.0,
20180207T091027Z,0.0,0.0,7.111988,0.0,
20180207T091150Z,0.0,0.0,1.271988,0.0,
20180207T091346Z,0.0,0.0,1.061988,0.0,
20180207T091416Z,0.0,0.0,0.581989,0.0,
20180207T091509Z,0.0,0.0,11.351989,0.0,
20180207T091543Z,0.0,0.0,0.921989,0.0,
20180207T091636Z,0.0,0.0,2.841988,0.0,
20180207T091910Z,0.0,0.0,0.931988,0.0,
20180207T092029Z,0.0,0.0,3.941989,0.0,
20180207T092455Z,0.0,0.0,1.121989,0.0,
20180207T092526Z,0.0,0.0,0.771989,0.0,
20180207T092806Z,0.0,0.0,1.721988,0.0,
20180207T092958Z,0.0,0.0,0.751989,0.0,
20180207T093100Z,0.0,0.0,4.401989,0.0,
20180207T093230Z,0.0,0.0,1.651988,0.0,
20180207T093257Z,0.0,0.0,1.841989,0.0,
20180207T093440Z,0.0,0.0,1.631988,0.0,
20180207T093517Z,0.0,0.0,1.181989,0.0,
20180207T093700Z,0.0,0.0,10.951988,0.0,
20180207T094101Z,0.0,0.0,3.931989,0.0,
20180207T094300Z,0.0,0.0,1.491988,0.0,
20180207T094359Z,0.0,0.0,0.721989,0.0,
20180207T094456Z,0.0,0.0,1.051988,0.0,
20180207T094537Z,0.0,0.0,0.371988,0.0,
20180207T094713Z,0.0,0.0,5.331988,0.0,
20180207T095011Z,0.0,0.0,0.921989,0.0,
20180207T095305Z,0.0,0.0,6.011988,0.0,
20180207T095340Z,0.0,0.0,0.911989,0.0,
20180207T095426Z,0.0,0.0,1.101988,0.0,
20180207T095608Z,0.0,0.0,1.211988,0.0,
20180207T095716Z,0.0,0.0,0.871988,0.0,
20180207T095915Z,0.0,0.0,0.971989,0.0,
20180207T100013Z,0.0,0.0,1.061989,0.0,
20180207T100123Z,0.0,0.0,0.931988,0.0,
20180207T100502Z,0.0,0.0,0.761989,0.0,
20180207T101001Z,0.0,0.0,0.951988,0.0,
20180207T101106Z,0.0,0.0,1.061989,0.0,
20180207T101136Z,0.0,0.0,0.421988,0.0,
20180207T101243Z,0.0,0.0,1.111988,0.0,
20180207T101305Z,0.0,0.0,1.241988,0.0,
20180207T101325Z,0.0,0.0,1.691988,0.0,
20180207T101502Z,0.0,0.0,1.171988,0.0,
20180207T101528Z,0.0,0.0,2.571989,0.0,
20180207T101724Z,0.0,0.0,1.211988,0.0,
20180207T101740Z,0.0,0.0,1.091988,0.0,
20180207T101817Z,0.0,0.0,1.181988,0.0,
20180207T102100Z,0.0,0.0,0.661988,0.0,
20180207T102110Z,0.0,0.0,11.701989,0.0,
20180207T102533Z,0.0,0.0,0.901988,0.0,
20180207T102557Z,0.0,0.0,0.961988,0.0,
20180207T102743Z,0.0,0.0,0.601989,0.0,
20180207T103153Z,0.0,0.0,0.891988,0.0,
20180207T103905Z,0.0,0.0,1.011989,0.0,
20180207T104340Z,0.0,0.0,1.591989,0.0,
20180207T104551Z,0.0,0.0,0.761989,0.0,
20180207T104750Z,0.0,0.0,0.891988,0.0,
20180207T104809Z,0.0,0.0,1.411988,0.0,
20180207T105005Z,0.0,0.0,0.751988,0.0,
20180207T110827Z,0.0,0.0,0.711989,0.0,
20180207T111059Z,0.0,0.0,1.551989,0.0,
20180207T111421Z,0.0,0.0,8.201989,0.0,
20180207T111510Z,0.0,0.0,15.221989,0.0,
20180207T111654Z,0.0,0.0,1.311988,0.0,
20180207T111729Z,0.0,0.0,1.541988,0.0,
20180207T111918Z,0.0,0.0,2.851988,0.0,
20180207T112027Z,0.0,0.0,2.651989,0.0,
20180207T112630Z,0.0,0.0,0.781989,0.0,
20180207T113237Z,0.0,0.0,0.791988,0.0,
20180207T113321Z,0.0,0.0,5.051988,0.0,
20180207T114348Z,0.0,0.0,1.221988,0.0,
20180207T115213Z,0.0,0.0,0.801989,0.0,
20180207T115849Z,0.0,0.0,0.881989,0.0,
20180207T120419Z,0.0,0.0,0.771988,0.0,
20180207T120916Z,0.0,0.0,0.271989,0.0,
20180207T120959Z,0.0,0.0,4.361988,0.0,
20180207T121114Z,0.0,0.0,0.541989,0.0,
20180207T121243Z,0.0,0.0,0.961989,0.0,
20180207T121746Z,0.0,0.0,4.841988,0.0,
20180207T122243Z,0.0,0.0,0.761989,0.0,
20180207T122340Z,0.0,0.0,1.271988,0.0,
20180207T123000Z,0.0,0.0,9.251989,0.0,
20180207T123701Z,0.0,0.0,2.301989,0.0,
20180207T123737Z,0.0,0.0,1.051988,0.0,
20180207T123917Z,0.0,0.0,1.091988,0.0,
20180207T124553Z,0.0,0.0,0.881989,0.0,
20180207T125047Z,0.0,0.0,0.951988,0.0,
20180207T125656Z,0.0,0.0,4.691988,0.0,
20180207T125835Z,0.0,0.0,8.841989,0.0,
20180207T130200Z,0.0,0.0,1.021988,0.0,
20180207T130823Z,0.0,0.0,1.111988,0.0,
20180207T132135Z,0.0,0.0,0.741989,0.0,
20180207T132416Z,0.0,0.0,0.791988,0.0,
20180207T133415Z,0.0,0.0,7.811988,0.0,
20180207T133758Z,0.0,0.0,0.821989,0.0,
20180207T133835Z,0.0,0.0,2.151988,0.0,
20180207T134148Z,0.0,0.0,0.721988,0.0,
20180207T134620Z,0.0,0.0,1.581988,0.0,
20180207T134809Z,0.0,0.0,2.651989,0.0,
20180207T135614Z,0.0,0.0,7.661989,0.0,
20180207T135755Z,0.0,0.0,0.961988,0.0,
20180207T135813Z,0.0,0.0,2.831988,0.0,
20180207T135925Z,0.0,0.0,4.861988,0.0,
20180207T140603Z,0.0,0.0,0.741989,0.0,
20180207T140817Z,0.0,0.0,4.561989,0.0,
20180207T141241Z,0.0,0.0,0.711988,0.0,
20180207T141800Z,0.0,0.0,7.471989,0.0,
20180207T142208Z,0.0,0.0,0.851989,0.0,
20180207T144401Z,0.0,0.0,0.671988,0.0,
20180207T144717Z,0.0,0.0,1.061988,0.0,
20180207T145352Z,0.0,0.0,0.651988,0.0,
20180207T145457Z,0.0,0.0,14.451988,0.0,
20180207T145743Z,0.0,0.0,0.781989,0.0,
20180207T145857Z,0.0,0.0,2.381988,0.0,
20180207T150726Z,0.0,0.0,0.851989,0.0,
20180207T150842Z,0.0,0.0,16.831988,0.0,
20180207T151004Z,0.0,0.0,1.601988,0.0,
20180207T151412Z,0.0,0.0,0.811989,0.0,
20180207T151430Z,0.0,0.0,0.651988,0.0,
20180207T151902Z,0.0,0.0,12.821988,0.0,
20180207T153927Z,0.0,0.0,1.281989,0.0,
20180207T155037Z,0.0,0.0,0.761988,0.0,
20180207T155115Z,0.0,0.0,4.061989,0.0,
20180207T155937Z,0.0,0.0,0.331988,0.0,
20180207T160635Z,0.0,0.0,1.551989,0.0,
20180207T161921Z,0.0,0.0,1.391988,0.0,
20180207T162206Z,0.0,0.0,1.011988,0.0,
20180207T162745Z,0.0,0.0,9.031989,0.0,
20180207T162844Z,0.0,0.0,1.351988,0.0,
20180207T162924Z,0.0,0.0,4.531989,0.0,
20180207T163316Z,0.0,0.0,1.991989,0.0,
20180207T163513Z,0.0,0.0,1.111988,0.0,
20180207T163759Z,0.0,0.0,0.561989,0.0,
20180207T164023Z,0.0,0.0,0.781988,0.0,
20180207T164946Z,0.0,0.0,2.931988,0.0,
20180207T165155Z,0.0,0.0,2.531988,0.0,
20180207T165605Z,0.0,0.0,0.831988,0.0,
20180207T165710Z,0.0,0.0,11.261988,0.0,
20180207T170135Z,0.0,0.0,0.841988,0.0,
20180207T170518Z,0.0,0.0,0.771989,0.0,
20180207T171246Z,0.0,0.0,0.621989,0.0,
20180207T171317Z,0.0,0.0,4.481988,0.0,
20180207T171407Z,0.0,0.0,0.661989,0.0,
20180207T171544Z,0.0,0.0,1.171989,0.0,
20180207T171748Z,0.0,0.0,13.041988,0.0,
20180207T172406Z,0.0,0.0,1.511988,0.0,
20180207T172521Z,0.0,0.0,1.101989,0.0,
20180207T172533Z,0.0,0.0,4.881989,0.0,
20180207T172924Z,0.0,0.0,0.891988,0.0,
20180207T173049Z,0.0,0.0,1.011988,0.0,
20180207T173202Z,0.0,0.0,0.691989,0.0,
20180207T173341Z,0.0,0.0,3.451988,0.0,
20180207T173435Z,0.0,0.0,2.881989,0.0,
20180207T173444Z,0.0,0.0,1.741988,0.0,
20180207T173814Z,0.0,0.0,4.021988,0.0,
20180207T173940Z,0.0,0.0,15.221989,0.0,
20180207T174022Z,0.0,0.0,0.831988,0.0,
20180207T174030Z,0.0,0.0,0.481989,0.0,
20180207T174114Z,0.0,0.0,6.361988,0.0,
20180207T174157Z,0.0,0.0,0.631988,0.0,
20180207T174212Z,0.0,0.0,0.941988,0.0,
20180207T174253Z,0.0,0.0,0.821989,0.0,
20180207T174423Z,0.0,0.0,0.551988,0.0,
20180207T174442Z,0.0,0.0,1.031989,0.0,
20180207T174455Z,0.0,0.0,2.411988,0.0,
20180207T174534Z,0.0,0.0,0.771988,0.0,
20180207T174542Z,0.0,0.0,0.761989,0.0,
20180207T174717Z,0.0,0.0,0.811988,0.0,
20180207T174738Z,0.0,0.0,1.401989,0.0,
20180207T174857Z,0.0,0.0,0.121989,0.0,
20180207T174958Z,0.0,0.0,0.771989,0.0,
20180207T175030Z,0.0,0.0,1.141988,0.0,
20180207T175037Z,0.0,0.0,1.421989,0.0,
20180207T175137Z,0.0,0.0,14.401989,0.0,
20180207T175300Z,0.0,0.0,0.771988,0.0,
20180207T175327Z,0.0,0.0,0.801988,0.0,
20180207T175428Z,0.0,0.0,4.921988,0.0,
20180207T175450Z,0.0,0.0,0.821988,0.0,
20180207T175558Z,0.0,0.0,2.341989,0.0,
20180207T175951Z,0.0,0.0,1.061989,0.0,
20180207T180010Z,0.0,0.0,0.741989,0.0,
20180207T180027Z,0.0,0.0,0.161989,0.0,
20180207T180132Z,0.0,0.0,1.201988,0.0,
20180207T180321Z,0.0,0.0,7.621989,0.0,
20180207T180350Z,0.0,0.0,2.051988,0.0,
20180207T180459Z,0.0,0.0,5.631989,0.0,
20180207T180613Z,0.0,0.0,0.901989,0.0,
20180207T180805Z,0.0,0.0,7.631988,0.0,
20180207T180830Z,0.0,0.0,8.961989,0.0,
20180207T180857Z,0.0,0.0,0.601989,0.0,
20180207T180907Z,0.0,0.0,6.171988,0.0,
20180207T181038Z,0.0,0.0,0.941989,0.0,
20180207T181103Z,0.0,0.0,0.741988,0.0,
20180207T181120Z,0.0,0.0,1.011988,0.0,
20180207T181132Z,0.0,0.0,1.611988,0.0,
20180207T181303Z,0.0,0.0,0.711989,0.0,
20180207T181359Z,0.0,0.0,3.331989,0.0,
20180207T181438Z,0.0,0.0,0.931988,0.0,
20180207T181507Z,0.0,0.0,1.541989,0.0,
20180207T181617Z,0.0,0.0,1.821989,0.0,
20180207T181653Z,0.0,0.0,4.981988,0.0,
20180207T181728Z,0.0,0.0,0.821989,0.0,
20180207T181829Z,0.0,0.0,0.911989,0.0,
20180207T181841Z,0.0,0.0,13.321988,0.0,
20180207T182008Z,0.0,0.0,2.421989,0.0,
20180207T182021Z,0.0,0.0,1.471988,0.0,
20180207T182212Z,0.0,0.0,2.281989,0.0,
20180207T182231Z,0.0,0.0,0.891988,0.0,
20180207T182321Z,0.0,0.0,4.721988,0.0,
20180207T182409Z,0.0,0.0,0.951988,0.0,
20180207T182422Z,0.0,0.0,0.851989,0.0,
20180207T182445Z,0.0,0.0,3.011988,0.0,
20180207T182502Z,0.0,0.0,3.771989,0.0,
20180207T182555Z,0.0,0.0,0.771988,0.0,
20180207T182616Z,0.0,0.0,1.961989,0.0,
20180207T182655Z,0.0,0.0,8.731988,0.0,
20180207T182737Z,0.0,0.0,16.551988,0.0,
20180207T182846Z,0.0,0.0,1.561989,0.0,
20180207T182904Z,0.0,0.0,0.321989,0.0,
20180207T182915Z,0.0,0.0,0.681989,0.0,
20180207T182953Z,0.0,0.0,1.491988,0.0,
20180207T183027Z,0.0,0.0,0.891988,0.0,
20180207T183051Z,0.0,0.0,0.781988,0.0,
20180207T183100Z,0.0,0.0,7.311989,0.0,
20180207T183113Z,0.0,0.0,6.041989,0.0,
20180207T183133Z,0.0,0.0,0.831989,0.0,
20180207T183140Z,0.0,0.0,1.431988,0.0,
20180207T183200Z,0.0,0.0,4.181988,0.0,
20180207T183217Z,0.0,0.0,5.031988,0.0,
20180207T183302Z,0.0,0.0,15.161988,0.0,
20180207T183335Z,0.0,0.0,3.051988,0.0,
20180207T183402Z,0.0,0.0,1.441989,0.0,
20180207T183410Z,0.0,0.0,0.711988,0.0,
20180207T183457Z,0.0,0.0,10.591988,0.0,
20180207T183536Z,0.0,0.0,0.741988,0.0,
20180207T183623Z,0.0,0.0,3.521989,0.0,
20180207T183654Z,0.0,0.0,2.351988,0.0,
20180207T183707Z,0.0,0.0,1.221988,0.0,
20180207T183723Z,0.0,0.0,0.871988,0.0,
20180207T183734Z,0.0,0.0,15.171989,0.0,
20180207T183807Z,0.0,0.0,7.171988,0.0,
20180207T183827Z,0.0,0.0,1.111988,0.0,
20180207T183902Z,0.0,0.0,3.381989,0.0,
20180207T183920Z,0.0,0.0,0.531988,0.0,
20180207T183942Z,0.0,0.0,0.861989,0.0,
20180207T184005Z,0.0,0.0,0.811988,0.0,
20180207T184031Z,0.0,0.0,8.091989,0.0,
20180207T184111Z,0.0,0.0,0.841989,0.0,
20180207T184124Z,0.0,0.0,0.671989,0.0,
20180207T184131Z,0.0,0.0,3.031988,0.0,
20180207T184146Z,0.0,0.0,2.981989,0.0,
20180207T184201Z,0.0,0.0,0.771988,0.0,
20180207T184240Z,0.0,0.0,1.171988,0.0,
20180207T184306Z,0.0,0.0,9.721989,0.0,
20180207T184338Z,0.0,0.0,0.421989,0.0,
20180207T184412Z,0.0,0.0,1.831989,0.0,
20180207T184447Z,0.0,0.0,1.971988,0.0,
20180207T184506Z,0.0,0.0,0.921988,0.0,
20180207T184524Z,0.0,0.0,0.781988,0.0,
20180207T184547Z,0.0,0.0,0.891988,0.0,
20180207T184556Z,0.0,0.0,7.761989,0.0,
20180207T184619Z,0.0,0.0,0.581988,0.0,
20180207T184624Z,0.0,0.0,1.111989,0.0,
20180207T184642Z,0.0,0.0,1.491988,0.0,
20180207T184657Z,0.0,0.0,0.771988,0.0,
20180207T184718Z,0.0,0.0,9.231988,0.0,
20180207T184740Z,0.0,0.0,15.791988,0.0,
20180207T184803Z,0.0,0.0,0.101989,0.0,
20180207T184838Z,0.0,0.0,4.601989,0.0,
20180207T184857Z,0.0,0.0,0.861988,0.0,
20180207T184927Z,0.0,0.0,3.161989,0.0,
20180207T184941Z,0.0,0.0,2.301989,0.0,
20180207T184949Z,0.0,0.0,0.501989,0.0,
20180207T185030Z,0.0,0.0,1.201989,0.0,
20180207T185041Z,0.0,0.0,1.511989,0.0,
20180207T185131Z,0.0,0.0,0.761989,0.0,
20180207T185209Z,0.0,0.0,2.471989,0.0,
20180207T185240Z,0.0,0.0,0.861988,0.0,
20180207T185257Z,0.0,0.0,0.761989,0.0,
20180207T185323Z,0.0,0.0,1.571989,0.0,
20180207T185333Z,0.0,0.0,0.881988,0.0,
20180207T185357Z,0.0,0.0,13.361989,0.0,
20180207T185420Z,0.0,0.0,0.821989,0.0,
20180207T185437Z,0.0,0.0,17.111988,0.0,
20180207T185505Z,0.0,0.0,0.821988,0.0,
20180207T185513Z,0.0,0.0,12.501988,0.0,
20180207T185546Z,0.0,0.0,0.681989,0.0,
20180207T185554Z,0.0,0.0,0.241989,0.0,
20180207T185620Z,0.0,0.0,0.791988,0.0,
20180207T185638Z,0.0,0.0,0.631988,0.0,
20180207T185647Z,0.0,0.0,0.731988,0.0,
20180207T185658Z,0.0,0.0,3.051988,0.0,
20180207T185719Z,0.0,0.0,0.731988,0.0,
20180207T185729Z,0.0,0.0,2.881988,0.0,
20180207T185744Z,0.0,0.0,0.971988,0.0,
20180207T185757Z,0.0,0.0,3.431988,0.0,
20180207T185808Z,0.0,0.0,13.231989,0.0,
20180207T185830Z,0.0,0.0,0.721989,0.0,
20180207T185839Z,0.0,0.0,0.721988,0.0,
20180207T185900Z,0.0,0.0,1.091988,0.0,
20180207T185927Z,0.0,0.0,2.341989,0.0,
20180207T185954Z,0.0,0.0,3.371988,0.0,
20180207T190022Z,0.0,0.0,3.001989,0.0,
20180207T190058Z,0.0,0.0,1.141989,0.0,
20180207T190125Z,0.0,0.0,0.291988,0.0,
20180207T190141Z,0.0,0.0,6.861989,0.0,
20180207T190206Z,0.0,0.0,7.681989,0.0,
20180207T190221Z,0.0,0.0,0.541988,0.0,
20180207T190236Z,0.0,0.0,5.241988,0.0,
20180207T190259Z,0.0,0.0,0.851988,0.0,
20180207T190324Z,0.0,0.0,0.751988,0.0,
20180207T190340Z,0.0,0.0,2.361989,0.0,
20180207T190358Z,0.0,0.0,2.131988,0.0,
20180207T190414Z,0.0,0.0,0.731989,0.0,
20180207T190421Z,0.0,0.0,0.311988,0.0,
20180207T190430Z,0.0,0.0,2.611989,0.0,
20180207T190449Z,0.0,0.0,22.641989,0.0,
20180207T190525Z,0.0,0.0,3.081988,0.0,
20180207T190553Z,0.0,0.0,11.391989,0.0,
20180207T190637Z,0.0,0.0,5.021989,0.0,
20180207T190655Z,0.0,0.0,0.101989,0.0,
20180207T190718Z,0.0,0.0,0.331988,0.0,
20180207T190736Z,0.0,0.0,0.631989,0.0,
20180207T190752Z,0.0,0.0,1.141989,0.0,
20180207T190805Z,0.0,0.0,1.351988,0.0,
20180207T190820Z,0.0,0.0,0.931988,0.0,
20180207T190829Z,0.0,0.0,0.921989,0.0,
20180207T190910Z,0.0,0.0,4.921988,0.0,
20180207T190932Z,0.0,0.0,0.741989,0.0,
20180207T190944Z,0.0,0.0,1.261989,0.0,
20180207T190957Z,0.0,0.0,0.831988,0.0,
20180207T191031Z,0.0,0.0,0.631988,0.0,
20180207T191106Z,0.0,0.0,2.051988,0.0,
20180207T191117Z,0.0,0.0,6.391988,0.0,
20180207T191133Z,0.0,0.0,6.631989,0.0,
20180207T191151Z,0.0,0.0,6.421989,0.0,
20180207T191237Z,0.0,0.0,0.161989,0.0,
20180207T191250Z,0.0,0.0,5.841989,0.0,
20180207T191341Z,0.0,0.0,0.831988,0.0,
20180207T191403Z,0.0,0.0,0.201989,0.0,
20180207T191424Z,0.0,0.0,0.411988,0.0,
20180207T191458Z,0.0,0.0,4.521988,0.0,
20180207T191521Z,0.0,0.0,2.751988,0.0,
20180207T191534Z,0.0,0.0,5.971988,0.0,
20180207T191553Z,0.0,0.0,3.801988,0.0,
20180207T191607Z,0.0,0.0,2.171988,0.0,
20180207T191629Z,0.0,0.0,10.251988,0.0,
20180207T191652Z,0.0,0.0,3.671989,0.0,
20180207T191706Z,0.0,0.0,2.801988,0.0,
20180207T191725Z,0.0,0.0,0.171988,0.0,
20180207T191739Z,0.0,0.0,5.071989,0.0,
20180207T191759Z,0.0,0.0,1.051988,0.0,
20180207T191823Z,0.0,0.0,1.861989,0.0,
20180207T191831Z,0.0,0.0,9.511989,0.0,
20180207T191852Z,0.0,0.0,0.841988,0.0,
20180207T191911Z,0.0,0.0,4.661989,0.0,
20180207T191930Z,0.0,0.0,0.791988,0.0,
20180207T191940Z,0.0,0.0,0.401989,0.0,
20180207T192004Z,0.0,0.0,2.871988,0.0,
20180207T192023Z,0.0,0.0,0.811988,0.0,
20180207T192029Z,0.0,0.0,1.601989,0.0,
20180207T192051Z,0.0,0.0,0.761989,0.0,
20180207T192104Z,0.0,0.0,1.221989,0.0,
20180207T192112Z,0.0,0.0,0.221989,0.0,
20180207T192142Z,0.0,0.0,24.421989,0.0,
20180207T192225Z,0.0,0.0,0.311988,0.0,
20180207T192256Z,0.0,0.0,0.851988,0.0,
20180207T192314Z,0.0,0.0,14.431989,0.0,
20180207T192353Z,0.0,0.0,1.161989,0.0,
20180207T192400Z,0.0,0.0,9.651988,0.0,
20180207T192406Z,0.0,0.0,7.131988,0.0,
20180207T192430Z,0.0,0.0,2.881988,0.0,
20180207T192443Z,0.0,0.0,4.301989,0.0,
20180207T192500Z,0.0,0.0,10.921988,0.0,
20180207T192547Z,0.0,0.0,7.951989,0.0,
20180207T192608Z,0.0,0.0,8.981989,0.0,
20180207T192635Z,0.0,0.0,8.801989,0.0,
20180207T192713Z,0.0,0.0,1.161989,0.0,
20180207T192719Z,0.0,0.0,0.451988,0.0,
20180207T192730Z,0.0,0.0,9.541989,0.0,
20180207T192758Z,0.0,0.0,2.651988,0.0,
20180207T192809Z,0.0,0.0,3.111988,0.0,
20180207T192845Z,0.0,0.0,4.651988,0.0,
20180207T192859Z,0.0,0.0,12.661989,0.0,
20180207T192925Z,0.0,0.0,0.891988,0.0,
20180207T192938Z,0.0,0.0,5.821989,0.0,
20180207T193003Z,0.0,0.0,0.861989,0.0,
20180207T193019Z,0.0,0.0,17.731988,0.0,
20180207T193057Z,0.0,0.0,8.951989,0.0,
20180207T193137Z,0.0,0.0,7.361988,0.0,
20180207T193158Z,0.0,0.0,1.621989,0.0,
20180207T193213Z,0.0,0.0,0.931988,0.0,
20180207T193228Z,0.0,0.0,2.051989,0.0,
20180207T193246Z,0.0,0.0,1.561988,0.0,
20180207T193329Z,0.0,0.0,3.421989,0.0,
20180207T193346Z,0.0,0.0,0.471988,0.0,
20180207T193355Z,0.0,0.0,1.621989,0.0,
20180207T193430Z,0.0,0.0,1.061988,0.0,
20180207T193445Z,0.0,0.0,1.001989,0.0,
20180207T193455Z,0.0,0.0,13.521989,0.0,
20180207T193524Z,0.0,0.0,6.551988,0.0,
20180207T193550Z,0.0,0.0,1.001989,0.0,
20180207T193615Z,0.0,0.0,2.621988,0.0,
20180207T193624Z,0.0,0.0,1.061989,0.0,
20180207T193639Z,0.0,0.0,0.591989,0.0,
20180207T193645Z,0.0,0.0,5.411988,0.0,
20180207T193657Z,0.0,0.0,0.131988,0.0,
20180207T193712Z,0.0,0.0,7.671988,0.0,
20180207T193739Z,0.0,0.0,3.521988,0.0,
20180207T193801Z,0.0,0.0,11.801989,0.0,
20180207T193825Z,0.0,0.0,2.361989,0.0,
20180207T193844Z,0.0,0.0,0.951988,0.0,
20180207T193854Z,0.0,0.0,8.111988,0.0,
20180207T193910Z,0.0,0.0,4.851989,0.0,
20180207T193934Z,0.0,0.0,15.401988,0.0,
20180207T194006Z,0.0,0.0,4.451988,0.0,
20180207T194034Z,0.0,0.0,5.601988,0.0,
20180207T194050Z,0.0,0.0,1.331988,0.0,
20180207T194110Z,0.0,0.0,6.561989,0.0,
20180207T194136Z,0.0,0.0,1.671988,0.0,
20180207T194215Z,0.0,0.0,2.291988,0.0,
20180207T194246Z,0.0,0.0,1.361989,0.0,
20180207T194257Z,0.0,0.0,10.341989,0.0,
20180207T194325Z,0.0,0.0,23.601988,0.0,
20180207T194404Z,0.0,0.0,0.961989,0.0,
20180207T194445Z,0.0,0.0,0.951988,0.0,
20180207T194458Z,0.0,0.0,19.211989,0.0,
20180207T194523Z,0.0,0.0,0.951988,0.0,
20180207T194540Z,0.0,0.0,4.291988,0.0,
20180207T194607Z,0.0,0.0,12.591989,0.0,
20180207T194627Z,0.0,0.0,0.881989,0.0,
20180207T194648Z,0.0,0.0,10.561988,0.0,
20180207T194716Z,0.0,0.0,1.721988,0.0,
20180207T194724Z,0.0,0.0,5.781989,0.0,
20180207T194744Z,0.0,0.0,1.391988,0.0,
20180207T194811Z,0.0,0.0,11.091989,0.0,
20180207T194829Z,0.0,0.0,25.581988,0.0,
20180207T194907Z,0.0,0.0,1.921989,0.0,
20180207T194922Z,0.0,0.0,4.571989,0.0,
20180207T194934Z,0.0,0.0,5.191988,0.0,
20180207T195007Z,0.0,0.0,6.251988,0.0,
20180207T195034Z,0.0,0.0,0.461988,0.0,
20180207T195049Z,0.0,0.0,20.021989,0.0,
20180207T195133Z,0.0,0.0,8.901989,0.0,
20180207T195219Z,0.0,0.0,3.571988,0.0,
20180207T195235Z,0.0,0.0,11.061988,0.0,
20180207T195308Z,0.0,0.0,6.401989,0.0,
20180207T195331Z,0.0,0.0,3.851988,0.0,
20180207T195354Z,0.0,0.0,1.551988,0.0,
20180207T195409Z,0.0,0.0,9.621989,0.0,
20180207T195441Z,0.0,0.0,0.761989,0.0,
20180207T195508Z,0.0,0.0,9.781989,0.0,
20180207T195528Z,0.0,0.0,1.961989,0.0,
20180207T195557Z,0.0,0.0,1.071988,0.0,
20180207T195607Z,0.0,0.0,7.141988,0.0,
20180207T195626Z,0.0,0.0,5.341989,0.0,
20180207T195656Z,0.0,0.0,4.731988,0.0,
20180207T195728Z,0.0,0.0,2.011989,0.0,
20180207T195746Z,0.0,0.0,0.871989,0.0,
20180207T195801Z,0.0,0.0,3.511988,0.0,
20180207T195817Z,0.0,0.0,0.731989,0.0,
20180207T195827Z,0.0,0.0,3.251988,0.0,
20180207T195848Z,0.0,0.0,9.161989,0.0,
20180207T195908Z,0.0,0.0,7.301988,0.0,
20180207T200000Z,0.0,0.0,7.211989,0.0,
20180207T200025Z,0.0,0.0,10.781989,0.0,
20180207T200048Z,0.0,0.0,18.831988,0.0,
20180207T200117Z,0.0,0.0,0.921988,0.0,
20180207T200130Z,0.0,0.0,4.371988,0.0,
20180207T200143Z,0.0,0.0,1.281989,0.0,
20180207T200151Z,0.0,0.0,2.611988,0.0,
20180207T200218Z,0.0,0.0,0.971988,0.0,
20180207T200230Z,0.0,0.0,2.191989,0.0,
20180207T200253Z,0.0,0.0,6.661988,0.0,
20180207T200311Z,0.0,0.0,2.781989,0.0,
20180207T200320Z,0.0,0.0,12.751988,0.0,
20180207T200346Z,0.0,0.0,0.781989,0.0,
20180207T200403Z,0.0,0.0,1.441989,0.0,
20180207T200411Z,0.0,0.0,10.961989,0.0,
20180207T200430Z,0.0,0.0,0.741989,0.0,
20180207T200446Z,0.0,0.0,0.951988,0.0,
20180207T200454Z,0.0,0.0,6.301988,0.0,
20180207T200506Z,0.0,0.0,6.841989,0.0,
20180207T200525Z,0.0,0.0,4.711988,0.0,
20180207T200542Z,0.0,0.0,1.091988,0.0,
20180207T200550Z,0.0,0.0,1.091988,0.0,
20180207T200603Z,0.0,0.0,0.841989,0.0,
20180207T200623Z,0.0,0.0,0.331989,0.0,
20180207T200652Z,0.0,0.0,25.351988,0.0,
20180207T200742Z,0.0,0.0,1.411988,0.0,
20180207T200757Z,0.0,0.0,11.811988,0.0,
20180207T200834Z,0.0,0.0,3.621989,0.0,
20180207T200854Z,0.0,0.0,3.541988,0.0,
20180207T200908Z,0.0,0.0,1.481989,0.0,
20180207T200918Z,0.0,0.0,0.861989,0.0,
20180207T200936Z,0.0,0.0,2.641989,0.0,
20180207T200951Z,0.0,0.0,0.791989,0.0,
20180207T201014Z,0.0,0.0,0.471989,0.0,
20180207T201025Z,0.0,0.0,32.281988,0.0,
20180207T201103Z,0.0,0.0,16.481989,0.0,
20180207T201124Z,0.0,0.0,0.511989,0.0,
20180207T201143Z,0.0,0.0,4.201988,0.0,
20180207T201202Z,0.0,0.0,8.581988,0.0,
20180207T201230Z,0.0,0.0,2.121989,0.0,
20180207T201245Z,0.0,0.0,0.101989,0.0,
20180207T201326Z,0.0,0.0,5.521989,0.0,
20180207T201349Z,0.0,0.0,13.821989,0.0,
20180207T201410Z,0.0,0.0,6.861989,0.0,
20180207T201434Z,0.0,0.0,2.741988,0.0,
20180207T201454Z,0.0,0.0,7.431988,0.0,
20180207T201511Z,0.0,0.0,0.361989,0.0,
20180207T201524Z,0.0,0.0,1.241989,0.0,
20180207T201540Z,0.0,0.0,0.901989,0.0,
20180207T201550Z,0.0,0.0,3.041989,0.0,
20180207T201628Z,0.0,0.0,0.931988,0.0,
20180207T201646Z,0.0,0.0,10.281988,0.0,
20180207T201710Z,0.0,0.0,5.541988,0.0,
20180207T201737Z,0.0,0.0,1.571989,0.0,
20180207T201801Z,0.0,0.0,25.531988,0.0,
20180207T201839Z,0.0,0.0,0.441989,0.0,
20180207T201854Z,0.0,0.0,6.681988,0.0,
20180207T201910Z,0.0,0.0,0.741988,0.0,
20180207T201919Z,0.0,0.0,0.441988,0.0,
20180207T201933Z,0.0,0.0,0.971988,0.0,
20180207T201941Z,0.0,0.0,8.541989,0.0,
20180207T201958Z,0.0,0.0,3.021989,0.0,
20180207T202019Z,0.0,0.0,12.721988,0.0,
20180207T202043Z,0.0,0.0,1.181989,0.0,
20180207T202051Z,0.0,0.0,0.921989,0.0,
20180207T202106Z,0.0,0.0,13.061988,0.0,
20180207T202135Z,0.0,0.0,0.461988,0.0,
20180207T202154Z,0.0,0.0,3.671989,0.0,
20180207T202218Z,0.0,0.0,0.661988,0.0,
20180207T202243Z,0.0,0.0,0.821988,0.0,
20180207T202252Z,0.0,0.0,1.761989,0.0,
20180207T202303Z,0.0,0.0,2.051988,0.0,
20180207T202311Z,0.0,0.0,0.211988,0.0,
20180207T202327Z,0.0,0.0,1.201988,0.0,
20180207T202338Z,0.0,0.0,4.481988,0.0,
20180207T202356Z,0.0,0.0,0.511988,0.0,
20180207T202402Z,0.0,0.0,2.161988,0.0,
20180207T202429Z,0.0,0.0,5.591989,0.0,
20180207T202444Z,0.0,0.0,1.441988,0.0,
20180207T202451Z,0.0,0.0,0.791988,0.0,
20180207T202459Z,0.0,0.0,5.781988,0.0,
20180207T202514Z,0.0,0.0,7.601989,0.0,
20180207T202534Z,0.0,0.0,11.771988,0.0,
20180207T202559Z,0.0,0.0,0.741988,0.0,
20180207T202606Z,0.0,0.0,0.861989,0.0,
20180207T202628Z,0.0,0.0,26.411988,0.0,
20180207T202712Z,0.0,0.0,3.441989,0.0,
20180207T202736Z,0.0,0.0,6.841989,0.0,
20180207T202809Z,0.0,0.0,15.331988,0.0,
20180207T202854Z,0.0,0.0,1.011989,0.0,
20180207T202903Z,0.0,0.0,7.331988,0.0,
20180207T202929Z,0.0,0.0,0.811988,0.0,
20180207T202938Z,0.0,0.0,1.961989,0.0,
20180207T202946Z,0.0,0.0,1.141989,0.0,
20180207T203022Z,0.0,0.0,0.931988,0.0,
20180207T203032Z,0.0,0.0,0.571988,0.0,
20180207T203044Z,0.0,0.0,7.811988,0.0,
20180207T203102Z,0.0,0.0,5.741989,0.0,
20180207T203114Z,0.0,0.0,2.681989,0.0,
20180207T203139Z,0.0,0.0,4.861988,0.0,
20180207T203207Z,0.0,0.0,5.371989,0.0,
20180207T203219Z,0.0,0.0,1.401988,0.0,
20180207T203236Z,0.0,0.0,2.691988,0.0,
20180207T203247Z,0.0,0.0,0.771988,0.0,
20180207T203306Z,0.0,0.0,11.101989,0.0,
20180207T203328Z,0.0,0.0,3.371989,0.0,
20180207T203340Z,0.0,0.0,6.761989,0.0,
20180207T203401Z,0.0,0.0,4.661988,0.0,
20180207T203425Z,0.0,0.0,1.271988,0.0,
20180207T203443Z,0.0,0.0,6.921989,0.0,
20180207T203456Z,0.0,0.0,1.661989,0.0,
20180207T203509Z,0.0,0.0,1.131989,0.0,
20180207T203516Z,0.0,0.0,8.511988,0.0,
20180207T203534Z,0.0,0.0,10.921988,0.0,
20180207T203604Z,0.0,0.0,6.231989,0.0,
20180207T203618Z,0.0,0.0,0.781988,0.0,
20180207T203630Z,0.0,0.0,1.851989,0.0,
20180207T203645Z,0.0,0.0,18.441989,0.0,
20180207T203723Z,0.0,0.0,0.401989,0.0,
20180207T203731Z,0.0,0.0,5.641989,0.0,
20180207T203756Z,0.0,0.0,6.401988,0.0,
20180207T203814Z,0.0,0.0,11.471988,0.0,
20180207T203833Z,0.0,0.0,4.061988,0.0,
20180207T203854Z,0.0,0.0,11.501988,0.0,
20180207T203924Z,0.0,0.0,2.461988,0.0,
20180207T203942Z,0.0,0.0,0.621989,0.0,
20180207T203950Z,0.0,0.0,18.121989,0.0,
20180207T204022Z,0.0,0.0,12.021989,0.0,
20180207T204051Z,0.0,0.0,0.731988,0.0,
20180207T204111Z,0.0,0.0,11.761989,0.0,
20180207T204129Z,0.0,0.0,0.741988,0.0,
20180207T204148Z,0.0,0.0,2.801989,0.0,
20180207T204202Z,0.0,0.0,12.361989,0.0,
20180207T204224Z,0.0,0.0,0.831988,0.0,
20180207T204242Z,0.0,0.0,3.761988,0.0,
20180207T204256Z,0.0,0.0,11.741988,0.0,
20180207T204332Z,0.0,0.0,5.641988,0.0,
20180207T204411Z,0.0,0.0,1.271988,0.0,
20180207T204420Z,0.0,0.0,1.691988,0.0,
20180207T204437Z,0.0,0.0,9.271988,0.0,
20180207T204514Z,0.0,0.0,13.301988,0.0,
20180207T204555Z,0.0,0.0,12.601988,0.0,
20180207T204623Z,0.0,0.0,12.891989,0.0,
20180207T204704Z,0.0,0.0,4.971988,0.0,
20180207T204716Z,0.0,0.0,0.841989,0.0,
20180207T204729Z,0.0,0.0,11.801989,0.0,
20180207T204749Z,0.0,0.0,9.341989,0.0,
20180207T204814Z,0.0,0.0,13.701989,0.0,
20180207T204849Z,0.0,0.0,0.791988,0.0,
20180207T204905Z,0.0,0.0,11.541989,0.0,
20180207T204929Z,0.0,0.0,0.891989,0.0,
20180207T204939Z,0.0,0.0,0.901989,0.0,
20180207T204948Z,0.0,0.0,19.631988,0.0,
20180207T205016Z,0.0,0.0,2.281988,0.0,
20180207T205030Z,0.0,0.0,0.371988,0.0,
20180207T205044Z,0.0,0.0,4.121988,0.0,
20180207T205115Z,0.0,0.0,12.191988,0.0,
20180207T205139Z,0.0,0.0,37.171988,0.0,
20180207T205229Z,0.0,0.0,2.691988,0.0,
20180207T205249Z,0.0,0.0,1.481989,0.0,
20180207T205310Z,0.0,0.0,0.731988,0.0,
20180207T205324Z,0.0,0.0,1.671988,0.0,
20180207T205339Z,0.0,0.0,13.801988,0.0,
20180207T205404Z,0.0,0.0,0.961989,0.0,
20180207T205414Z,0.0,0.0,1.341989,0.0,
20180207T205429Z,0.0,0.0,3.671988,0.0,
20180207T205454Z,0.0,0.0,1.041988,0.0,
20180207T205504Z,0.0,0.0,2.621989,0.0,
20180207T205517Z,0.0,0.0,15.071988,0.0,
20180207T205546Z,0.0,0.0,22.431988,0.0,
20180207T205621Z,0.0,0.0,2.621988,0.0,
20180207T205635Z,0.0,0.0,14.001989,0.0,
20180207T205658Z,0.0,0.0,0.701989,0.0,
20180207T205710Z,0.0,0.0,7.081989,0.0,
20180207T205730Z,0.0,0.0,1.521988,0.0,
20180207T205740Z,0.0,0.0,6.541989,0.0,
20180207T205804Z,0.0,0.0,2.071989,0.0,
20180207T205818Z,0.0,0.0,6.051989,0.0,
20180207T205853Z,0.0,0.0,6.301988,0.0,
20180207T205910Z,0.0,0.0,3.091989,0.0,
20180207T205933Z,0.0,0.0,4.661989,0.0,
20180207T205949Z,0.0,0.0,1.191988,0.0,
20180207T210006Z,0.0,0.0,0.491989,0.0,
20180207T210025Z,0.0,0.0,4.181989,0.0,
20180207T210035Z,0.0,0.0,4.571989,0.0,
20180207T210045Z,0.0,0.0,0.791988,0.0,
20180207T210056Z,0.0,0.0,6.141988,0.0,
20180207T210122Z,0.0,0.0,2.431989,0.0,
20180207T210135Z,0.0,0.0,0.761989,0.0,
20180207T210145Z,0.0,0.0,4.751988,0.0,
20180207T210201Z,0.0,0.0,6.881988,0.0,
20180207T210232Z,0.0,0.0,4.271989,0.0,
20180207T210251Z,0.0,0.0,13.101989,0.0,
20180207T210318Z,0.0,0.0,1.701989,0.0,
20180207T210340Z,0.0,0.0,15.031988,0.0,
20180207T210402Z,0.0,0.0,10.251989,0.0,
20180207T210426Z,0.0,0.0,2.911989,0.0,
20180207T210443Z,0.0,0.0,1.351988,0.0,
20180207T210502Z,0.0,0.0,20.131989,0.0,
20180207T210533Z,0.0,0.0,3.231988,0.0,
20180207T210555Z,0.0,0.0,1.721989,0.0,
20180207T210612Z,0.0,0.0,2.601989,0.0,
20180207T210621Z,0.0,0.0,0.481989,0.0,
20180207T210630Z,0.0,0.0,7.311988,0.0,
20180207T210711Z,0.0,0.0,18.041989,0.0,
20180207T210743Z,0.0,0.0,0.801988,0.0,
20180207T210756Z,0.0,0.0,3.401989,0.0,
20180207T210816Z,0.0,0.0,5.621989,0.0,
20180207T210842Z,0.0,0.0,10.761989,0.0,
20180207T210907Z,0.0,0.0,2.541988,0.0,
20180207T210926Z,0.0,0.0,0.551988,0.0,
20180207T210933Z,0.0,0.0,3.501989,0.0,
20180207T210951Z,0.0,0.0,17.851988,0.0,
20180207T211020Z,0.0,0.0,1.511988,0.0,
20180207T211033Z,0.0,0.0,0.621988,0.0,
20180207T211040Z,0.0,0.0,2.501989,0.0,
20180207T211053Z,0.0,0.0,3.551988,0.0,
20180207T211116Z,0.0,0.0,3.021989,0.0,
20180207T211141Z,0.0,0.0,12.031988,0.0,
20180207T211210Z,0.0,0.0,7.221989,0.0,
20180207T211226Z,0.0,0.0,0.241989,0.0,
20180207T211234Z,0.0,0.0,12.291988,0.0,
20180207T211253Z,0.0,0.0,3.961989,0.0,
20180207T211303Z,0.0,0.0,7.421988,0.0,
20180207T211320Z,0.0,0.0,0.771988,0.0,
20180207T211326Z,0.0,0.0,1.491988,0.0,
20180207T211347Z,0.0,0.0,26.271988,0.0,
20180207T211432Z,0.0,0.0,4.721988,0.0,
20180207T211458Z,0.0,0.0,15.391988,0.0,
20180207T211525Z,0.0,0.0,0.861988,0.0,
20180207T211534Z,0.0,0.0,4.131988,0.0,
20180207T211553Z,0.0,0.0,1.091988,0.0,
20180207T211615Z,0.0,0.0,5.031989,0.0,
20180207T211633Z,0.0,0.0,8.481989,0.0,
20180207T211655Z,0.0,0.0,0.761989,0.0,
20180207T211706Z,0.0,0.0,6.501989,0.0,
20180207T211726Z,0.0,0.0,5.291989,0.0,
20180207T211749Z,0.0,0.0,13.171989,0.0,
20180207T211815Z,0.0,0.0,12.421988,0.0,
20180207T211839Z,0.0,0.0,1.321989,0.0,
20180207T211853Z,0.0,0.0,15.961989,0.0,
20180207T211929Z,0.0,0.0,4.501988,0.0,
20180207T211952Z,0.0,0.0,0.971989,0.0,
20180207T212002Z,0.0,0.0,1.271988,0.0,
20180207T212023Z,0.0,0.0,4.821988,0.0,
20180207T212047Z,0.0,0.0,5.971988,0.0,
20180207T212109Z,0.0,0.0,0.871988,0.0,
20180207T212127Z,0.0,0.0,22.451988,0.0,
20180207T212204Z,0.0,0.0,0.701988,0.0,
20180207T212230Z,0.0,0.0,17.191988,0.0,
20180207T212259Z,0.0,0.0,7.761988,0.0,
20180207T212316Z,0.0,0.0,2.511988,0.0,
20180207T212324Z,0.0,0.0,7.301988,0.0,
20180207T212354Z,0.0,0.0,6.851989,0.0,
20180207T212407Z,0.0,0.0,1.371989,0.0,
20180207T212422Z,0.0,0.0,0.261989,0.0,
20180207T212430Z,0.0,0.0,0.821989,0.0,
20180207T212442Z,0.0,0.0,10.821988,0.0,
20180207T212506Z,0.0,0.0,0.541989,0.0,
20180207T212528Z,0.0,0.0,3.741989,0.0,
20180207T212552Z,0.0,0.0,0.431988,0.0,
20180207T212608Z,0.0,0.0,4.671988,0.0,
20180207T212623Z,0.0,0.0,0.731988,0.0,
20180207T212643Z,0.0,0.0,5.001989,0.0,
20180207T212657Z,0.0,0.0,1.931988,0.0,
20180207T212710Z,0.0,0.0,2.791989,0.0,
20180207T212723Z,0.0,0.0,18.471989,0.0,
20180207T212759Z,0.0,0.0,3.131988,0.0,
20180207T212813Z,0.0,0.0,3.721989,0.0,
20180207T212823Z,0.0,0.0,43.201988,0.0,
20180207T212925Z,0.0,0.0,0.721988,0.0,
20180207T212935Z,0.0,0.0,13.401989,0.0,
20180207T213000Z,0.0,0.0,0.741988,0.0,
20180207T213015Z,0.0,0.0,0.781989,0.0,
20180207T213024Z,0.0,0.0,8.091988,0.0,
20180207T213042Z,0.0,0.0,0.861989,0.0,
20180207T213053Z,0.0,0.0,15.591988,0.0,
20180207T213122Z,0.0,0.0,16.831988,0.0,
20180207T213153Z,0.0,0.0,4.711988,0.0,
20180207T213212Z,0.0,0.0,0.871988,0.0,
20180207T213224Z,0.0,0.0,0.761989,0.0,
20180207T213236Z,0.0,0.0,17.941989,0.0,
20180207T213259Z,0.0,0.0,2.761989,0.0,
20180207T213309Z,0.0,0.0,6.021989,0.0,
20180207T213324Z,0.0,0.0,5.891988,0.0,
20180207T213341Z,0.0,0.0,8.961989,0.0,
20180207T213356Z,0.0,0.0,1.791989,0.0,
20180207T213406Z,0.0,0.0,0.881989,0.0,
20180207T213412Z,0.0,0.0,9.661988,0.0,
20180207T213437Z,0.0,0.0,1.311989,0.0,
20180207T213449Z,0.0,0.0,0.731988,0.0,
20180207T213456Z,0.0,0.0,7.821988,0.0,
20180207T213520Z,0.0,0.0,11.331988,0.0,
20180207T213544Z,0.0,0.0,9.731988,0.0,
20180207T213605Z,0.0,0.0,0.881989,0.0,
20180207T213618Z,0.0,0.0,8.261989,0.0,
20180207T213637Z,0.0,0.0,1.901988,0.0,
20180207T213648Z,0.0,0.0,0.911988,0.0,
20180207T213655Z,0.0,0.0,10.501988,0.0,
20180207T213715Z,0.0,0.0,1.981989,0.0,
20180207T213731Z,0.0,0.0,1.381989,0.0,
20180207T213744Z,0.0,0.0,4.861989,0.0,
20180207T213800Z,0.0,0.0,16.041989,0.0,
20180207T213828Z,0.0,0.0,0.731988,0.0,
20180207T213912Z,0.0,0.0,1.251988,0.0,
20180207T213924Z,0.0,0.0,13.091988,0.0,
20180207T213947Z,0.0,0.0,0.671988,0.0,
20180207T213958Z,0.0,0.0,6.821989,0.0,
20180207T214014Z,0.0,0.0,0.751988,0.0,
20180207T214033Z,0.0,0.0,0.291989,0.0,
20180207T214042Z,0.0,0.0,3.511989,0.0,
20180207T214105Z,0.0,0.0,0.161989,0.0,
20180207T214122Z,0.0,0.0,1.521988,0.0,
20180207T214130Z,0.0,0.0,13.421988,0.0,
20180207T214159Z,0.0,0.0,0.901989,0.0,
20180207T214213Z,0.0,0.0,4.841989,0.0,
20180207T214233Z,0.0,0.0,7.271988,0.0,
20180207T214257Z,0.0,0.0,4.711988,0.0,
20180207T214318Z,0.0,0.0,0.761989,0.0,
20180207T214324Z,0.0,0.0,1.311989,0.0,
20180207T214336Z,0.0,0.0,0.201988,0.0,
20180207T214351Z,0.0,0.0,6.141989,0.0,
20180207T214417Z,0.0,0.0,0.931988,0.0,
20180207T214449Z,0.0,0.0,0.751989,0.0,
20180207T214507Z,0.0,0.0,4.701989,0.0,
20180207T214530Z,0.0,0.0,4.941989,0.0,
20180207T214545Z,0.0,0.0,1.251988,0.0,
20180207T214556Z,0.0,0.0,0.831988,0.0,
20180207T214605Z,0.0,0.0,1.261989,0.0,
20180207T214616Z,0.0,0.0,8.731989,0.0,
20180207T214638Z,0.0,0.0,0.501989,0.0,
20180207T214652Z,0.0,0.0,23.081988,0.0,
20180207T214731Z,0.0,0.0,5.301988,0.0,
20180207T214753Z,0.0,0.0,0.751988,0.0,
20180207T214810Z,0.0,0.0,3.581988,0.0,
20180207T214829Z,0.0,0.0,55.861989,0.0,
20180207T214925Z,0.0,0.0,0.301989,0.0,
20180207T214942Z,0.0,0.0,3.501989,0.0,
20180207T214952Z,0.0,0.0,1.541988,0.0,
20180207T215012Z,0.0,0.0,2.271988,0.0,
20180207T215028Z,0.0,0.0,2.271989,0.0,
20180207T215047Z,0.0,0.0,0.391988,0.0,
20180207T215106Z,0.0,0.0,16.721989,0.0,
20180207T215131Z,0.0,0.0,0.791988,0.0,
20180207T215143Z,0.0,0.0,1.421989,0.0,
20180207T215151Z,0.0,0.0,4.191988,0.0,
20180207T215216Z,0.0,0.0,0.441989,0.0,
20180207T215241Z,0.0,0.0,9.381988,0.0,
20180207T215256Z,0.0,0.0,0.401989,0.0,
20180207T215312Z,0.0,0.0,4.461988,0.0,
20180207T215336Z,0.0,0.0,1.741989,0.0,
20180207T215359Z,0.0,0.0,0.811989,0.0,
20180207T215407Z,0.0,0.0,5.791989,0.0,
20180207T215428Z,0.0,0.0,0.631989,0.0,
20180207T215441Z,0.0,0.0,0.621989,0.0,
20180207T215458Z,0.0,0.0,8.581989,0.0,
20180207T215525Z,0.0,0.0,19.111989,0.0,
20180207T215601Z,0.0,0.0,4.991988,0.0,
20180207T215621Z,0.0,0.0,0.761989,0.0,
20180207T215647Z,0.0,0.0,1.691989,0.0,
20180207T215706Z,0.0,0.0,1.471988,0.0,
20180207T215715Z,0.0,0.0,8.611988,0.0,
20180207T215732Z,0.0,0.0,0.691988,0.0,
20180207T215745Z,0.0,0.0,1.741988,0.0,
20180207T215806Z,0.0,0.0,0.891989,0.0,
20180207T215816Z,0.0,0.0,0.871988,0.0,
20180207T215829Z,0.0,0.0,0.651988,0.0,
20180207T215846Z,0.0,0.0,7.861989,0.0,
20180207T215956Z,0.0,0.0,0.801989,0.0,
20180207T220022Z,0.0,0.0,2.641988,0.0,
20180207T220033Z,0.0,0.0,1.741988,0.0,
20180207T220104Z,0.0,0.0,28.741989,0.0,
20180207T220148Z,0.0,0.0,8.191988,0.0,
20180207T220221Z,0.0,0.0,8.111988,0.0,
20180207T220236Z,0.0,0.0,2.271988,0.0,
20180207T220249Z,0.0,0.0,0.611988,0.0,
20180207T220254Z,0.0,0.0,0.871988,0.0,
20180207T220305Z,0.0,0.0,0.961989,0.0,
20180207T220317Z,0.0,0.0,2.311988,0.0,
20180207T220342Z,0.0,0.0,0.891989,0.0,
20180207T220401Z,0.0,0.0,25.081989,0.0,
20180207T220438Z,0.0,0.0,5.721989,0.0,
20180207T220457Z,0.0,0.0,10.301989,0.0,
20180207T220539Z,0.0,0.0,18.791988,0.0,
20180207T220628Z,0.0,0.0,0.731989,0.0,
20180207T220637Z,0.0,0.0,1.601988,0.0,
20180207T220654Z,0.0,0.0,6.961989,0.0,
20180207T220708Z,0.0,0.0,0.891988,0.0,
20180207T220722Z,0.0,0.0,1.261988,0.0,
20180207T220733Z,0.0,0.0,1.381988,0.0,
20180207T220744Z,0.0,0.0,26.881989,0.0,
20180207T220821Z,0.0,0.0,1.451988,0.0,
20180207T220828Z,0.0,0.0,0.121988,0.0,
20180207T220843Z,0.0,0.0,5.321989,0.0,
20180207T220901Z,0.0,0.0,1.021988,0.0,
20180207T220914Z,0.0,0.0,2.941988,0.0,
20180207T220943Z,0.0,0.0,1.211988,0.0,
20180207T221000Z,0.0,0.0,6.171988,0.0,
20180207T221006Z,0.0,0.0,3.101988,0.0,
20180207T221028Z,0.0,0.0,13.221988,0.0,
20180207T221055Z,0.0,0.0,1.571988,0.0,
20180207T221114Z,0.0,0.0,2.691989,0.0,
20180207T221139Z,0.0,0.0,2.111988,0.0,
20180207T221148Z,0.0,0.0,2.701989,0.0,
20180207T221206Z,0.0,0.0,16.351988,0.0,
20180207T221246Z,0.0,0.0,1.791988,0.0,
20180207T221301Z,0.0,0.0,1.691988,0.0,
20180207T221330Z,0.0,0.0,0.791988,0.0,
20180207T221348Z,0.0,0.0,3.001989,0.0,
20180207T221404Z,0.0,0.0,1.121989,0.0,
20180207T221411Z,0.0,0.0,0.771989,0.0,
20180207T221443Z,0.0,0.0,1.531989,0.0,
20180207T221456Z,0.0,0.0,0.991988,0.0,
20180207T221530Z,0.0,0.0,8.381989,0.0,
20180207T221538Z,0.0,0.0,4.211989,0.0,
20180207T221548Z,0.0,0.0,4.631988,0.0,
20180207T221604Z,0.0,0.0,0.801989,0.0,
20180207T221630Z,0.0,0.0,3.381988,0.0,
20180207T221649Z,0.0,0.0,0.831988,0.0,
20180207T221659Z,0.0,0.0,1.631988,0.0,
20180207T221714Z,0.0,0.0,0.621988,0.0,
20180207T221720Z,0.0,0.0,0.161989,0.0,
20180207T221728Z,0.0,0.0,0.861988,0.0,
20180207T221757Z,0.0,0.0,6.681988,0.0,
20180207T221816Z,0.0,0.0,5.641989,0.0,
20180207T221837Z,0.0,0.0,9.961988,0.0,
20180207T221855Z,0.0,0.0,16.691988,0.0,
20180207T221947Z,0.0,0.0,1.821989,0.0,
20180207T222022Z,0.0,0.0,10.301988,0.0,
20180207T222041Z,0.0,0.0,0.881989,0.0,
20180207T222050Z,0.0,0.0,0.901989,0.0,
20180207T222115Z,0.0,0.0,4.961989,0.0,
20180207T222126Z,0.0,0.0,3.761988,0.0,
20180207T222138Z,0.0,0.0,4.461989,0.0,
20180207T222153Z,0.0,0.0,3.111988,0.0,
20180207T222212Z,0.0,0.0,30.261988,0.0,
20180207T222303Z,0.0,0.0,7.021989,0.0,
20180207T222322Z,0.0,0.0,4.401988,0.0,
20180207T222338Z,0.0,0.0,0.141989,0.0,
20180207T222358Z,0.0,0.0,1.191988,0.0,
20180207T222412Z,0.0,0.0,0.111989,0.0,
20180207T222418Z,0.0,0.0,1.791988,0.0,
20180207T222430Z,0.0,0.0,1.981989,0.0,
20180207T222445Z,0.0,0.0,5.771988,0.0,
20180207T222507Z,0.0,0.0,11.361989,0.0,
20180207T222545Z,0.0,0.0,0.811989,0.0,
20180207T222558Z,0.0,0.0,2.061988,0.0,
20180207T222616Z,0.0,0.0,2.801989,0.0,
20180207T222632Z,0.0,0.0,10.301989,0.0,
20180207T222705Z,0.0,0.0,4.891988,0.0,
20180207T222719Z,0.0,0.0,0.301989,0.0,
20180207T222726Z,0.0,0.0,2.121988,0.0,
20180207T222748Z,0.0,0.0,6.681989,0.0,
20180207T222807Z,0.0,0.0,2.201989,0.0,
20180207T222827Z,0.0,0.0,0.671988,0.0,
20180207T222836Z,0.0,0.0,6.811988,0.0,
20180207T222851Z,0.0,0.0,3.831988,0.0,
20180207T222910Z,0.0,0.0,17.871988,0.0,
20180207T222947Z,0.0,0.0,2.661988,0.0,
20180207T223033Z,0.0,0.0,22.941989,0.0,
20180207T223110Z,0.0,0.0,19.961989,0.0,
20180207T223137Z,0.0,0.0,0.741988,0.0,
20180207T223200Z,0.0,0.0,0.401989,0.0,
20180207T223219Z,0.0,0.0,15.951989,0.0,
20180207T223252Z,0.0,0.0,0.901989,0.0,
20180207T223310Z,0.0,0.0,13.701989,0.0,
20180207T223340Z,0.0,0.0,10.531988,0.0,
20180207T223403Z,0.0,0.0,10.381989,0.0,
20180207T223433Z,0.0,0.0,6.941989,0.0,
20180207T223452Z,0.0,0.0,1.881989,0.0,
20180207T223504Z,0.0,0.0,0.151989,0.0,
20180207T223511Z,0.0,0.0,12.531988,0.0,
20180207T223551Z,0.0,0.0,2.311988,0.0,
20180207T223605Z,0.0,0.0,1.011989,0.0,
20180207T223615Z,0.0,0.0,2.031988,0.0,
20180207T223624Z,0.0,0.0,4.041989,0.0,
20180207T223635Z,0.0,0.0,9.451988,0.0,
20180207T223701Z,0.0,0.0,1.611988,0.0,
20180207T223714Z,0.0,0.0,0.121989,0.0,
20180207T223723Z,0.0,0.0,6.031988,0.0,
20180207T223742Z,0.0,0.0,0.811988,0.0,
20180207T223750Z,0.0,0.0,0.921988,0.0,
20180207T223759Z,0.0,0.0,8.681988,0.0,
20180207T223820Z,0.0,0.0,8.191988,0.0,
20180207T223840Z,0.0,0.0,2.711988,0.0,
20180207T223851Z,0.0,0.0,13.731988,0.0,
20180207T223919Z,0.0,0.0,0.941988,0.0,
20180207T223933Z,0.0,0.0,1.711988,0.0,
20180207T223947Z,0.0,0.0,4.271988,0.0,
20180207T224005Z,0.0,0.0,7.601989,0.0,
20180207T224022Z,0.0,0.0,7.321989,0.0,
20180207T224049Z,0.0,0.0,15.391989,0.0,
20180207T224131Z,0.0,0.0,8.941989,0.0,
20180207T224153Z,0.0,0.0,0.441988,0.0,
20180207T224207Z,0.0,0.0,22.271988,0.0,
20180207T224252Z,0.0,0.0,2.601989,0.0,
20180207T224332Z,0.0,0.0,9.191989,0.0,
20180207T224357Z,0.0,0.0,2.411989,0.0,
20180207T224409Z,0.0,0.0,1.031988,0.0,
20180207T224446Z,0.0,0.0,0.791988,0.0,
20180207T224503Z,0.0,0.0,1.161989,0.0,
20180207T224525Z,0.0,0.0,0.861989,0.0,
20180207T224543Z,0.0,0.0,3.721988,0.0,
20180207T224606Z,0.0,0.0,16.131989,0.0,
20180207T224637Z,0.0,0.0,9.681989,0.0,
20180207T224659Z,0.0,0.0,2.731988,0.0,
20180207T224707Z,0.0,0.0,4.061989,0.0,
20180207T224740Z,0.0,0.0,4.741989,0.0,
20180207T224753Z,0.0,0.0,0.921989,0.0,
20180207T224805Z,0.0,0.0,0.401988,0.0,
20180207T224814Z,0.0,0.0,7.081988,0.0,
20180207T224858Z,0.0,0.0,1.711988,0.0,
20180207T224928Z,0.0,0.0,0.531988,0.0,
20180207T224940Z,0.0,0.0,0.921989,0.0,
20180207T224954Z,0.0,0.0,2.731988,0.0,
20180207T225033Z,0.0,0.0,4.801989,0.0,
20180207T225109Z,0.0,0.0,0.781988,0.0,
20180207T225141Z,0.0,0.0,2.941989,0.0,
20180207T225150Z,0.0,0.0,2.091988,0.0,
20180207T225205Z,0.0,0.0,2.971988,0.0,
20180207T225218Z,0.0,0.0,7.791988,0.0,
20180207T225249Z,0.0,0.0,1.341988,0.0,
20180207T225301Z,0.0,0.0,1.351988,0.0,
20180207T225326Z,0.0,0.0,3.021989,0.0,
20180207T225339Z,0.0,0.0,1.341988,0.0,
20180207T225345Z,0.0,0.0,0.731989,0.0,
20180207T225403Z,0.0,0.0,1.111988,0.0,
20180207T225411Z,0.0,0.0,0.931988,0.0,
20180207T225426Z,0.0,0.0,4.781989,0.0,
20180207T225439Z,0.0,0.0,2.451988,0.0,
20180207T225456Z,0.0,0.0,0.871988,0.0,
20180207T225504Z,0.0,0.0,6.861989,0.0,
20180207T225519Z,0.0,0.0,20.781988,0.0,
20180207T225553Z,0.0,0.0,5.911989,0.0,
20180207T225626Z,0.0,0.0,7.811988,0.0,
20180207T225644Z,0.0,0.0,6.461989,0.0,
20180207T225700Z,0.0,0.0,0.451988,0.0,
20180207T225714Z,0.0,0.0,0.991988,0.0,
20180207T225732Z,0.0,0.0,0.851989,0.0,
20180207T225739Z,0.0,0.0,0.721988,0.0,
20180207T225800Z,0.0,0.0,5.381988,0.0,
20180207T225822Z,0.0,0.0,2.981989,0.0,
20180207T225834Z,0.0,0.0,10.871988,0.0,
20180207T225916Z,0.0,0.0,9.011989,0.0,
20180207T225942Z,0.0,0.0,1.631988,0.0,
20180207T225955Z,0.0,0.0,2.661988,0.0,
20180207T230007Z,0.0,0.0,12.281989,0.0,
20180207T230033Z,0.0,0.0,10.171989,0.0,
20180207T230053Z,0.0,0.0,1.671988,0.0,
20180207T230102Z,0.0,0.0,0.671988,0.0,
20180207T230128Z,0.0,0.0,1.381989,0.0,
20180207T230145Z,0.0,0.0,19.321988,0.0,
20180207T230219Z,0.0,0.0,4.421989,0.0,
20180207T230235Z,0.0,0.0,3.731989,0.0,
20180207T230248Z,0.0,0.0,8.941989,0.0,
20180207T230308Z,0.0,0.0,0.921988,0.0,
20180207T230317Z,0.0,0.0,1.351988,0.0,
20180207T230327Z,0.0,0.0,3.291988,0.0,
20180207T230349Z,0.0,0.0,0.841989,0.0,
20180207T230415Z,0.0,0.0,7.681988,0.0,
20180207T230428Z,0.0,0.0,1.181988,0.0,
20180207T230436Z,0.0,0.0,2.121989,0.0,
20180207T230447Z,0.0,0.0,0.971988,0.0,
20180207T230456Z,0.0,0.0,0.791989,0.0,
20180207T230511Z,0.0,0.0,1.581989,0.0,
20180207T230520Z,0.0,0.0,0.731989,0.0,
20180207T230529Z,0.0,0.0,1.851989,0.0,
20180207T230542Z,0.0,0.0,2.221988,0.0,
20180207T230605Z,0.0,0.0,0.701989,0.0,
20180207T230613Z,0.0,0.0,0.381988,0.0,
20180207T230619Z,0.0,0.0,46.951988,0.0,
20180207T230720Z,0.0,0.0,22.431988,0.0,
20180207T230802Z,0.0,0.0,5.731988,0.0,
20180207T230818Z,0.0,0.0,2.291989,0.0,
20180207T230836Z,0.0,0.0,0.761989,0.0,
20180207T230854Z,0.0,0.0,0.881989,0.0,
20180207T230900Z,0.0,0.0,0.331989,0.0,
20180207T230921Z,0.0,0.0,3.481989,0.0,
20180207T230945Z,0.0,0.0,0.891989,0.0,
20180207T230952Z,0.0,0.0,0.871988,0.0,
20180207T231006Z,0.0,0.0,2.301988,0.0,
20180207T231016Z,0.0,0.0,0.331989,0.0,
20180207T231039Z,0.0,0.0,11.801988,0.0,
20180207T231124Z,0.0,0.0,2.531988,0.0,
20180207T231147Z,0.0,0.0,2.741988,0.0,
20180207T231209Z,0.0,0.0,1.881989,0.0,
20180207T231229Z,0.0,0.0,2.931988,0.0,
20180207T231258Z,0.0,0.0,4.491989,0.0,
20180207T231334Z,0.0,0.0,4.571988,0.0,
20180207T231352Z,0.0,0.0,12.951989,0.0,
20180207T231425Z,0.0,0.0,5.361989,0.0,
20180207T231440Z,0.0,0.0,11.091988,0.0,
20180207T231457Z,0.0,0.0,27.591988,0.0,
20180207T231534Z,0.0,0.0,1.111989,0.0,
20180207T231541Z,0.0,0.0,7.181989,0.0,
20180207T231605Z,0.0,0.0,0.841989,0.0,
20180207T231618Z,0.0,0.0,10.111988,0.0,
20180207T231637Z,0.0,0.0,0.771989,0.0,
20180207T231649Z,0.0,0.0,0.791988,0.0,
20180207T231707Z,0.0,0.0,1.681989,0.0,
20180207T231723Z,0.0,0.0,6.061988,0.0,
20180207T231739Z,0.0,0.0,18.451988,0.0,
20180207T231823Z,0.0,0.0,3.481989,0.0,
20180207T231835Z,0.0,0.0,1.551989,0.0,
20180207T231846Z,0.0,0.0,0.981988,0.0,
20180207T231909Z,0.0,0.0,14.201989,0.0,
20180207T231929Z,0.0,0.0,0.341988,0.0,
20180207T231937Z,0.0,0.0,5.941989,0.0,
20180207T231954Z,0.0,0.0,3.551989,0.0,
20180207T232026Z,0.0,0.0,4.901989,0.0,
20180207T232100Z,0.0,0.0,1.141989,0.0,
20180207T232110Z,0.0,0.0,3.811989,0.0,
20180207T232128Z,0.0,0.0,20.211988,0.0,
20180207T232158Z,0.0,0.0,0.721989,0.0,
20180207T232212Z,0.0,0.0,2.351988,0.0,
20180207T232231Z,0.0,0.0,1.591989,0.0,
20180207T232247Z,0.0,0.0,26.681988,0.0,
20180207T232326Z,0.0,0.0,11.201989,0.0,
20180207T232358Z,0.0,0.0,5.891988,0.0,
20180207T232418Z,0.0,0.0,1.971988,0.0,
20180207T232433Z,0.0,0.0,0.281989,0.0,
20180207T232459Z,0.0,0.0,1.281989,0.0,
20180207T232511Z,0.0,0.0,1.201989,0.0,
20180207T232541Z,0.0,0.0,7.611989,0.0,
20180207T232559Z,0.0,0.0,2.951988,0.0,
20180207T232623Z,0.0,0.0,0.171989,0.0,
20180207T232635Z,0.0,0.0,1.921988,0.0,
20180207T232657Z,0.0,0.0,11.081989,0.0,
20180207T232722Z,0.0,0.0,20.001988,0.0,
20180207T232753Z,0.0,0.0,2.131989,0.0,
20180207T232818Z,0.0,0.0,1.191988,0.0,
20180207T232842Z,0.0,0.0,0.751988,0.0,
20180207T232850Z,0.0,0.0,7.061988,0.0,
20180207T232906Z,0.0,0.0,4.161989,0.0,
20180207T232934Z,0.0,0.0,0.241988,0.0,
20180207T232955Z,0.0,0.0,0.231988,0.0,
20180207T233007Z,0.0,0.0,6.831988,0.0,
20180207T233024Z,0.0,0.0,13.031988,0.0,
20180207T233043Z,0.0,0.0,0.751989,0.0,
20180207T233101Z,0.0,0.0,18.351988,0.0,
20180207T233151Z,0.0,0.0,1.871988,0.0,
20180207T233217Z,0.0,0.0,5.951988,0.0,
20180207T233323Z,0.0,0.0,3.481989,0.0,
20180207T233342Z,0.0,0.0,13.751989,0.0,
20180207T233406Z,0.0,0.0,4.281988,0.0,
20180207T233428Z,0.0,0.0,1.151989,0.0,
20180207T233438Z,0.0,0.0,5.511988,0.0,
20180207T233457Z,0.0,0.0,3.891988,0.0,
20180207T233527Z,0.0,0.0,14.931988,0.0,
20180207T233558Z,0.0,0.0,9.011989,0.0,
20180207T233614Z,0.0,0.0,16.681989,0.0,
20180207T233652Z,0.0,0.0,8.791988,0.0,
20180207T233720Z,0.0,0.0,0.731988,0.0,
20180207T233729Z,0.0,0.0,0.631988,0.0,
20180207T233744Z,0.0,0.0,8.361989,0.0,
20180207T233810Z,0.0,0.0,0.201989,0.0,
20180207T233828Z,0.0,0.0,1.941988,0.0,
20180207T233841Z,0.0,0.0,4.991988,0.0,
20180207T233906Z,0.0,0.0,0.721989,0.0,
20180207T233921Z,0.0,0.0,6.021989,0.0,
20180207T233945Z,0.0,0.0,32.201989,0.0,
20180207T234058Z,0.0,0.0,0.941989,0.0,
20180207T234106Z,0.0,0.0,1.241988,0.0,
20180207T234123Z,0.0,0.0,4.861989,0.0,
20180207T234136Z,0.0,0.0,2.451989,0.0,
20180207T234158Z,0.0,0.0,12.861989,0.0,
20180207T234222Z,0.0,0.0,0.861989,0.0,
20180207T234227Z,0.0,0.0,1.381989,0.0,
20180207T234235Z,0.0,0.0,1.271988,0.0,
20180207T234248Z,0.0,0.0,2.161989,0.0,
20180207T234316Z,0.0,0.0,2.541988,0.0,
20180207T234332Z,0.0,0.0,5.881988,0.0,
20180207T234354Z,0.0,0.0,5.521989,0.0,
20180207T234425Z,0.0,0.0,0.761988,0.0,
20180207T234436Z,0.0,0.0,3.961989,0.0,
20180207T234452Z,0.0,0.0,16.281989,0.0,
20180207T234530Z,0.0,0.0,0.861988,0.0,
20180207T234549Z,0.0,0.0,1.131989,0.0,
20180207T234601Z,0.0,0.0,5.621989,0.0,
20180207T234624Z,0.0,0.0,0.791988,0.0,
20180207T234634Z,0.0,0.0,0.741989,0.0,
20180207T234643Z,0.0,0.0,1.751988,0.0,
20180207T234704Z,0.0,0.0,0.301989,0.0,
20180207T234731Z,0.0,0.0,0.771989,0.0,
20180207T234738Z,0.0,0.0,10.841988,0.0,
20180207T234812Z,0.0,0.0,2.631988,0.0,
20180207T234826Z,0.0,0.0,1.331988,0.0,
20180207T234839Z,0.0,0.0,22.911988,0.0,
20180207T234912Z,0.0,0.0,0.811988,0.0,
20180207T235009Z,0.0,0.0,0.781988,0.0,
20180207T235027Z,0.0,0.0,0.811989,0.0,
20180207T235036Z,0.0,0.0,5.651988,0.0,
20180207T235049Z,0.0,0.0,0.761989,0.0,
20180207T235120Z,0.0,0.0,0.291988,0.0,
20180207T235156Z,0.0,0.0,1.661989,0.0,
20180207T235206Z,0.0,0.0,0.501989,0.0,
20180207T235212Z,0.0,0.0,2.051989,0.0,
20180207T235224Z,0.0,0.0,2.361988,0.0,
20180207T235240Z,0.0,0.0,0.841989,0.0,
20180207T235249Z,0.0,0.0,11.221989,0.0,
20180207T235316Z,0.0,0.0,1.551988,0.0,
20180207T235325Z,0.0,0.0,3.351989,0.0,
20180207T235356Z,0.0,0.0,2.981989,0.0,
20180207T235417Z,0.0,0.0,8.751988,0.0,
20180207T235445Z,0.0,0.0,2.961989,0.0,
20180207T235500Z,0.0,0.0,1.001989,0.0,
20180207T235510Z,0.0,0.0,0.771989,0.0,
20180207T235518Z,0.0,0.0,3.281989,0.0,
20180207T235532Z,0.0,0.0,2.061988,0.0,
20180207T235555Z,0.0,0.0,0.941988,0.0,
20180207T235606Z,0.0,0.0,2.021988,0.0,
20180207T235615Z,0.0,0.0,0.251988,0.0,
20180207T235627Z,0.0,0.0,5.401989,0.0,
20180207T235642Z,0.0,0.0,0.471988,0.0,
20180207T235657Z,0.0,0.0,1.271988,0.0,
20180207T235716Z,0.0,0.0,0.641989,0.0,
20180207T235751Z,0.0,0.0,8.751988,0.0,
20180207T235847Z,0.0,0.0,28.131989,0.0,
20180207T235927Z,0.0,0.0,0.531989,0.0,
20180207T235937Z,0.0,0.0,6.251988,0.0,
