event_id,1a,1b,1c,1d,2a,2b,2c,2d,3a,3b,3c,3d,4a,4b,4c,4d,5a,5b,5c,5d,6a,6b,6c,6d,7a,7b,7c,7d,8a,8b,8c,8d
20180213T000033Z,0.2750418605152364,0.15137428495553312,0.15556619144067274,0.15417214008422223,0.2961726161989312,0.22973243681917513,0.20233652202717156,0.20086910435435357,0.15149223963834302,0.1705738487025186,0.1953114770486285,0.1540777662439588,0.20477868971398344,0.44598637156650195,0.28693822769162786,0.2524765607387914,0.28252884372923726,0.20386406245159347,0.1901426201905116,0.21514184999960814,0.23482179428846106,0.27905983165363313,0.23941255136756406,0.1484200156027901,0.2112652207116093,0.1515854910486577,0.1660889766168832,0.11899131164689061,0.2254081344125536,0.251144986281836,0.2420363220693567,0.24301805463203272
20180213T000050Z,0.23292310631753432,0.42172234232099703,0.2463251586035389,0.2394790197642701,0.19251222920564534,0.22131460691162713,0.1797653143188864,0.21904689265725605,0.27571415334703564,0.22609840619301538,0.4198123042095038,0.2685691953701361,0.2679341015811775,0.34800624995569124,0.19704830722237845,0.17459776611526004,0.5028891950144639,0.39882623727464533,0.4657131939220234,0.5189003877432519,0.21242244621612102,0.17759138935903487,0.18568392104459625,0.15612762895277132,0.12999067491472735,0.12294918710793364,0.10095153006341849,0.1772881847146287,0.19480434680123712,0.1193771428039395,0.2221318405642961,0.21854632776867136
20180213T000339Z,0.056051580251199634,0.06384393101413431,0.06296964539043891,0.06734615178308431,0.07145117272364232,0.067272092062434,0.07678576574223842,0.08688961911317661,0.06806081814935169,0.028705530404543433,0.03668221672360823,0.019159070420841164,0.06881548458450347,0.06217227981069851,0.07411336453240254,0.061199928754415524,0.07768683331899151,0.04608378061262798,0.04522471006439191,0.10538152305433121,0.07248079890746231,0.09746324395724597,0.07913605345246402,0.08897711294804612,0.06636952790995926,0.0517824596659605,0.051285114772216804,0.07369026029479223,0.09390833304718244,0.07490964838092656,0.06890883555579604,0.0735992280738398
20180213T000928Z,0.35122122799030625,0.4521702376239172,0.31546796912241076,0.25870772234983375,0.24296553704338417,0.2418179682512455,0.16645668609853076,0.19396702459064183,0.20630813618330057,0.16641911399717657,0.3169955279393933,0.16165499475469539,0.23899849249337377,0.3712424687674769,0.23996917653353447,0.24046737736951357,0.26110699984732477,0.30710008404575845,0.3391629157497403,0.31933522045966467,0.1850490391123639,0.23632984924654823,0.2007193220682536,0.1477027653497187,0.17458416367361984,0.11695925109397548,0.1412464220881726,0.1826832962050216,0.18604010931582124,0.20104124487181038,0.19539596769944986,0.2127137664534403
20180213T001028Z,0.02381247324281298,0.04094191027494948,0.023815935883082517,0.027299482398868133,0.05633808874302843,0.019690703166244754,0.016648336322508697,0.014907264791297057,0.06989220265444308,0.03738707309480642,0.032027647446693626,0.017628785160057177,0.015384365854269147,0.06589034488370071,0.057659240694718415,0.04821523127619038,0.020174314426531805,0.018944373680698276,0.016493740574656413,0.08140091006266903,0.06056785550504977,0.05749492069271863,0.03345493112084592,0.013815243245593464,0.026847818817198405,0.023581305911689575,0.020974537962831507,0.028596727741622946,0.07613880103022196,0.05896606700705255,0.017717663848777127,0.058486924656210505
20180213T001815Z,0.03979574360284023,0.06468979908980196,0.036809385588355344,0.03306409948844234,0.034439120885583506,0.029866860186626473,0.02803229043955107,0.026494755017908916,0.06323960505401138,0.04963056421110749,0.034167910844420495,0.022935896969856498,0.02633243764508532,0.038839410630946036,0.03304390305275001,0.02609447005824953,0.038070723314237984,0.03430496970556831,0.03850446042819536,0.0698386158586965,0.03186409434082174,0.04772947546875827,0.02523451483055579,0.024362423507655277,0.03294439403720688,0.023258765022341196,0.02595148298422306,0.02509290763239464,0.05160504360758704,0.04165230667145539,0.03188137368064249,0.03457200715570667
20180213T002100Z,0.24520430996973785,0.3757021730754372,0.28312446855187656,0.2254506581418709,0.1839519503004964,0.19974359659844715,0.19983640728640029,0.15741701346129675,0.16873642579706682,0.15017353909523345,0.2129376811464914,0.15353294241428134,0.20097468920137418,0.2989398754213427,0.21676365954702126,0.18735430799027594,0.18994602166339472,0.24977226167330485,0.2832795556549477,0.3207005150629295,0.1584817825533247,0.18632265888724214,0.17802179475586616,0.1363077609636989,0.2179088214612117,0.13709868054254615,0.14784823304290917,0.13657150666656842,0.20482854170348763,0.1586584212462163,0.15381315128363796,0.17863090329901318
20180213T002428Z,0.21095197842113264,0.1474914112869967,0.13202889673221876,0.12405471870375946,0.3278117185116645,0.17612626264619438,0.12967814150649357,0.11556118955501937,0.11816528200338552,0.1397997148397268,0.17728569163292066,0.1137734027474623,0.14055291996387556,0.5105194282346371,0.3344689609904193,0.25836453243503,0.2263231748033056,0.21572291596663645,0.22740924815540453,0.24803456314981503,0.2677808466283523,0.30275256963118613,0.2834670789026404,0.08999472092457186,0.20979908248845602,0.10537359507195175,0.13614032745364044,0.13485647112997487,0.2555260121593373,0.2784138383670793,0.19331615720666748,0.28615314547065507
20180213T003549Z,0.31286171647692496,0.4160361171178452,0.2827243876985822,0.24246195941498694,0.16662490616449163,0.22373520381708126,0.20258417107960583,0.18297139045869698,0.18933643988218235,0.1870121202740149,0.26297504880320705,0.1773994071232863,0.2172106837079558,0.3476892269546281,0.17294542294305162,0.2220796180702602,0.27621844190965184,0.2777387325184469,0.3283558209630741,0.365202591828764,0.2034257938220288,0.17075613116002902,0.16007105079634903,0.15534524882441195,0.25434942758982476,0.16597627827442032,0.16536635867466085,0.1506363569212547,0.21615555889314922,0.1976942740134986,0.23481887657327985,0.19167588909980965
20180213T004200Z,0.27101728095836886,0.3721556297697836,0.2651080359815587,0.19464194729150305,0.2069570414555674,0.19772666696317695,0.2486421822056914,0.19239255978399408,0.1941737104597764,0.1955576227410013,0.21392962910381105,0.19116998602806984,0.18900844853308205,0.31004416856761596,0.24045523455265844,0.18140701820048513,0.2618528334494361,0.2466993891508992,0.29790239213115693,0.28670711644495456,0.190175962998621,0.18390921301612317,0.19407824446903807,0.13797048932664666,0.22831866973535575,0.1414692440013438,0.14189442075198297,0.17069189111688846,0.20556198888236832,0.20806810231292538,0.20514855842798885,0.17839862169345722
20180213T004511Z,0.340256671890605,0.21938789816755602,0.12054257502451582,0.1655999797070128,0.20563544726247837,0.25757649421607676,0.2574249091635045,0.25460566536521334,0.1975896164164717,0.23204537938023534,0.254382137863506,0.18609840223160812,0.32845625458942557,0.1857017380749325,0.2040193861647018,0.2129842838796966,0.3391281898475269,0.23360183389850836,0.2435120766002889,0.2376437842517896,0.2341299830576812,0.24910686120939102,0.1553722521799862,0.19132887291842662,0.1641706991059047,0.1267054292561955,0.14045051622870927,0.13277006622503856,0.32327687727980636,0.22271088279063958,0.2968924024148817,0.14129945702497726
20180213T005006Z,0.16354555768137732,0.23640397807694047,0.11498360756687816,0.0999748829395793,0.09084902926574784,0.09293643606388251,0.17036872900675326,0.11122826388576253,0.4864357918236092,0.4841409213820418,0.38272444714840237,0.5041208948494713,0.1265259380588962,0.19990049365000453,0.08822777298333549,0.14752289227301305,0.22804722131909427,0.2208916477954362,0.23500536180724965,0.293109242191317,0.16936052264384838,0.08628980595348136,0.08812308017656709,0.10288076967700563,0.08304720414204497,0.08757024365789137,0.06810139172147811,0.06365826745244064,0.1118247511660533,0.13606510724173743,0.12368711031393835,0.12224238467165001
20180213T005559Z,0.4704542925698025,0.5486965084757145,0.4454472648482844,0.40393905329467467,0.3347620792540848,0.34549517312926104,0.2887326899122737,0.24654381621917557,0.27573037599045336,0.2244810967312756,0.4270494071403992,0.21759353819374863,0.32796682574790165,0.5074086623073968,0.31225822886189164,0.2630811995168114,0.30163901732191156,0.4258173240833011,0.492253529521093,0.4736497408060979,0.2584458146864591,0.3223429505320029,0.28036938163221725,0.2243718081193064,0.19720172982333717,0.17519327754850947,0.14642751365455933,0.26556616991947757,0.24622161306243465,0.26477226043058316,0.2243459617088425,0.293384362046732
20180213T005838Z,0.31302747992570945,0.1837834009157705,0.1983334831975877,0.14616897268159265,0.15991263597394975,0.2454810206623403,0.23542799919965327,0.23701351517482194,0.26331384863027885,0.18238104853810863,0.4007632015592776,0.16125433096254588,0.2583981221021396,0.17718229540050673,0.22805011522534094,0.19560989265986217,0.34959908084166247,0.2685692288713946,0.2761506836984234,0.165587178316246,0.26786041413160466,0.19797654651054028,0.1770494347565365,0.1774439497096561,0.1454908612615882,0.16352449902481705,0.1411546155529806,0.12688232370325672,0.28678158104715396,0.09891109593835479,0.3112428581170553,0.15950119679917793
20180213T010834Z,0.33293835815527806,0.3873636349527152,0.30589025596223074,0.29876673557873096,0.22913553524511107,0.24023457100716936,0.2313847158971275,0.1828273732077994,0.19653464829259065,0.1739446998201637,0.28327642277410475,0.16680047513948196,0.23678476506807705,0.3584923319744231,0.21767751119369708,0.19248662020497218,0.21303678542217444,0.29866338606823883,0.3568875959666218,0.3586388501912074,0.19441290125328983,0.2448928705402626,0.2013731241241718,0.18569808231830295,0.166862783592634,0.14000452351890985,0.13027037839648256,0.2180447956967241,0.2696384220819794,0.22814009669963622,0.17019105006737453,0.21225210168806996
20180213T010849Z,0.11591879436746,0.1829304319820089,0.07643519308768965,0.06046283579335082,0.09925764958012158,0.14222070008086352,0.05135987866737514,0.04580518947123391,0.5167691336375355,0.5765994685953316,0.6468897485501847,0.39723123424807866,0.13576670746089736,0.15733607574838004,0.06751526828395221,0.05497754615575672,0.37132586828331926,0.2526082357985012,0.21803591354437207,0.35306273745742917,0.05397568726816107,0.09576805276612071,0.04669746547018357,0.04411785772784994,0.029483197558357807,0.025209107855517804,0.01762122542606623,0.030653844006125225,0.1273401694859051,0.0883348468401751,0.1165133484538878,0.06329335010510186
20180213T011223Z,0.04586323925658935,0.054721774458628525,0.10956547972739629,0.11556223523397437,0.5551582460524344,0.058731643291651946,0.16498878860290664,0.1867114074111251,0.021673960410965133,0.06190235330814734,0.06883322377794703,0.03462238846558468,0.06499228124346741,0.6351379077732935,0.49202098708027814,0.558687954226259,0.384537508040249,0.557281789044592,0.2178846144511126,0.3724191231244952,0.5320166852798625,0.5491666769719008,0.5258034314943234,0.3870463396314481,0.3984858062329424,0.258923311424676,0.23938310061789936,0.3318918000235044,0.3153176122684059,0.47623364708821625,0.4130037099867071,0.5148884985502153
20180213T012433Z,0.25128942717757885,0.3216491947909219,0.26847166542574225,0.2031879787473139,0.1972048385570563,0.17858450821927702,0.3378667464830957,0.23015563374295547,0.15746832862005528,0.20395403607094442,0.27846811119427034,0.1522089693368925,0.2613896283739544,0.28437457533083915,0.22458641684519848,0.24034129711838184,0.3919739199256754,0.2719727812763504,0.29623309656089863,0.30966736855380955,0.28490165780797067,0.23264270350598656,0.1884486647995924,0.15521284610413377,0.2192400145053009,0.20901896147550056,0.18305778981234413,0.1560623332241174,0.3028390634408001,0.2968890279227485,0.33567368919384366,0.17638995929765341
20180213T013521Z,0.2512798389128561,0.26538286654609483,0.1958467614460001,0.17201150199080772,0.13380370748441742,0.23038149760685397,0.23698454691975018,0.18344631001899062,0.1812033561390965,0.201779072562787,0.21112186498954666,0.19653594542575048,0.21211426372491735,0.20523090023596438,0.1881003634402477,0.169662648961784,0.32054884209122336,0.22375715828572434,0.22352922162695033,0.20267670336142948,0.2348465086920386,0.15803586184133228,0.15123071274931296,0.1857292161174724,0.13188388670975038,0.14670857471132398,0.10444540407953809,0.13634743926878484,0.26345941897026265,0.21694090283481052,0.28437815661129423,0.1460556343737446
20180213T021023Z,0.4284702232051946,0.566745435651041,0.41779772443676905,0.35026431127468793,0.29015531249316673,0.2887645024037672,0.2900978951408076,0.22603813649992124,0.25742447436703864,0.2534954596008351,0.3821108426944591,0.21749336205353922,0.303506229662824,0.47696614080692484,0.3160889205868366,0.2784747100624825,0.2789345121955671,0.389518686354448,0.4558759970423,0.4617469733867044,0.23727599808361108,0.28299740861184747,0.27063947446171976,0.19586046798528367,0.24963030237764772,0.15643694419380394,0.14454928390768637,0.21983900939146434,0.22504396497536086,0.24105314429867056,0.20079265222381035,0.2745965448138117
20180213T021520Z,0.41628519784246437,0.3784574122679148,0.5320283503720923,0.5535198250111164,0.7214616766304707,0.35905655484058896,0.5197211912435286,0.5842505240667955,0.05585395394432305,0.11311009409155921,0.09982450814129147,0.11350137398698436,0.2491056845691667,0.4579815177265142,0.44505608826621096,0.41558833304445447,0.19338572644666374,0.4023148450557958,0.2639418476634665,0.25950319414289347,0.597467295155879,0.4876732002010787,0.38866883531497687,0.5753914226942357,0.35081707453176,0.2932399142904567,0.15889547506456542,0.41042235294041346,0.2740581641424156,0.5112022324356751,0.501629343800618,0.33283091058245295
20180213T054358Z,0.36319514335096836,0.4434425546677943,0.4688203111200964,0.4512835745928107,0.28126565843113016,0.34297588542991364,0.37677981800993754,0.3689128954467076,0.07459462375740936,0.11883288654526,0.14219840642514955,0.1373946637930938,0.32368263282960574,0.3705549330085663,0.46392758753779134,0.5255540620532045,0.3547779833188286,0.29117607292745906,0.3587014020224903,0.21293843380250577,0.3882910313726518,0.3737197427465483,0.29858519876469175,0.38582390902456026,0.40397417428943216,0.30323661628245313,0.24019410715874248,0.30705306137205834,0.3570624028846791,0.3060708090591134,0.30943641917081705,0.3510616753055112
20180213T081032Z,0.27146229452564313,0.24073570279275813,0.2070072668638995,0.1923849585674665,0.15789291101039368,0.2424472852322593,0.2412205742251752,0.20622089945377978,0.18952217938219107,0.1694937111708731,0.220813087205535,0.16500943274611615,0.22618552437845543,0.22070966029099617,0.20182152914570514,0.1588175665708252,0.3378443760050796,0.2462836501143489,0.23505169529154848,0.23164163624107031,0.2560956742026902,0.17006330991364013,0.14595172476548396,0.19802542606500015,0.1785508159353976,0.1589284418577855,0.1451253304037318,0.17033262978107497,0.26200476221931285,0.2319896725584663,0.2914762216172257,0.14075927142784864
20180213T123039Z,0.3609586557555661,0.4211784956481646,0.3470182053680382,0.2987335124682906,0.24441538141217325,0.24486745029836243,0.20367623954401062,0.192887729355569,0.20372783577116096,0.15014457910385612,0.3175738626107157,0.1356567334937517,0.24518757601537242,0.37800937430563897,0.2494492163759637,0.20175625654701904,0.222691921945836,0.32239628052368624,0.36514735859880854,0.3577230299686036,0.20367174899693935,0.23905961245469606,0.21852541130859568,0.17130490138276883,0.16112254238712992,0.12840041826489576,0.1240051769939341,0.1903180599378079,0.17888418510077278,0.1972697559283909,0.17140709168645082,0.21862667394408636
20180213T152235Z,0.31242567721303205,0.4568125271721972,0.3571393043141245,0.29585610781735433,0.2452434835252296,0.2452772786689535,0.2562847078780939,0.22054284649291384,0.18364711083955051,0.22714136816952527,0.1989417391578628,0.16370707613962737,0.24884959391690545,0.36653806325395416,0.2894068832213105,0.2392547689494856,0.2999459032816784,0.2850406551558846,0.336892201513329,0.3002080689121314,0.24025912243083794,0.24732893074776116,0.233894460702079,0.17507779666463444,0.3212791466580481,0.19337095409433883,0.22053394076027036,0.16728567261219177,0.24831485390033683,0.24897413943595229,0.2643433540906683,0.19913260521148912
20180213T153445Z,0.4387582581252273,0.4921263651488138,0.4206753564931947,0.422772643970954,0.32056800127354906,0.295400438117624,0.26348234272428256,0.24747344096888985,0.18792817875698495,0.1436409455677521,0.2904482904038328,0.14319469772877427,0.2945962800053482,0.4523196037762871,0.29036680169551826,0.24963358205399583,0.26812746703109297,0.36100849489270465,0.447183405955828,0.33358249262425743,0.2472591293787184,0.3183867803968929,0.29048488342544465,0.2315535564280927,0.12095802774887468,0.17855691937939222,0.16223026945665123,0.2709752166399632,0.21519081333015272,0.23920754483639042,0.23188724047692857,0.2878585811213081
20180213T160201Z,0.33463712943192164,0.17983436129464536,0.17794771821017277,0.19781796641776342,0.17845162219085467,0.28423156563988683,0.2807740127541497,0.2188189653485733,0.21650426738225906,0.22995766144254876,0.2505995423309693,0.21738167494038801,0.2600948198081439,0.21786070147960238,0.21945334061330618,0.18392249686800238,0.38285805243746895,0.2856416758415363,0.26668399222897093,0.16972504607513952,0.2969617201257539,0.21018801985318958,0.1777512531729855,0.20995217196613422,0.12897479829916145,0.17900190299507088,0.12572737908023118,0.1668142650796703,0.29152130903046936,0.24065250345676356,0.33661393866597017,0.14555988982968918
20180213T172002Z,0.3638803702844974,0.4112649526736868,0.3325881442665651,0.33454677231266466,0.2555579603364386,0.2511342577255457,0.22277465341109545,0.18772459650772838,0.2148403176721324,0.21438137693390175,0.3304328123121622,0.19701085526980733,0.25443765320275985,0.39547624273043236,0.25574502906000024,0.2112652365197055,0.23771832853317654,0.32800955509669655,0.3867763264757258,0.38486655182991014,0.2114410637897474,0.2569774885905136,0.22941137010867085,0.20262560513901381,0.18828438207603504,0.16076740672107967,0.13932056981597069,0.22911760882133878,0.18794307432854485,0.2009009709911249,0.19220840252344704,0.24855691534472316
20180213T175807Z,0.22584224914825007,0.12236470709534558,0.11260856772861108,0.1458054732536574,0.21034372274755103,0.2052203531023306,0.18741871801997967,0.15115909063226876,0.14979503386968274,0.16071564312548944,0.1680221224369905,0.10529602277501687,0.1841520140790677,0.22991109667979293,0.22679920886243354,0.21710814307391513,0.2584837854977301,0.1657533265995862,0.17414103928105634,0.10845432809130012,0.2891448695659868,0.23383135736620508,0.1567479699235529,0.14916498288325833,0.14350787426823677,0.14527179192668357,0.11708378508223072,0.14899883878981507,0.2781766372752986,0.2778280666411481,0.23726858744460685,0.14060568496096823
20180213T181654Z,0.23317497643549684,0.27289145913396545,0.20791141391568677,0.19015884115017087,0.169142334260855,0.15121530977506084,0.12874965194694757,0.12360887059852592,0.30862255378596093,0.34352676476542454,0.45573678404455065,0.3025514951356786,0.1676305952361783,0.2513034747967228,0.15034512820728632,0.12768196933858061,0.20836723429406895,0.2092220068173186,0.2450328691879466,0.2315414890760266,0.1307386963055279,0.16500820166026076,0.14184997157789156,0.11865018988496275,0.07202814056059254,0.11161806261155423,0.09237808855482316,0.12553343991649737,0.12017854859987433,0.1320428111306489,0.11791194500983272,0.15073395387539767
20180213T182833Z,0.33499614661600713,0.3554068341288115,0.2895696548315198,0.2700423867806996,0.25576459751844427,0.21847226362679278,0.1654835383930055,0.18618853054020473,0.16663470558026394,0.14914243029121965,0.2693077805089831,0.19885528459119656,0.21832885411430306,0.3304442311420678,0.21743732573590438,0.2044958833161336,0.19535280974740177,0.2709310808870707,0.32061706600192236,0.27522122599020443,0.1774819126621632,0.255308277279911,0.20924221127364706,0.16937044591334882,0.13688319753856584,0.18460918865882175,0.16398373198446076,0.2111534858209354,0.15259164847436207,0.1740177038084051,0.17719139719943192,0.2713106581587546
20180213T200726Z,0.353956431451809,0.23864017083752526,0.25744747852432365,0.2258966047856682,0.17724048249139168,0.30110888718854045,0.2677985748546051,0.21864014406360394,0.21501467833689586,0.2505640347505969,0.253390490989128,0.19543490107192138,0.25318334847546464,0.24682078183605674,0.23417713113868477,0.1852262203213844,0.3707414093674464,0.2800129769433294,0.2709298465121482,0.25139887225891844,0.27601492523449794,0.21082628898816305,0.16405182025550585,0.21741188149820428,0.18511881634571475,0.15706942652512065,0.14281153025427137,0.1653906872978392,0.2871170763050139,0.2604841565013662,0.3426397802453357,0.14275620445369946
20180213T201833Z,0.19132378831999763,0.25801363130269644,0.12661125054186545,0.11731212369275708,0.18012942580399313,0.24478898145018566,0.14997160291251352,0.14280548776740193,0.30257826561005563,0.24650050481749602,0.49036775988993986,0.4968694395427004,0.1836788356603425,0.22952042178111728,0.1497156802546327,0.13176563323009333,0.2215375913238061,0.16120095789126226,0.24955893812256064,0.29705234350984366,0.1622177380199695,0.18701771374455234,0.11120433413425995,0.1341131900261548,0.10143421006941507,0.08568682775963682,0.08360495387024443,0.08892291741929219,0.17424249079369272,0.15850578900999898,0.200463704047439,0.12138537617031324
20180213T203032Z,0.12479804472020084,0.11902509097635564,0.0626184642150356,0.06366620464987474,0.09668310853952788,0.139602440440689,0.07309510059718033,0.08361252482602351,0.30988898921967434,0.2780062224052982,0.31346487348790464,0.3631756117081548,0.1359023133895524,0.12655153648485393,0.0988333164083938,0.07681483474437212,0.20963633520155414,0.22372361573338584,0.1394081047524185,0.1788707823284748,0.05682300970329416,0.11192347898614517,0.0612251454427096,0.07074791197961129,0.043323920350477274,0.02612742427657158,0.025472977737369864,0.04601020441412448,0.0887694587838098,0.13873440914627325,0.10489026125215561,0.116322419169302
20180213T203602Z,0.3571802623948115,0.5142650949293565,0.36635043707520626,0.3284081052714635,0.2638468007459166,0.23898221665981273,0.24468007178986556,0.2157818936159353,0.21851856427754687,0.18074567562801225,0.3416181755568444,0.20979552653732444,0.274972373958443,0.4172908810400684,0.24355691311232117,0.27104856224408885,0.2453286501301124,0.3313287934569033,0.3952553031263938,0.36662526199035345,0.19816672479078093,0.27882937665491814,0.22885967087866504,0.1611879912743681,0.1396640414779955,0.21567462548715483,0.15206661002301397,0.19454448317476733,0.1866249027409745,0.19008967985924702,0.18223427357969318,0.21882284358950888
20180213T204028Z,0.25177065719234165,0.2859800808481766,0.22947149684915333,0.24219470046375655,0.15923443023040892,0.21322619492632613,0.17602277377486142,0.15855852085380406,0.14625419367158865,0.15668886222464007,0.23898642103248796,0.13370230319050552,0.1964190802602798,0.28549666981932936,0.18150520188210323,0.16419678258099604,0.2619699823470365,0.22396795942318173,0.2767890197527836,0.2840751865323701,0.20598663581833812,0.16510666976416202,0.1685266254868665,0.1370682133242806,0.14575877790466368,0.15705168832185848,0.11215069271682472,0.17271230815629898,0.14162656303475613,0.14432263598086248,0.23326954936896752,0.19602547794782282
20180213T204850Z,0.2912657227869152,0.16244287656676606,0.16524968050816083,0.1886605549660941,0.15755688952867783,0.2504571479743672,0.24263717665479295,0.19568934779465932,0.1845699324155543,0.17714551731225256,0.240162822933722,0.16194255214551373,0.2303368653913691,0.19116247502899372,0.19083414114424327,0.11499673977202411,0.33475276548998667,0.24596804695693583,0.227322932950654,0.13317715841650868,0.25193396778064575,0.18002054007185958,0.14373492310727892,0.1917401988573579,0.1418253267114888,0.13465504251303193,0.12944953056893424,0.14492472266233797,0.25917364964367384,0.19443714143834023,0.2894681335333529,0.12958619785143222
20180213T205601Z,0.33698095655350246,0.18162701101936743,0.21498734424560642,0.2505073507774594,0.12259926380621017,0.3031869463294712,0.28898201827269776,0.24690508609276163,0.23947856457125855,0.2145057026197537,0.3135414988075514,0.16575804456769877,0.2831318163446134,0.22783956623334672,0.17028705030587307,0.14187468775499687,0.4086722588354656,0.3026365465732058,0.28052987626699527,0.18818993354811928,0.32591429088514234,0.13553542219885553,0.16087729359889547,0.22362719565376243,0.12422429049876033,0.20306069526230427,0.12632907776430796,0.17954337650182547,0.21790266711739434,0.10917040716833003,0.3716721057374894,0.13320993675920284
20180213T210633Z,0.4702268641185793,0.5179886256292405,0.4138564219659023,0.3901401302570142,0.3110061041303764,0.31672967344348607,0.2938768399999876,0.23575858111256223,0.241590945304009,0.22252803239412225,0.3713987788565675,0.23268816233549125,0.313146915586046,0.48568470000048036,0.30555328767656115,0.24581216501470673,0.28594412660868135,0.40562662498547275,0.46928343771281655,0.4590114813597894,0.2497036829501418,0.3107775897511398,0.27199274791283135,0.24639137272198472,0.17484739317662795,0.17923721397255404,0.15813280068269706,0.29246965921488083,0.23389440162805392,0.26371560889314205,0.22080101527650117,0.3216051793043584
20180213T210711Z,0.23879535477984337,0.22754230131944028,0.2153823872845896,0.18851581181798371,0.199270293876043,0.1871383552402359,0.18928245038380415,0.14445219938599016,0.1568358813306455,0.17404966503414904,0.1988622027987675,0.12955405476770165,0.17039528308093874,0.227518909695381,0.22925305308358557,0.2026367748826224,0.25458870573789333,0.1872549989208262,0.20251798597388487,0.19011334692529563,0.29236511036947277,0.23192295168358326,0.1644090330924256,0.14990144324974697,0.13850579360058757,0.15365947465146484,0.13105883580044622,0.13984079253686646,0.2878412930265992,0.26923150144074687,0.23265437738593245,0.1508170877241386
20180213T211234Z,0.4350584722778642,0.5143434593745377,0.4178001652679265,0.3646743359380422,0.3022769041351053,0.3047396474510939,0.23416000166580148,0.2259406480574519,0.25184514191002527,0.19341049335769642,0.38188239362412396,0.2167270863456174,0.28839079304568743,0.4653790812135872,0.31943796516143236,0.27776178205844804,0.2751439878324404,0.3831876825280068,0.44153461473135686,0.4400148640007414,0.22581314126722996,0.308806854376753,0.2772209333930901,0.1896371148536694,0.2710738530578595,0.15770105383610447,0.14923776060554783,0.2338907389757673,0.2163733373090224,0.23969485007143185,0.1993362193153139,0.2875813649064071
20180213T211539Z,0.2919693434774858,0.14639652794074473,0.1527440832208008,0.1660986049983968,0.15616688274815435,0.224810661703095,0.22861982501085937,0.19930368060110604,0.19157477783201554,0.17054005065443853,0.21666018762618217,0.16536905105589111,0.21788716085831797,0.1812240848998536,0.18961742279348304,0.1526174637246687,0.32466933142170157,0.24135069087250619,0.2247069770750011,0.15553177589608017,0.2537804887175621,0.16135063983993836,0.13882527141581405,0.18029521136130033,0.12851772145577123,0.15608201800044455,0.13424072839754833,0.15090804749167047,0.2353614505136135,0.21516256573879944,0.28376287392408306,0.13723446726878685
20180213T211909Z,0.2990843485538333,0.1480264335760142,0.16543132302206012,0.18928391667276265,0.1773479555650547,0.27161946497493555,0.2836315909084372,0.2202586627134452,0.21657755681700616,0.23524751084852843,0.2503423504792049,0.20453119355556404,0.2523969120136169,0.19570637079503556,0.21099728355646338,0.1864033279520009,0.3760539747655342,0.2599688413775812,0.25397530540194485,0.14693660842977366,0.2872252253190395,0.20167651038181317,0.15335774421373155,0.2048890273751628,0.15202297087920327,0.1739151391046431,0.1560298376751449,0.16105530083673977,0.2902432795975963,0.26138248504640954,0.3229698528970454,0.14473743796549293
20180213T212116Z,0.25671277734557324,0.30966012551434,0.2510841273037648,0.24863287367810882,0.19471278186654595,0.19041204188787567,0.158617455927805,0.14548069008779851,0.1760708907120585,0.16123617417695216,0.25003818732499083,0.13015625706918052,0.18567409083668046,0.28631289286928546,0.17055091865964095,0.13482424220047365,0.17601721800176856,0.24010223742319672,0.28241211400075383,0.2503349729202854,0.14334417699346824,0.18642877559948212,0.1546924284451779,0.14288150965038157,0.0827860460342101,0.12448340518541601,0.10335938990247405,0.17206393366675185,0.1400267485927873,0.1484200132162186,0.12923405592996354,0.159466095359974
20180213T213935Z,0.2957875862499112,0.2867713888907741,0.24878181093197083,0.22483624835126748,0.1821915590733681,0.2941619579773495,0.29372034717101964,0.2367696344740447,0.2101513719860116,0.14335999054716533,0.24877673680249468,0.2182858900507628,0.26122646972495367,0.2772961531590844,0.22921324281152797,0.21976392500768194,0.38547187518404746,0.2754741430956723,0.27657284967440104,0.27871900681518885,0.27819902371083516,0.2148984984052396,0.1837832923779843,0.20827291433920828,0.15251922300019974,0.17352670059352776,0.09978052708439006,0.15085240516415868,0.30192889862689465,0.27367607997266535,0.32969116932112436,0.15168527778749138
20180213T214405Z,0.2776748789908518,0.29129750611415306,0.2524347818708843,0.1943507339889286,0.16924709364663168,0.22352503887164746,0.23653334851909572,0.18044081397407633,0.17340377742686344,0.20168821453613234,0.18558719186968112,0.2049696524500278,0.22048330314568454,0.2551093248936683,0.19228952545672684,0.21296736659288498,0.31021752213368814,0.2148676543093969,0.2524437531687296,0.28343590667280527,0.2406789410953535,0.15968840225322484,0.15507439157619177,0.18123065394224327,0.20943205941938914,0.19279032821911346,0.15103188029038567,0.13620868661027666,0.24059169993293988,0.23008811313125124,0.2666931311057817,0.15812962065783046
20180213T214919Z,0.11627616465196224,0.09668283241279735,0.0577053106997787,0.06585330473261154,0.05665178576530997,0.08724897734284463,0.0754928857830962,0.06597189442297094,0.4979620161922993,0.32951168299363265,0.28890266742009196,0.49351893924569,0.10690822473422013,0.08943481676911312,0.05229271739637813,0.05407844032887976,0.22486785574893525,0.21999383163502637,0.1389351046398576,0.19883648790780176,0.07584880959080585,0.0693168798867599,0.05074677434827028,0.05802700582983801,0.047021689030454894,0.05839796274372276,0.042043902369511485,0.051503010452330696,0.07159533882869595,0.0681639276540452,0.07756684088251205,0.05955827736506373
20180213T215329Z,0.4565775806531964,0.5415298675571182,0.45480865732248715,0.4219072408723353,0.2998619556257687,0.31879344319067576,0.30549648088372294,0.24216485831255793,0.261668666828432,0.23285691105434736,0.3729800408215135,0.20238017624766927,0.31839247100199886,0.4920288618482981,0.31533269872065234,0.29267514498231145,0.28997038787018503,0.41354887272545016,0.4807809332981648,0.4643817230070374,0.27345460387194725,0.3018269403936417,0.28280727558056906,0.24368178994439477,0.1871412419519652,0.16944991743922966,0.12804106218891514,0.26376530975513823,0.23614073380539666,0.1512680858895475,0.21640386492253524,0.2962068709005992
20180213T220815Z,0.29551680663344143,0.34047677572012064,0.27988307462888057,0.2742451118651431,0.21248677321265058,0.19782211617292764,0.17811205241451245,0.16097761299546576,0.168771481513437,0.1379289117086305,0.2589579305162977,0.12944748010379567,0.20699750648820606,0.31417376498486876,0.18190385585547322,0.15532995869647503,0.19107442123788784,0.2626895314998943,0.3118075103514685,0.28317137181708496,0.1724577585934953,0.2045142608446046,0.18725270447405873,0.15373517306938797,0.11321534753596668,0.11018818274510923,0.11296924195923926,0.17161232292198503,0.16406678201806235,0.15833198351399289,0.1592459606701407,0.20055982123534388
20180213T220952Z,0.13504576015020972,0.16962616427598645,0.13226063535126809,0.1141596958666152,0.11488191138566473,0.12277547811588771,0.09765134726811046,0.061865909648348254,0.09448937945388468,0.07715570798962883,0.13950831594935686,0.07973210520677995,0.11071460959046876,0.1548061474198437,0.08552103948029621,0.09140472309495068,0.09643792112852867,0.16407142213453826,0.15431582012744965,0.1417476101728932,0.07061764542798225,0.11196781041382027,0.08348070352526239,0.06347761492126663,0.046732819355075526,0.08375415648441721,0.05850490857628991,0.08128258965196962,0.0792680870980699,0.09775887158261044,0.0842765822617014,0.08952906267538177
20180213T222051Z,0.4115714719450558,0.427551333031586,0.3607222765867287,0.33923874292374673,0.27638170191723505,0.28065447392678444,0.23118452709300405,0.18701046953544076,0.24467029347928174,0.1855935110735217,0.3449515181792496,0.19699027342770506,0.28123950078335164,0.4255148695200217,0.24952907775780278,0.21096889905040905,0.2619800072326686,0.36343801421419286,0.4190210989645169,0.3951782093857757,0.21192649332597288,0.26754657831574724,0.23876330306874483,0.19933774376633476,0.11758792567614822,0.15054955771450945,0.1459242160060374,0.22595479521701559,0.20680657378163114,0.22077201439805996,0.20147942429863763,0.27656709991904727
20180213T222633Z,0.1853811749483957,0.2131612420283911,0.17949960368437054,0.17269327925069405,0.1345483007254218,0.13633306445685833,0.11846887600778803,0.09738610243420491,0.3927110444180126,0.40529158874015214,0.49001018261393586,0.33348215006124626,0.1379021412419864,0.208493328917192,0.1211617632075567,0.09420574244452569,0.2372455104405753,0.2110543876109,0.209229037790268,0.22063851287485697,0.10601764371207702,0.13555477456712173,0.11018453586974424,0.10780708430746129,0.07378835618566709,0.07159265189966325,0.06439173632217023,0.11571717585110779,0.10780371568313209,0.107351705753782,0.105284388256996,0.11332623187012832
20180213T222743Z,0.22271273029373645,0.22618402315556016,0.19593176649612565,0.19805058774885653,0.23994391934772824,0.14051985644057655,0.13840444236540503,0.10800711836146241,0.17516561525871077,0.1475219124292712,0.25110110991460566,0.23629258004252696,0.1515710099709687,0.35475590408484725,0.23201645916479643,0.1931902028037064,0.2126737403114746,0.30142389727309105,0.2402858667733194,0.20963315254885734,0.19235237897581303,0.22741535199802335,0.20781202017306374,0.13007348567668484,0.1559796390763544,0.10512515794535009,0.11647955486221187,0.1752852635542692,0.17017261994609656,0.1867207299114359,0.12794484927399224,0.21564419358685968
20180213T222829Z,0.1271147908090253,0.09298563110466873,0.07903765114908606,0.08066994476915347,0.15915318740362555,0.09659228790068788,0.09060868080628376,0.08088860541006714,0.07297832218091438,0.0950254487100551,0.07842341966515472,0.06247846818720528,0.09041633097540941,0.19563395923826557,0.13888332635635206,0.08476632057927667,0.13325899023222137,0.16181895820236708,0.11840328934986258,0.10131370524807441,0.10027874322082654,0.14825444163495297,0.08995491255102261,0.07661065033296251,0.07036261436836362,0.07508258428549047,0.07312011377971737,0.056939058536159534,0.15408677726406422,0.1741171739807989,0.12203278723079974,0.10594681537661292
20180213T223035Z,0.2947078910955608,0.16135508520850175,0.13186235920293887,0.166709653655097,0.16275197248637044,0.25389939718915455,0.24305632098743712,0.19931550889851812,0.20970418393341106,0.19352355051706926,0.2139302207931127,0.18028478844332177,0.22488026403392147,0.18563874417983098,0.18629890146033776,0.13684278205555725,0.33122428870390586,0.24019337074146707,0.2248794462740404,0.141684782889004,0.2427139393802929,0.17033906245089425,0.14160458868190187,0.19391103726492476,0.11331100194918649,0.17493093981528957,0.10450392996519715,0.1255644035612082,0.2474227249816279,0.1315079640831667,0.2784007940562826,0.12105652019134622
20180213T223815Z,0.2268225389937097,0.056849602395728414,0.19422690543743404,0.15551940524561908,0.21236996193806826,0.2563158904239447,0.15313646544504797,0.12013662794183258,0.39580669444583766,0.1104433850492442,0.061548985422272426,0.27116134536762576,0.19897447603414703,0.28132204675726086,0.14079781339644845,0.1246354853994592,0.42378836020946636,0.3817736055797424,0.44524249949024297,0.6019806479280054,0.12587163520290515,0.17528890471635433,0.12425636007696497,0.12595684307421,0.08159035767552915,0.057046760443090344,0.043717141741359086,0.08651661847440595,0.24178236752551846,0.16571059930985232,0.2387486713194765,0.13580444963055208
20180213T224319Z,0.10266695113201926,0.09812778715417292,0.062849796461588,0.061256034347315365,0.059848893389537125,0.0675675211529807,0.03703048522289449,0.043297471809192405,0.44484732674726685,0.29960650884143514,0.30215931750172526,0.43482476325799,0.09227636481288862,0.11427036987484859,0.05622659603790595,0.03581837555658723,0.2233270877047316,0.14151489612380616,0.13869021734122808,0.15320140413184205,0.034705132152391044,0.04809818946167087,0.02377050060415267,0.04060085939009584,0.025038606786398843,0.01619738543408449,0.020560036549147006,0.022412173990758302,0.061573938728195436,0.05962632390254303,0.04267753885117235,0.04395281340662682
20180213T224630Z,0.30451640015838827,0.34503240669954316,0.316358421116045,0.29486999919173323,0.23542888064308243,0.22617457582701472,0.15915479122820728,0.16928306491210612,0.2949129179111308,0.23893556198295582,0.2871001872968212,0.26255069215331023,0.22049686451423156,0.35892210563858323,0.18884203977083336,0.174660884267266,0.19211267125065526,0.2929530278245342,0.3297176604038196,0.27895625051761497,0.16812062755635768,0.24429215640998675,0.21073553191733765,0.13316175773816089,0.08520000365020423,0.11431360584208636,0.11352618172119039,0.17605289134205965,0.1662971509641697,0.18629117040699225,0.16512220711730344,0.2298940437587269
20180213T224739Z,0.16773896444859474,0.14616112429438852,0.046370157000761,0.0432832298474118,0.04590041098367663,0.11121477026740968,0.027913894359221397,0.04232645228848384,0.40908812402361394,0.21957277519585663,0.31689132931331826,0.36242307006906094,0.14991824011008836,0.1349907018388886,0.04704742828834723,0.04456221299450838,0.30033894161891134,0.12172643620098111,0.21330850158620565,0.15129310808548752,0.03086644047329787,0.09108426576611212,0.02921577104659565,0.022436284892083744,0.026975350780398432,0.020938307223095896,0.02550442890627819,0.026568398764427775,0.15340046059490775,0.04996915385185948,0.12157189812962259,0.0912893404872539
20180213T224923Z,0.10886038758576094,0.06546440394879123,0.06513876003735454,0.05144474930115471,0.0722606706156738,0.06733945632494713,0.08537547794168013,0.07553772738322773,0.09998427259011856,0.12080656267593459,0.16814640149595358,0.1329907412579619,0.07532029127947128,0.06314949012094585,0.08260826353957558,0.06492625453791,0.11126338100141538,0.08583721594784251,0.07734969695598785,0.08774108121307495,0.09426872604157563,0.08400467848448068,0.055961380245895975,0.06202638233111205,0.06253092274469824,0.06695644629391892,0.053559036193589725,0.048854710579303406,0.08374025299220908,0.08036280549073056,0.08901472643037601,0.058500617240795465
20180213T225127Z,0.27335660246073135,0.29834591923929926,0.2539131843041,0.2591585920760625,0.17186345077266027,0.17120991601498597,0.15839703530950072,0.14984527992208768,0.20652594139787145,0.13027663521174104,0.24932057927717013,0.2292000904724883,0.1673203465493739,0.289517357243264,0.19284010658544606,0.1480917279486196,0.17730640126858765,0.2252484166118623,0.26107858856049565,0.2388879479047462,0.15836565028407476,0.19055424443622115,0.17081498892595767,0.15127233658000308,0.09140285172488045,0.12052585760514345,0.09755708460208838,0.159780036916874,0.1731330128940424,0.15859828597387085,0.14407435064937119,0.1853949278065982
20180213T225216Z,0.17965870791829608,0.19001744993063566,0.1469353000156972,0.1361771590163965,0.1127191001364599,0.12402752746827087,0.09728090461194216,0.08883839768036556,0.48958706617029435,0.44395008265685587,0.44350014574872765,0.4131735329555488,0.1949306047858665,0.17004673265993903,0.11023788343193064,0.10334570783549878,0.30575739304523253,0.18066636264976899,0.23446507982788967,0.17341739481871596,0.11454104054097365,0.10106363259615907,0.09658165078263214,0.09426877948530113,0.10733283627944264,0.08714306890189061,0.0719238637993142,0.0964462849972726,0.1215354212468469,0.1077934976361394,0.11346460034291844,0.11910045300209779
20180213T225333Z,0.03950320116632265,0.06742124449357678,0.03626609891573756,0.03511784690471806,0.04471052478285933,0.02926535570868071,0.03109299879954486,0.02464934665325024,0.04749180702065804,0.028543563747498845,0.03651822496358697,0.018786165628729763,0.023472773798961136,0.04230197259006104,0.035834585965549184,0.029394049944093736,0.027678059744993384,0.03273669597905746,0.038139549641983336,0.08462074367787753,0.025888307681206903,0.048065313628926014,0.019857456013089688,0.02301753148278854,0.02489419895131856,0.029812326908643858,0.02174739094251055,0.02647570696095492,0.059931766812175644,0.03924458818234697,0.021244030479472306,0.032875273379773196
20180213T225356Z,0.20701285551775958,0.26018009272872344,0.2114668671973102,0.18459523287710775,0.15462521388854153,0.19077821940913978,0.2074370362425149,0.1507023098316177,0.1303566743399144,0.17052899968137933,0.2459916274301681,0.14848098110395105,0.155502641148422,0.2201021251693865,0.1747979633227471,0.12174505825808073,0.24560448022402714,0.19231802797049766,0.21218284283257785,0.29827437537177404,0.18822388426334571,0.14033622900500262,0.12686772164412216,0.1582246125166571,0.16152986416403367,0.1319613244768772,0.10467913059545253,0.15056888703270682,0.19182696968695473,0.15882951242503587,0.22128260971918443,0.1447328771533728
20180213T225639Z,0.3532043095838516,0.2112561129915146,0.17149999307518582,0.19950559164531786,0.209764435175073,0.31305980289020435,0.315145896428209,0.2565705479776724,0.2240316372799956,0.1769578528922943,0.31755868920877695,0.1845634705953405,0.2769950686670199,0.21453712756005858,0.25120529136520736,0.1983046014060115,0.40622526141954185,0.2900428683105063,0.28036660385423795,0.20578505716730858,0.31222755214799586,0.23709297351269176,0.18456965699539832,0.21041038375155835,0.1521371710756542,0.20167706905108254,0.15967549264184977,0.16302440763332063,0.31559671075314627,0.2934232374346944,0.36445293904436304,0.15031687386465925
20180213T230132Z,0.22716955496651553,0.216987265906073,0.36889091365737814,0.3782976627757185,0.3268357639916804,0.15486747820153327,0.3926808620886542,0.4580019947979263,0.09966239196700802,0.1017321266309026,0.15972356026033924,0.10896524259755548,0.17684421774083856,0.19774737990755037,0.4342603310946851,0.31318353055498277,0.12675366487216774,0.16898204129813105,0.2020088030441507,0.19162510540499836,0.4647559363931377,0.20597102435644318,0.405044431008301,0.44270640277284606,0.3586869174902277,0.4424049871359363,0.4047715546727603,0.3585018555381571,0.2172541031542075,0.19257467550479174,0.3611300771908238,0.3511451889806777
20180213T230435Z,0.39612312009077727,0.4844653277145269,0.3951935039281755,0.32476878908903456,0.26297964078870256,0.25927027974434247,0.20810432000049753,0.21431712510698453,0.2554493250204358,0.1787993379583783,0.3498010573127748,0.16606114124531618,0.2809497722060328,0.4307920319209517,0.28295018026732727,0.2533944235297812,0.2517785646336686,0.35285547573573456,0.40937517882023927,0.41727033111123535,0.21555473892028948,0.27337719501136754,0.24388319883767046,0.17097440891319207,0.20965622216508195,0.16371882060398404,0.13978105723347534,0.20488948486349148,0.19526207962947076,0.213856650342785,0.18569340693738115,0.22964064968243303
20180213T230638Z,0.34993090892194195,0.38797772454976964,0.35774137071531364,0.3350971631726057,0.2768642520302577,0.23949353427478107,0.23950080847562816,0.20356262636609543,0.2035967726875457,0.146876696632686,0.30653958822906624,0.14632121903212597,0.2388521400530253,0.36685712583502267,0.23469160436267422,0.18472970638136535,0.22006919657362692,0.3086169656066377,0.36230470821830585,0.3361973008579688,0.20924346142486996,0.2541467247006971,0.24429155048076234,0.2016200618183191,0.11624371670174992,0.15268903537898898,0.14535311095778217,0.22675506497153244,0.17749426665956383,0.20533894428708568,0.19922791848143415,0.24055182475398784
20180213T230717Z,0.20027223587235568,0.20272685445178784,0.16281716002986524,0.14357356553800518,0.10987559417853843,0.17437232502136205,0.17686211785088565,0.1358879028054512,0.38980494131049964,0.30284978057404843,0.34648401310197025,0.21590393810899383,0.16235495674443154,0.18383574864168106,0.13217415473774025,0.10869976453097015,0.22141462515152915,0.19200957253235867,0.18146018508514086,0.3391181416290944,0.16783951831555627,0.12910576851339342,0.11266575340615514,0.133662862181231,0.1048193913404388,0.10517561567523649,0.07898841128016204,0.0908032692377642,0.176000261436814,0.15242132572702535,0.19936287927123655,0.09642034923090932
20180213T231030Z,0.35364095866937634,0.33540056290302206,0.2660102920603994,0.22852864763632275,0.22670859219758707,0.1892486956195139,0.18969792570761007,0.14361684634970634,0.21300260335335544,0.1552394093797608,0.31545060020861887,0.1787944148596933,0.20977771016765753,0.3478942029408431,0.22409752262452443,0.23847851002319337,0.20956902635644678,0.2727723311835758,0.3330721762297698,0.2771259652599419,0.1937706029956364,0.24417365438553626,0.20032770144096104,0.1344185123413143,0.16971523635902977,0.16582337204103972,0.14568126174280632,0.15086399890543822,0.16789772398500954,0.1697556928580059,0.16376447051548834,0.2648389497955807
20180213T231258Z,0.3823715268476222,0.40310020651396755,0.32812110639884395,0.2788873205443911,0.2868619296278337,0.2942939511928055,0.19953854179302435,0.1872615038789632,0.5131920042370013,0.46639983915665395,0.35894147700110746,0.28456332441474785,0.2994482994230136,0.3832708189182741,0.243690911674041,0.22512006847339847,0.32248177629832175,0.34886776884400206,0.39294810406242425,0.3123950481081279,0.22869769587489494,0.24509909719340783,0.20794161828428434,0.20487798050124265,0.14208503150424776,0.1578704290588691,0.08581552527474223,0.18228942423451194,0.14754246266643797,0.23286074593301773,0.24028384856456755,0.22727598928928877
20180213T231325Z,0.09231381787573904,0.10323318310089544,0.048370340215231386,0.0555183610908132,0.05137310764902152,0.0726325699039967,0.07505852174364477,0.07904710423793407,0.481428358133492,0.3236276438587902,0.28479164916942684,0.5111199680803548,0.08734021798708524,0.0947715782978511,0.055861670024306566,0.05103072274135066,0.253041024850784,0.15000091021963555,0.11310095115118314,0.22918711222475782,0.07415258337546364,0.056391271938092874,0.04416307216456992,0.055816617902797565,0.03521815304603704,0.050359623683461564,0.05332479540967228,0.05549710932034146,0.08349215352969876,0.06551489259652242,0.071279178572692,0.055396446714733184
20180213T231449Z,0.2872100855661691,0.35760780903903144,0.20275263018169745,0.17431295691836138,0.21511811069661857,0.30659890464965134,0.13683196183483945,0.16268212890913358,0.22176132639369237,0.24165974730936068,0.31899313421984127,0.1739353404038489,0.25851773944103396,0.3153400086626359,0.19529233161137727,0.1391314546591137,0.33268813194821556,0.2604744781664607,0.3582447209694391,0.3596439968722651,0.12660796259698046,0.2633323830374097,0.13651861341636984,0.11687196834570304,0.09913779496721804,0.07788534463344386,0.09290185837222631,0.10583288054133086,0.3834181648905147,0.21137195720411206,0.21754819550176135,0.13888775917865787
20180213T232208Z,0.12167850072560013,0.14294574694123424,0.10224673928897893,0.13001288935618535,0.09152316145378295,0.10953775824142617,0.09171072716964984,0.08128928510335608,0.5318382814028866,0.4279326157592694,0.6779994679111371,0.5126438265969963,0.09332309542694334,0.10675208605059006,0.09196494129336495,0.08608930556364687,0.31061803246777153,0.2614310748774776,0.1597689726738251,0.26794358467113427,0.08482571518463301,0.1075121168001399,0.08730859282291029,0.07790106177255725,0.05561072841979702,0.05020279210178819,0.04162681987175052,0.042712759253159434,0.09683792982511816,0.08855054596178404,0.11244154960986895,0.0933161040039742
20180213T232600Z,0.21659939719273694,0.26407903164286056,0.2642336268002776,0.2168635438922493,0.22042729080611795,0.3309690275824584,0.22733923058186342,0.2570545456334096,0.10622126600337242,0.144106704429594,0.1719338717873321,0.11370425420588266,0.2991167994238843,0.29043473153008875,0.1871378664604866,0.18250217604410016,0.19905001698347707,0.25756845367195513,0.2682396475060522,0.2197217526905022,0.200957906946475,0.27315470625524507,0.23306470226672113,0.19422971584387438,0.16839316481623048,0.12555124710436377,0.1473461336840412,0.1318849730306388,0.22484764185034212,0.30944192112580426,0.21683136309053377,0.22945208029467132
20180213T232834Z,0.3144213598475179,0.42781812149681014,0.20249383386855774,0.15518170042130552,0.2531232885568329,0.3566963401749757,0.13897353154419156,0.15093668655628312,0.5210367301464891,0.512342820630958,0.6888242623668384,0.36947930939117934,0.32198086139756843,0.3671180839814351,0.15064993804339197,0.1815153139024286,0.36280662097882815,0.37294076589392494,0.44294646062925347,0.5610261011395172,0.1643788844752249,0.25858603922077095,0.12151858674055614,0.13547174423093064,0.08574730205784273,0.06715778735027486,0.043816637715247575,0.06349865903837484,0.2221064414086246,0.20669867429999678,0.22970010122536116,0.17820406970511596
20180213T233033Z,0.6184413735604085,0.7787197298742791,0.4221592513492842,0.33675961964694334,0.4153600407529355,0.5678223777501008,0.26079878647225574,0.25406739492051816,0.20588210778506885,0.17604713671479313,0.442042806621948,0.11906270468647169,0.5353228659394664,0.6734586430501294,0.2966686012601362,0.3422278605252518,0.5087333368923407,0.5250596149444634,0.7396787666897969,0.5631985154166687,0.3267897019525734,0.44362827993702636,0.2744862580692268,0.23419729845868273,0.20130687729266414,0.15405187345792512,0.10341989558313944,0.2004870598346443,0.37887002839926803,0.34033754511294045,0.29712688909520923,0.3699890186101383
20180213T233146Z,0.36260429526198434,0.25512510864959476,0.20882716276350594,0.20382201316698273,0.20210204210090713,0.2811388843991071,0.2854547950730425,0.22580478213340865,0.20569095672265328,0.19156664034601215,0.2466293606145441,0.20973554899205565,0.26281248493086495,0.26522839204513354,0.16427943126792013,0.150887052308567,0.3798792854496729,0.28030958141813656,0.2661294798407525,0.2383182653851138,0.29228987006075696,0.19778879386463638,0.15269441823959815,0.2089792022787285,0.1260090741299882,0.16149593320675046,0.12515911032805668,0.16735552202105933,0.14276605865753872,0.13625349266151837,0.32720675062133325,0.1790403220234783
20180213T233344Z,0.25697347478354987,0.30230082043412604,0.23345274587812168,0.23641764362193782,0.19988028540914718,0.17911406251952944,0.1682691799793305,0.12857141107595443,0.1387063310185555,0.13011697704835257,0.23727872873491332,0.12669705228471065,0.17788379084547146,0.27414011302552116,0.15305598569501117,0.15607613654598354,0.16141811989198393,0.23478569308178204,0.26418681911581093,0.24953128452605652,0.13548119843309087,0.24979232512742222,0.15123201780989648,0.12761176168058586,0.08286790960641789,0.10278987685301016,0.0905302132940868,0.15816985838598493,0.2875994540175779,0.14225569839256388,0.14305808101643708,0.17851781654272822
20180213T233545Z,0.41179347035368524,0.32941416759968084,0.5500130877052606,0.5287120016104698,0.514497932292336,0.47754505155264737,0.3728668553428744,0.35060820740404675,0.08332714476580054,0.08595012372725322,0.09610702482039056,0.05148140567954069,0.2909483731089817,0.4294786307891125,0.4126365155175936,0.42019199852634104,0.27841968232168574,0.2988358513304773,0.31860906224917945,0.2175461669359716,0.4563861806274813,0.3828795268431689,0.38128524900616856,0.2886000851694922,0.28623567640925524,0.3028680489211724,0.23467096497661694,0.34659025074597344,0.2558759731739944,0.35988376509453474,0.3257857809390597,0.3076170348384603
20180213T233834Z,0.3945286493643803,0.46908784522970803,0.425734284554802,0.3746694137679075,0.28486394599407594,0.28637295431712706,0.27595425003262897,0.2051902306489462,0.24964992785364654,0.23709488829247755,0.3564985280922455,0.20124890463211173,0.28042456698381196,0.4470786937022658,0.25668462858666047,0.20519723638967238,0.26333437836482376,0.37950747499035126,0.43518641090950094,0.4019738593723172,0.22630167572881688,0.28724688208610016,0.2598933561280956,0.19289554399271602,0.12116133234616362,0.1845747886452039,0.14214621453750526,0.2277372690527216,0.22869641698764512,0.2251544963068392,0.2019380829255937,0.2385337429576028
20180213T234237Z,0.40444571008377866,0.2225962111380187,0.2024691795309963,0.2654171196523473,0.21864028421614623,0.3246762349902758,0.35843631770934653,0.27840863445545816,0.17113431811952212,0.15601031796731654,0.14212359992970688,0.11752689497352777,0.3044583585177902,0.263075537942436,0.29922102166467895,0.24162907629337443,0.3543824554737045,0.3045090715807169,0.25458205808011003,0.17279502121942195,0.349542359684715,0.23126476908361193,0.19967341326155322,0.2843287018367785,0.16410963167894277,0.22169987370294547,0.14723924564248322,0.1680919156806023,0.3390173278220316,0.32208143529742084,0.3947202338898706,0.18498994289487963
20180213T234440Z,0.1567670332033409,0.16828361086789898,0.11727307189204453,0.1069727751333944,0.08892530309343717,0.12439790276948563,0.12273353511035547,0.1002286336159888,0.49898785435304155,0.4221954503408331,0.4259827342569999,0.21411053845010045,0.12025745189136254,0.14390988213187764,0.10049304414402886,0.07983870225617871,0.43417884128090556,0.1253457141236772,0.23439900866325084,0.23534368952366164,0.13597720407128047,0.09137270080706222,0.0777718788687851,0.09599762928973941,0.05899656111488839,0.1059933781642304,0.05653184748629284,0.08067468199476094,0.1335330619272385,0.09143307523406237,0.14949283514521955,0.08363259887521893
20180213T234653Z,0.41542170756688823,0.40335802820084726,0.4267923733174153,0.4023504076814915,0.3796397424180184,0.5481623455285531,0.23106404979069528,0.23821457621444792,0.18892137036964704,0.1804213443712223,0.24392315019618058,0.14246805144416902,0.3469818902481789,0.5375917107082397,0.28785838977386724,0.40477192723573774,0.44561048242374196,0.45687088501156875,0.3733729870554102,0.3453166228065017,0.2248213529228137,0.3639387679693633,0.2518559055221022,0.2268034415028812,0.22434703302551431,0.33097992589865693,0.2613155540956714,0.3014046544424473,0.3904080409982258,0.31778576622298427,0.3861738818733308,0.254716396552032
20180213T235333Z,0.4658719502524188,0.5312547919209477,0.42724159191368166,0.4064907160028818,0.14906397137690397,0.32017431896533477,0.30863599598189384,0.2150257648588404,0.25498682710637044,0.26907746730498344,0.3932714032737432,0.23313705388062078,0.3085403446880219,0.49136615953823864,0.30833185556130316,0.26525415563996213,0.2893549821956253,0.40397042557164137,0.4820361659955577,0.4601449609730692,0.24493302642847153,0.2895266578227502,0.28083998162035617,0.23887850299135355,0.2036065756315111,0.16457837516451182,0.15842462618147818,0.25331963029420995,0.24339737913905293,0.23376044235381221,0.27298251112146454,0.33644114156200433
20180213T235837Z,0.35814550535100426,0.4170172380661595,0.3405513652162416,0.32479519304468496,0.1806925676281658,0.26358188314768016,0.20756385056566085,0.17632729381350906,0.2055308745126542,0.1913737880944266,0.32385559285397353,0.18169275118584996,0.2479526829037403,0.38877721520404995,0.16969301400041364,0.12312479481143823,0.2841661377165805,0.3298535646061966,0.3770749679910201,0.34471872988480334,0.2081657121522554,0.2583924005285898,0.2115092269828879,0.16850547546651506,0.17078379792919485,0.13426656273066712,0.12682220340288214,0.20159145972141834,0.21347371046803834,0.18416582932611458,0.24745911212511157,0.234838397595726
